cp,colonia,tipo,municipio,estado,ciudad,ZONA,,,,,,,,,,,,,,,,,,,Caliente
44100,Guadalajara Centro,Colonia,Guadalajara,Jalisco,Guadalajara,Tibio,,,,,,,,,,,,,,,,,,,Tibio
44110,Vallarta Poniente,Fraccionamiento,Guadalajara,Jalisco,Guadalajara,Caliente,,,,,,,,,,,,,,,,,,,Frio
44130,Arcos Vallarta,Colonia,Guadalajara,Jalisco,Guadalajara,Caliente,,,,,,,,,,,,,,,,,,,
44130,Arcos,Fraccionamiento,Guadalajara,Jalisco,Guadalajara,Caliente,,,,,,,,,,,,,,,,,,,
44140,Obrera Centro,Colonia,Guadalajara,Jalisco,Guadalajara,Frio,,,,,,,,,,,,,,,,,,,
44150,Barrera,Colonia,Guadalajara,Jalisco,Guadalajara,Tibio,,,,,,,,,,,,,,,,,,,
44150,Lafayette,Colonia,Guadalajara,Jalisco,Guadalajara,Tibio,,,,,,,,,,,,,,,,,,,
44158,Deitz,Colonia,Guadalajara,Jalisco,Guadalajara,Tibio,,,,,,,,,,,,,,,,,,,
44160,Americana,Colonia,Guadalajara,Jalisco,Guadalajara,Caliente,,,,,,,,,,,,,,,,,,,
44170,San Antonio,Barrio,Guadalajara,Jalisco,Guadalajara,Tibio,,,,,,,,,,,,,,,,,,,
44180,Mexicaltzingo,Barrio,Guadalajara,Jalisco,Guadalajara,Tibio,,,,,,,,,,,,,,,,,,,
44190,Moderna,Colonia,Guadalajara,Jalisco,Guadalajara,Tibio,,,,,,,,,,,,,,,,,,,
44200,Artesanos,Colonia,Guadalajara,Jalisco,Guadalajara,Tibio,,,,,,,,,,,,,,,,,,,
44200,El Santuario,Barrio,Guadalajara,Jalisco,Guadalajara,Tibio,,,,,,,,,,,,,,,,,,,
44200,Capilla de Jesús,Barrio,Guadalajara,Jalisco,Guadalajara,Tibio,,,,,,,,,,,,,,,,,,,
44200,Sagrada Familia,Barrio,Guadalajara,Jalisco,Guadalajara,Tibio,,,,,,,,,,,,,,,,,,,
44210,Jardines del Country,Fraccionamiento,Guadalajara,Jalisco,Guadalajara,Caliente,,,,,,,,,,,,,,,,,,,
44210,Jardines del Country 2a. Sección,Fraccionamiento,Guadalajara,Jalisco,Guadalajara,Caliente,,,,,,,,,,,,,,,,,,,
44214,Universidad,Unidad habitacional,Guadalajara,Jalisco,Guadalajara,Tibio,,,,,,,,,,,,,,,,,,,
44215,Parían,Condominio,Guadalajara,Jalisco,Guadalajara,Caliente,,,,,,,,,,,,,,,,,,,
44216,Del Trabajo CTM,Unidad habitacional,Guadalajara,Jalisco,Guadalajara,Frio,,,,,,,,,,,,,,,,,,,
44216,Fidel Velázquez,Unidad habitacional,Guadalajara,Jalisco,Guadalajara,Frio,,,,,,,,,,,,,,,,,,,
44217,Residencial Vallarta Country,Conjunto habitacional,Guadalajara,Jalisco,Guadalajara,Caliente,,,,,,,,,,,,,,,,,,,
44218,Fabrica de Atemajac,Fraccionamiento,Guadalajara,Jalisco,Guadalajara,Tibio,,,,,,,,,,,,,,,,,,,
44219,Casa Hogar CTM,Unidad habitacional,Guadalajara,Jalisco,Guadalajara,Frio,,,,,,,,,,,,,,,,,,,
44220,Circunvalación Metro Carballo,Colonia,Guadalajara,Jalisco,Guadalajara,Tibio,,,,,,,,,,,,,,,,,,,
44220,Guadalupana Sur,Colonia,Guadalajara,Jalisco,Guadalajara,Tibio,,,,,,,,,,,,,,,,,,,
44220,Santa Elena Alcalde Oriente,Fraccionamiento,Guadalajara,Jalisco,Guadalajara,Tibio,,,,,,,,,,,,,,,,,,,
44220,Santa Mónica,Fraccionamiento,Guadalajara,Jalisco,Guadalajara,Tibio,,,,,,,,,,,,,,,,,,,
44220,Santa Elena Alcalde Poniente,Colonia,Guadalajara,Jalisco,Guadalajara,Tibio,,,,,,,,,,,,,,,,,,,
44220,Guadalupana Norte,Colonia,Guadalajara,Jalisco,Guadalajara,Tibio,,,,,,,,,,,,,,,,,,,
44220,Simón Bolívar,Unidad habitacional,Guadalajara,Jalisco,Guadalajara,Frio,,,,,,,,,,,,,,,,,,,
44227,Jardines de Atemajac,Colonia,Guadalajara,Jalisco,Guadalajara,Tibio,,,,,,,,,,,,,,,,,,,
44230,Autocinema,Fraccionamiento,Guadalajara,Jalisco,Guadalajara,Tibio,,,,,,,,,,,,,,,,,,,
44230,Santa Elena de La Cruz,Fraccionamiento,Guadalajara,Jalisco,Guadalajara,Tibio,,,,,,,,,,,,,,,,,,,
44230,Santa Elena Estadio,Fraccionamiento,Guadalajara,Jalisco,Guadalajara,Tibio,,,,,,,,,,,,,,,,,,,
44230,División del Norte,Colonia,Guadalajara,Jalisco,Guadalajara,Tibio,,,,,,,,,,,,,,,,,,,
44240,Independencia INFONAVIT,Conjunto habitacional,Guadalajara,Jalisco,Guadalajara,Frio,,,,,,,,,,,,,,,,,,,
44240,Estadio,Unidad habitacional,Guadalajara,Jalisco,Guadalajara,Tibio,,,,,,,,,,,,,,,,,,,
44240,Lomas de Independencia,Unidad habitacional,Guadalajara,Jalisco,Guadalajara,Tibio,,,,,,,,,,,,,,,,,,,
44240,Rancho Nuevo,Colonia,Guadalajara,Jalisco,Guadalajara,Tibio,,,,,,,,,,,,,,,,,,,
44240,Residencial San Elias,Fraccionamiento,Guadalajara,Jalisco,Guadalajara,Tibio,,,,,,,,,,,,,,,,,,,
44240,Ricardo Flores Magón,Unidad habitacional,Guadalajara,Jalisco,Guadalajara,Frio,,,,,,,,,,,,,,,,,,,
44240,Nuevo Sur,Colonia,Guadalajara,Jalisco,Guadalajara,Tibio,,,,,,,,,,,,,,,,,,,
44240,Villas Del Estadio,Colonia,Guadalajara,Jalisco,Guadalajara,Tibio,,,,,,,,,,,,,,,,,,,
44240,Colomos Independencia,Fraccionamiento,Guadalajara,Jalisco,Guadalajara,Caliente,,,,,,,,,,,,,,,,,,,
44240,FOVISSSTE Independencia,Unidad habitacional,Guadalajara,Jalisco,Guadalajara,Frio,,,,,,,,,,,,,,,,,,,
44240,Paseos Independencia,Fraccionamiento,Guadalajara,Jalisco,Guadalajara,Tibio,,,,,,,,,,,,,,,,,,,
44246,Estadio Poniente,Colonia,Guadalajara,Jalisco,Guadalajara,Tibio,,,,,,,,,,,,,,,,,,,
44247,Rancho Nuevo INFONAVIT,Unidad habitacional,Guadalajara,Jalisco,Guadalajara,Frio,,,,,,,,,,,,,,,,,,,
44249,El Jaguey,Colonia,Guadalajara,Jalisco,Guadalajara,Tibio,,,,,,,,,,,,,,,,,,,
44250,Huentitán El Bajo,Colonia,Guadalajara,Jalisco,Guadalajara,Frio,,,,,,,,,,,,,,,,,,,
44250,Lomas del Paraíso 1a. Sección,Colonia,Guadalajara,Jalisco,Guadalajara,Tibio,,,,,,,,,,,,,,,,,,,
44250,Lomas del Paraíso 3a. Sección,Colonia,Guadalajara,Jalisco,Guadalajara,Tibio,,,,,,,,,,,,,,,,,,,
44250,Lomas del Paraíso 4a. Sección,Colonia,Guadalajara,Jalisco,Guadalajara,Tibio,,,,,,,,,,,,,,,,,,,
44250,Balcones de Huentitán,Colonia,Guadalajara,Jalisco,Guadalajara,Tibio,,,,,,,,,,,,,,,,,,,
44250,Praderas del Paraíso (Rinconadas del Paraíso),Fraccionamiento,Guadalajara,Jalisco,Guadalajara,Tibio,,,,,,,,,,,,,,,,,,,
44250,Lomas del Paraíso 2a. Sección,Colonia,Guadalajara,Jalisco,Guadalajara,Tibio,,,,,,,,,,,,,,,,,,,
44250,Lomas del Paraíso 5a. Sección,Colonia,Guadalajara,Jalisco,Guadalajara,Tibio,,,,,,,,,,,,,,,,,,,
44257,INFONAVIT Planetario,Unidad habitacional,Guadalajara,Jalisco,Guadalajara,Frio,,,,,,,,,,,,,,,,,,,
44257,San Antonio,Fraccionamiento,Guadalajara,Jalisco,Guadalajara,Tibio,,,,,,,,,,,,,,,,,,,
44259,Panorámica Huentitán,Colonia,Guadalajara,Jalisco,Guadalajara,Tibio,,,,,,,,,,,,,,,,,,,
44259,Zoológico,Unidad habitacional,Guadalajara,Jalisco,Guadalajara,Tibio,,,,,,,,,,,,,,,,,,,
44260,La Normal,Barrio,Guadalajara,Jalisco,Guadalajara,Tibio,,,,,,,,,,,,,,,,,,,
44260,Mezquitan Country,Colonia,Guadalajara,Jalisco,Guadalajara,Tibio,,,,,,,,,,,,,,,,,,,
44260,Miguel Galindo,Unidad habitacional,Guadalajara,Jalisco,Guadalajara,Frio,,,,,,,,,,,,,,,,,,,
44260,Niños Héroes,Colonia,Guadalajara,Jalisco,Guadalajara,Tibio,,,,,,,,,,,,,,,,,,,
44260,San Bernardo,Barrio,Guadalajara,Jalisco,Guadalajara,Tibio,,,,,,,,,,,,,,,,,,,
44260,San Miguel de Mezquitan,Barrio,Guadalajara,Jalisco,Guadalajara,Tibio,,,,,,,,,,,,,,,,,,,
44260,Barrio Mezquitan,Colonia,Guadalajara,Jalisco,Guadalajara,Tibio,,,,,,,,,,,,,,,,,,,
44260,Mezquitan,Colonia,Guadalajara,Jalisco,Guadalajara,Tibio,,,,,,,,,,,,,,,,,,,
44265,Ramón Corona,Unidad habitacional,Guadalajara,Jalisco,Guadalajara,Frio,,,,,,,,,,,,,,,,,,,
44266,Observatorio,Colonia,Guadalajara,Jalisco,Guadalajara,Tibio,,,,,,,,,,,,,,,,,,,
44267,Eugenia,Condominio,Guadalajara,Jalisco,Guadalajara,Tibio,,,,,,,,,,,,,,,,,,,
44270,Alcalde Barranquitas,Colonia,Guadalajara,Jalisco,Guadalajara,Frio,,,,,,,,,,,,,,,,,,,
44270,Colinas de La Normal,Colonia,Guadalajara,Jalisco,Guadalajara,Tibio,,,,,,,,,,,,,,,,,,,
44270,Miraflores,Colonia,Guadalajara,Jalisco,Guadalajara,Tibio,,,,,,,,,,,,,,,,,,,
44280,El Retiro,Barrio,Guadalajara,Jalisco,Guadalajara,Tibio,,,,,,,,,,,,,,,,,,,
44290,Independencia Poniente,Fraccionamiento,Guadalajara,Jalisco,Guadalajara,Tibio,,,,,,,,,,,,,,,,,,,
44290,Independencia,Colonia,Guadalajara,Jalisco,Guadalajara,Tibio,,,,,,,,,,,,,,,,,,,
44298,Jardines Alcalde,Fraccionamiento,Guadalajara,Jalisco,Guadalajara,Tibio,,,,,,,,,,,,,,,,,,,
44299,Villas de San Juan,Unidad habitacional,Guadalajara,Jalisco,Guadalajara,Tibio,,,,,,,,,,,,,,,,,,,
44300,Esperanza,Colonia,Guadalajara,Jalisco,Guadalajara,Frio,,,,,,,,,,,,,,,,,,,
44300,Jardines de Santa Isabel,Fraccionamiento,Guadalajara,Jalisco,Guadalajara,Tibio,,,,,,,,,,,,,,,,,,,
44300,La Federacha,Colonia,Guadalajara,Jalisco,Guadalajara,Frio,,,,,,,,,,,,,,,,,,,
44300,La Joya,Colonia,Guadalajara,Jalisco,Guadalajara,Frio,,,,,,,,,,,,,,,,,,,
44300,Margarita Maza de Juárez,Colonia,Guadalajara,Jalisco,Guadalajara,Frio,,,,,,,,,,,,,,,,,,,
44300,San Miguel de Huentitán El Alto 1a Secc,Colonia,Guadalajara,Jalisco,Guadalajara,Frio,,,,,,,,,,,,,,,,,,,
44300,Colonia No. 9,Unidad habitacional,Guadalajara,Jalisco,Guadalajara,Frio,,,,,,,,,,,,,,,,,,,
44300,Batallón de San Patricio,Fraccionamiento,Guadalajara,Jalisco,Guadalajara,Frio,,,,,,,,,,,,,,,,,,,
44306,La Cantera,Colonia,Guadalajara,Jalisco,Guadalajara,Frio,,,,,,,,,,,,,,,,,,,
44306,Bosques de La Cantera,Colonia,Guadalajara,Jalisco,Guadalajara,Frio,,,,,,,,,,,,,,,,,,,
44306,Villas de la Cantera,Colonia,Guadalajara,Jalisco,Guadalajara,Frio,,,,,,,,,,,,,,,,,,,
44307,Estadio,Unidad habitacional,Guadalajara,Jalisco,Guadalajara,Tibio,,,,,,,,,,,,,,,,,,,
44320,Belisario Domínguez,Colonia,Guadalajara,Jalisco,Guadalajara,Frio,,,,,,,,,,,,,,,,,,,
44320,Monumental,Colonia,Guadalajara,Jalisco,Guadalajara,Frio,,,,,,,,,,,,,,,,,,,
44329,Belisario Domínguez,Unidad habitacional,Guadalajara,Jalisco,Guadalajara,Frio,,,,,,,,,,,,,,,,,,,
44330,Circunvalación Belisario,Colonia,Guadalajara,Jalisco,Guadalajara,Frio,,,,,,,,,,,,,,,,,,,
44330,San Marcos Oriente,Colonia,Guadalajara,Jalisco,Guadalajara,Frio,,,,,,,,,,,,,,,,,,,
44330,San Vicente,Colonia,Guadalajara,Jalisco,Guadalajara,Frio,,,,,,,,,,,,,,,,,,,
44330,Vicente Guerrero,Colonia,Guadalajara,Jalisco,Guadalajara,Frio,,,,,,,,,,,,,,,,,,,
44330,San Marcos Poniente,Colonia,Guadalajara,Jalisco,Guadalajara,Frio,,,,,,,,,,,,,,,,,,,
44340,Independencia Oriente,Fraccionamiento,Guadalajara,Jalisco,Guadalajara,Tibio,,,,,,,,,,,,,,,,,,,
44349,Centro Médico Nacional de Occidente IMSS,Equipamiento,Guadalajara,Jalisco,Guadalajara,Tibio,,,,,,,,,,,,,,,,,,,
44350,Postes Cuates (Federalismo),Colonia,Guadalajara,Jalisco,Guadalajara,Frio,,,,,,,,,,,,,,,,,,,
44350,Santa María,Colonia,Guadalajara,Jalisco,Guadalajara,Frio,,,,,,,,,,,,,,,,,,,
44350,Lomas Independencia,Colonia,Guadalajara,Jalisco,Guadalajara,Tibio,,,,,,,,,,,,,,,,,,,
44350,Santa María Oriente,Colonia,Guadalajara,Jalisco,Guadalajara,Frio,,,,,,,,,,,,,,,,,,,
44360,La Perla,Colonia,Guadalajara,Jalisco,Guadalajara,Frio,,,,,,,,,,,,,,,,,,,
44360,San Juan de Dios,Barrio,Guadalajara,Jalisco,Guadalajara,Frio,,,,,,,,,,,,,,,,,,,
44360,La Natividad,Colonia,Guadalajara,Jalisco,Guadalajara,Frio,,,,,,,,,,,,,,,,,,,
44360,Sagrado Corazón,Barrio,Guadalajara,Jalisco,Guadalajara,Frio,,,,,,,,,,,,,,,,,,,
44370,El Mirador,Colonia,Guadalajara,Jalisco,Guadalajara,Tibio,,,,,,,,,,,,,,,,,,,
44370,San Ramón,Barrio,Guadalajara,Jalisco,Guadalajara,Frio,,,,,,,,,,,,,,,,,,,
44380,San Felipe,Barrio,Guadalajara,Jalisco,Guadalajara,Frio,,,,,,,,,,,,,,,,,,,
44390,Huentitán El Alto,Colonia,Guadalajara,Jalisco,Guadalajara,Frio,,,,,,,,,,,,,,,,,,,
44390,San Miguel de Huentitán El Alto 3a Secc,Colonia,Guadalajara,Jalisco,Guadalajara,Frio,,,,,,,,,,,,,,,,,,,
44390,La Joyita,Colonia,Guadalajara,Jalisco,Guadalajara,Frio,,,,,,,,,,,,,,,,,,,
44390,Real de Huentitán,Conjunto habitacional,Guadalajara,Jalisco,Guadalajara,Tibio,,,,,,,,,,,,,,,,,,,
44390,Balcones de La Joya,Fraccionamiento,Guadalajara,Jalisco,Guadalajara,Tibio,,,,,,,,,,,,,,,,,,,
44390,Rinconada de Huentitán,Fraccionamiento,Guadalajara,Jalisco,Guadalajara,Tibio,,,,,,,,,,,,,,,,,,,
44395,INFONAVIT El Verde,Unidad habitacional,Guadalajara,Jalisco,Guadalajara,Frio,,,,,,,,,,,,,,,,,,,
44398,Colinas de Huentitán,Colonia,Guadalajara,Jalisco,Guadalajara,Tibio,,,,,,,,,,,,,,,,,,,
44399,Dr. Atl,Colonia,Guadalajara,Jalisco,Guadalajara,Frio,,,,,,,,,,,,,,,,,,,
44399,Altavista de Guadalajara,Colonia,Guadalajara,Jalisco,Guadalajara,Tibio,,,,,,,,,,,,,,,,,,,
44399,Villas de La Barranca,Colonia,Guadalajara,Jalisco,Guadalajara,Tibio,,,,,,,,,,,,,,,,,,,
44400,Gral. Real,Colonia,Guadalajara,Jalisco,Guadalajara,Frio,,,,,,,,,,,,,,,,,,,
44400,Revolución,Colonia,Guadalajara,Jalisco,Guadalajara,Frio,,,,,,,,,,,,,,,,,,,
44400,La Divina Providencia,Barrio,Guadalajara,Jalisco,Guadalajara,Frio,,,,,,,,,,,,,,,,,,,
44400,Real,Colonia,Guadalajara,Jalisco,Guadalajara,Frio,,,,,,,,,,,,,,,,,,,
44410,La Loma,Colonia,Guadalajara,Jalisco,Guadalajara,Frio,,,,,,,,,,,,,,,,,,,
44410,Medrano,Colonia,Guadalajara,Jalisco,Guadalajara,Frio,,,,,,,,,,,,,,,,,,,
44419,Hernández Romo,Colonia,Guadalajara,Jalisco,Guadalajara,Frio,,,,,,,,,,,,,,,,,,,
44420,Obrera,Colonia,Guadalajara,Jalisco,Guadalajara,Frio,,,,,,,,,,,,,,,,,,,
44420,Unidad Modelo,Colonia,Guadalajara,Jalisco,Guadalajara,Frio,,,,,,,,,,,,,,,,,,,
44420,Valentín Gómez Farías,Unidad habitacional,Guadalajara,Jalisco,Guadalajara,Frio,,,,,,,,,,,,,,,,,,,
44430,González Gallo,Colonia,Guadalajara,Jalisco,Guadalajara,Frio,,,,,,,,,,,,,,,,,,,
44430,Olímpica,Colonia,Guadalajara,Jalisco,Guadalajara,Frio,,,,,,,,,,,,,,,,,,,
44430,El Periodista,Colonia,Guadalajara,Jalisco,Guadalajara,Frio,,,,,,,,,,,,,,,,,,,
44430,Quinta Velarde,Colonia,Guadalajara,Jalisco,Guadalajara,Frio,,,,,,,,,,,,,,,,,,,
44440,El Dean,Colonia,Guadalajara,Jalisco,Guadalajara,Frio,,,,,,,,,,,,,,,,,,,
44440,Ferrocarril,Colonia,Guadalajara,Jalisco,Guadalajara,Frio,,,,,,,,,,,,,,,,,,,
44440,Valle del Álamo,Fraccionamiento,Guadalajara,Jalisco,Guadalajara,Tibio,,,,,,,,,,,,,,,,,,,
44450,Analco,Barrio,Guadalajara,Jalisco,Guadalajara,Frio,,,,,,,,,,,,,,,,,,,
44460,La Aurora,Colonia,Guadalajara,Jalisco,Guadalajara,Frio,,,,,,,,,,,,,,,,,,,
44460,Las Conchas,Barrio,Guadalajara,Jalisco,Guadalajara,Frio,,,,,,,,,,,,,,,,,,,
44460,San Carlos,Barrio,Guadalajara,Jalisco,Guadalajara,Frio,,,,,,,,,,,,,,,,,,,
44467,Rincón de Agua Azul,Colonia,Guadalajara,Jalisco,Guadalajara,Frio,,,,,,,,,,,,,,,,,,,
44469,Barragán y Hernández,Colonia,Guadalajara,Jalisco,Guadalajara,Frio,,,,,,,,,,,,,,,,,,,
44470,Higuerillas 1a Secc,Colonia,Guadalajara,Jalisco,Guadalajara,Frio,,,,,,,,,,,,,,,,,,,
44470,Higuerillas 2a Secc,Colonia,Guadalajara,Jalisco,Guadalajara,Frio,,,,,,,,,,,,,,,,,,,
44470,La Nogalera,Colonia,Guadalajara,Jalisco,Guadalajara,Frio,,,,,,,,,,,,,,,,,,,
44470,El Manantial,Fraccionamiento,Guadalajara,Jalisco,Guadalajara,Tibio,,,,,,,,,,,,,,,,,,,
44490,Lázaro Cárdenas,Unidad habitacional,Guadalajara,Jalisco,Guadalajara,Frio,,,,,,,,,,,,,,,,,,,
44490,Parque Industrial El Álamo,Zona industrial,Guadalajara,Jalisco,Guadalajara,Frio,,,,,,,,,,,,,,,,,,,
44493,Las Juntas,Colonia,Guadalajara,Jalisco,Guadalajara,Frio,,,,,,,,,,,,,,,,,,,
44500,Arcos Sur,Colonia,Guadalajara,Jalisco,Guadalajara,Caliente,,,,,,,,,,,,,,,,,,,
44500,Vallarta Sur,Colonia,Guadalajara,Jalisco,Guadalajara,Caliente,,,,,,,,,,,,,,,,,,,
44500,Jardines de los Arcos,Colonia,Guadalajara,Jalisco,Guadalajara,Caliente,,,,,,,,,,,,,,,,,,,
44500,Chapalita,Colonia,Guadalajara,Jalisco,Guadalajara,Caliente,,,,,,,,,,,,,,,,,,,
44500,Residencial Chapalita,Fraccionamiento,Guadalajara,Jalisco,Guadalajara,Caliente,,,,,,,,,,,,,,,,,,,
44500,Campo de Polo Chapalita,Fraccionamiento,Guadalajara,Jalisco,Guadalajara,Caliente,,,,,,,,,,,,,,,,,,,
44509,Vallarta Cuauhtémoc,Colonia,Guadalajara,Jalisco,Guadalajara,Caliente,,,,,,,,,,,,,,,,,,,
44510,Jardines de Plaza Del Sol,Fraccionamiento,Guadalajara,Jalisco,Guadalajara,Caliente,,,,,,,,,,,,,,,,,,,
44510,Juan Diego,Fraccionamiento,Guadalajara,Jalisco,Guadalajara,Caliente,,,,,,,,,,,,,,,,,,,
44520,Jardines del Bosque Centro,Fraccionamiento,Guadalajara,Jalisco,Guadalajara,Caliente,,,,,,,,,,,,,,,,,,,
44520,Jardines del Bosque Norte,Colonia,Guadalajara,Jalisco,Guadalajara,Caliente,,,,,,,,,,,,,,,,,,,
44530,Comercial Abastos,Zona comercial,Guadalajara,Jalisco,Guadalajara,Tibio,,,,,,,,,,,,,,,,,,,
44530,Margal,Unidad habitacional,Guadalajara,Jalisco,Guadalajara,Tibio,,,,,,,,,,,,,,,,,,,
44530,Mercado de Abastos,Zona comercial,Guadalajara,Jalisco,Guadalajara,Tibio,,,,,,,,,,,,,,,,,,,
44530,Rinconada del Bosque,Fraccionamiento,Guadalajara,Jalisco,Guadalajara,Caliente,,,,,,,,,,,,,,,,,,,
44535,Villa La Victoria,Colonia,Guadalajara,Jalisco,Guadalajara,Tibio,,,,,,,,,,,,,,,,,,,
44538,Rinconada de La Victoria,Fraccionamiento,Guadalajara,Jalisco,Guadalajara,Tibio,,,,,,,,,,,,,,,,,,,
44540,Perla Real,Fraccionamiento,Guadalajara,Jalisco,Guadalajara,Tibio,,,,,,,,,,,,,,,,,,,
44540,Bosques de La Victoria,Fraccionamiento,Guadalajara,Jalisco,Guadalajara,Tibio,,,,,,,,,,,,,,,,,,,
44540,Bosques Del Valle,Fraccionamiento,Guadalajara,Jalisco,Guadalajara,Caliente,,,,,,,,,,,,,,,,,,,
44540,Jardines del Valle,Fraccionamiento,Guadalajara,Jalisco,Guadalajara,Caliente,,,,,,,,,,,,,,,,,,,
44549,Rinconada de La Arboleda,Colonia,Guadalajara,Jalisco,Guadalajara,Tibio,,,,,,,,,,,,,,,,,,,
44550,Verde Valle,Fraccionamiento,Guadalajara,Jalisco,Guadalajara,Caliente,,,,,,,,,,,,,,,,,,,
44559,Turquesa,Colonia,Guadalajara,Jalisco,Guadalajara,Caliente,,,,,,,,,,,,,,,,,,,
44560,Residencial Victoria,Fraccionamiento,Guadalajara,Jalisco,Guadalajara,Caliente,,,,,,,,,,,,,,,,,,,
44580,Santa Eduwiges,Fraccionamiento,Guadalajara,Jalisco,Guadalajara,Caliente,,,,,,,,,,,,,,,,,,,
44600,Ladrón de Guevara,Fraccionamiento,Guadalajara,Jalisco,Guadalajara,Caliente,,,,,,,,,,,,,,,,,,,
44600,Santa Teresita,Barrio,Guadalajara,Jalisco,Guadalajara,Caliente,,,,,,,,,,,,,,,,,,,
44600,Villaseñor,Colonia,Guadalajara,Jalisco,Guadalajara,Caliente,,,,,,,,,,,,,,,,,,,
44610,Lomas Del Country,Fraccionamiento,Guadalajara,Jalisco,Guadalajara,Caliente,,,,,,,,,,,,,,,,,,,
44610,Country Club,Fraccionamiento,Guadalajara,Jalisco,Guadalajara,Caliente,,,,,,,,,,,,,,,,,,,
44619,Villas Del Country,Colonia,Guadalajara,Jalisco,Guadalajara,Caliente,,,,,,,,,,,,,,,,,,,
44620,Ayuntamiento,Colonia,Guadalajara,Jalisco,Guadalajara,Caliente,,,,,,,,,,,,,,,,,,,
44620,Chapultepec Country,Fraccionamiento,Guadalajara,Jalisco,Guadalajara,Caliente,,,,,,,,,,,,,,,,,,,
44630,Circunvalación Américas,Colonia,Guadalajara,Jalisco,Guadalajara,Caliente,,,,,,,,,,,,,,,,,,,
44630,Providencia,Fraccionamiento,Guadalajara,Jalisco,Guadalajara,Caliente,,,,,,,,,,,,,,,,,,,
44635,Rubio y Corona,Colonia,Guadalajara,Jalisco,Guadalajara,Caliente,,,,,,,,,,,,,,,,,,,
44647,Lomas de Providencia,Fraccionamiento,Guadalajara,Jalisco,Guadalajara,Caliente,,,,,,,,,,,,,,,,,,,
44648,Italia Providencia,Fraccionamiento,Guadalajara,Jalisco,Guadalajara,Caliente,,,,,,,,,,,,,,,,,,,
44650,Las Américas,Colonia,Guadalajara,Jalisco,Guadalajara,Caliente,,,,,,,,,,,,,,,,,,,
44650,Rojas Ladrón de Guevara,Fraccionamiento,Guadalajara,Jalisco,Guadalajara,Caliente,,,,,,,,,,,,,,,,,,,
44656,Jesús Garcia,Colonia,Guadalajara,Jalisco,Guadalajara,Caliente,,,,,,,,,,,,,,,,,,,
44657,Lomas de Guevara,Colonia,Guadalajara,Jalisco,Guadalajara,Caliente,,,,,,,,,,,,,,,,,,,
44658,Italia,Colonia,Guadalajara,Jalisco,Guadalajara,Caliente,,,,,,,,,,,,,,,,,,,
44658,Providencia Sur,Colonia,Guadalajara,Jalisco,Guadalajara,Caliente,,,,,,,,,,,,,,,,,,,
44660,Aldrete,Colonia,Guadalajara,Jalisco,Guadalajara,Caliente,,,,,,,,,,,,,,,,,,,
44660,Colinas de San Javier,Fraccionamiento,Guadalajara,Jalisco,Guadalajara,Caliente,,,,,,,,,,,,,,,,,,,
44660,Los Colomos,Fraccionamiento,Guadalajara,Jalisco,Guadalajara,Caliente,,,,,,,,,,,,,,,,,,,
44660,Villa de los Colomos,Colonia,Guadalajara,Jalisco,Guadalajara,Caliente,,,,,,,,,,,,,,,,,,,
44660,Colomos Providencia,Fraccionamiento,Guadalajara,Jalisco,Guadalajara,Caliente,,,,,,,,,,,,,,,,,,,
44665,Rinconada del Arroyo,Colonia,Guadalajara,Jalisco,Guadalajara,Caliente,,,,,,,,,,,,,,,,,,,
44667,Agraria,Colonia,Guadalajara,Jalisco,Guadalajara,Caliente,,,,,,,,,,,,,,,,,,,
44668,Vista Del Country,Condominio,Guadalajara,Jalisco,Guadalajara,Caliente,,,,,,,,,,,,,,,,,,,
44670,Eulogio Parra,Fraccionamiento,Guadalajara,Jalisco,Guadalajara,Caliente,,,,,,,,,,,,,,,,,,,
44670,Monraz,Fraccionamiento,Guadalajara,Jalisco,Guadalajara,Caliente,,,,,,,,,,,,,,,,,,,
44670,Prados de Providencia,Fraccionamiento,Guadalajara,Jalisco,Guadalajara,Caliente,,,,,,,,,,,,,,,,,,,
44670,Terrazas Monraz,Colonia,Guadalajara,Jalisco,Guadalajara,Caliente,,,,,,,,,,,,,,,,,,,
44670,Lomas del Valle,Colonia,Guadalajara,Jalisco,Guadalajara,Caliente,,,,,,,,,,,,,,,,,,,
44678,Lomas Santa Rita,Colonia,Guadalajara,Jalisco,Guadalajara,Caliente,,,,,,,,,,,,,,,,,,,
44679,Circunvalación Sarcófago,Colonia,Guadalajara,Jalisco,Guadalajara,Caliente,,,,,,,,,,,,,,,,,,,
44680,Circunvalación Guevara,Fraccionamiento,Guadalajara,Jalisco,Guadalajara,Caliente,,,,,,,,,,,,,,,,,,,
44680,Circunvalación Vallarta,Fraccionamiento,Guadalajara,Jalisco,Guadalajara,Caliente,,,,,,,,,,,,,,,,,,,
44680,Residencial Juan Manuel,Fraccionamiento,Guadalajara,Jalisco,Guadalajara,Caliente,,,,,,,,,,,,,,,,,,,
44689,Terranova,Fraccionamiento,Guadalajara,Jalisco,Guadalajara,Caliente,,,,,,,,,,,,,,,,,,,
44690,Rinconada Santa Rita,Fraccionamiento,Guadalajara,Jalisco,Guadalajara,Caliente,,,,,,,,,,,,,,,,,,,
44690,Vallarta Norte,Fraccionamiento,Guadalajara,Jalisco,Guadalajara,Caliente,,,,,,,,,,,,,,,,,,,
44690,Vallarta San Jorge,Fraccionamiento,Guadalajara,Jalisco,Guadalajara,Caliente,,,,,,,,,,,,,,,,,,,
44690,Vallarta San Lucas,Fraccionamiento,Guadalajara,Jalisco,Guadalajara,Caliente,,,,,,,,,,,,,,,,,,,
44690,Villa Santa Rita,Colonia,Guadalajara,Jalisco,Guadalajara,Caliente,,,,,,,,,,,,,,,,,,,
44700,Guadalajara Oriente,Colonia,Guadalajara,Jalisco,Guadalajara,Frio,,,,,,,,,,,,,,,,,,,
44700,Oblatos,Colonia,Guadalajara,Jalisco,Guadalajara,Frio,,,,,,,,,,,,,,,,,,,
44700,Santa Cecilia 1a. sección,Colonia,Guadalajara,Jalisco,Guadalajara,Frio,,,,,,,,,,,,,,,,,,,
44700,Santa Rosa,Colonia,Guadalajara,Jalisco,Guadalajara,Frio,,,,,,,,,,,,,,,,,,,
44700,Unidad Río Verde,Unidad habitacional,Guadalajara,Jalisco,Guadalajara,Frio,,,,,,,,,,,,,,,,,,,
44700,Río Verde Oblatos,Colonia,Guadalajara,Jalisco,Guadalajara,Frio,,,,,,,,,,,,,,,,,,,
44700,Santa Cecilia 2a. Sección,Colonia,Guadalajara,Jalisco,Guadalajara,Frio,,,,,,,,,,,,,,,,,,,
44700,Santa Cecilia 3a. Sección,Colonia,Guadalajara,Jalisco,Guadalajara,Frio,,,,,,,,,,,,,,,,,,,
44710,Popular,Colonia,Guadalajara,Jalisco,Guadalajara,Frio,,,,,,,,,,,,,,,,,,,
44710,San Martín,Colonia,Guadalajara,Jalisco,Guadalajara,Frio,,,,,,,,,,,,,,,,,,,
44710,San Martín Anexo,Colonia,Guadalajara,Jalisco,Guadalajara,Frio,,,,,,,,,,,,,,,,,,,
44710,Santos Degollado,Unidad habitacional,Guadalajara,Jalisco,Guadalajara,Frio,,,,,,,,,,,,,,,,,,,
44716,Circunvalación Oblatos,Colonia,Guadalajara,Jalisco,Guadalajara,Frio,,,,,,,,,,,,,,,,,,,
44719,Talpita Oriente,Colonia,Guadalajara,Jalisco,Guadalajara,Frio,,,,,,,,,,,,,,,,,,,
44719,Talpita Poniente,Colonia,Guadalajara,Jalisco,Guadalajara,Frio,,,,,,,,,,,,,,,,,,,
44719,Ampliación Talpita,Colonia,Guadalajara,Jalisco,Guadalajara,Frio,,,,,,,,,,,,,,,,,,,
44720,Arandas,Unidad habitacional,Guadalajara,Jalisco,Guadalajara,Frio,,,,,,,,,,,,,,,,,,,
44720,Balcones de Oblatos,Colonia,Guadalajara,Jalisco,Guadalajara,Frio,,,,,,,,,,,,,,,,,,,
44720,Bethel,Fraccionamiento,Guadalajara,Jalisco,Guadalajara,Frio,,,,,,,,,,,,,,,,,,,
44720,Heliodoro Hernández Loza 1a Secc,Colonia,Guadalajara,Jalisco,Guadalajara,Frio,,,,,,,,,,,,,,,,,,,
44720,Heliodoro Hernández Loza 2a Secc,Colonia,Guadalajara,Jalisco,Guadalajara,Frio,,,,,,,,,,,,,,,,,,,
44720,Lomas de Oblatos 1a Secc,Fraccionamiento,Guadalajara,Jalisco,Guadalajara,Frio,,,,,,,,,,,,,,,,,,,
44720,Lomas de Oblatos 2a Secc,Fraccionamiento,Guadalajara,Jalisco,Guadalajara,Frio,,,,,,,,,,,,,,,,,,,
44720,San José Río Verde 2a. Sección,Fraccionamiento,Guadalajara,Jalisco,Guadalajara,Frio,,,,,,,,,,,,,,,,,,,
44720,Lomas de San Eugenio,Fraccionamiento,Guadalajara,Jalisco,Guadalajara,Frio,,,,,,,,,,,,,,,,,,,
44720,Villas de Guadalupe,Colonia,Guadalajara,Jalisco,Guadalajara,Frio,,,,,,,,,,,,,,,,,,,
44723,Plutarco Elias Calles 1,Unidad habitacional,Guadalajara,Jalisco,Guadalajara,Frio,,,,,,,,,,,,,,,,,,,
44724,San Eugenio,Unidad habitacional,Guadalajara,Jalisco,Guadalajara,Frio,,,,,,,,,,,,,,,,,,,
44724,San Eugenio,Colonia,Guadalajara,Jalisco,Guadalajara,Frio,,,,,,,,,,,,,,,,,,,
44725,Plutarco Elias Calles 2,Unidad habitacional,Guadalajara,Jalisco,Guadalajara,Frio,,,,,,,,,,,,,,,,,,,
44726,San José Río Verde 1a. Sección,Colonia,Guadalajara,Jalisco,Guadalajara,Frio,,,,,,,,,,,,,,,,,,,
44727,Tetlán Rio Verde,Unidad habitacional,Guadalajara,Jalisco,Guadalajara,Frio,,,,,,,,,,,,,,,,,,,
44729,Jardines de La Barranca,Colonia,Guadalajara,Jalisco,Guadalajara,Frio,,,,,,,,,,,,,,,,,,,
44729,Residencial de La Barranca,Fraccionamiento,Guadalajara,Jalisco,Guadalajara,Frio,,,,,,,,,,,,,,,,,,,
44730,Rinconada San Andres Poniente,Colonia,Guadalajara,Jalisco,Guadalajara,Frio,,,,,,,,,,,,,,,,,,,
44730,Blanco y Cuellar 1ra.,Colonia,Guadalajara,Jalisco,Guadalajara,Frio,,,,,,,,,,,,,,,,,,,
44730,Antigua Penal de Oblatos,Barrio,Guadalajara,Jalisco,Guadalajara,Frio,,,,,,,,,,,,,,,,,,,
44730,Progreso,Colonia,Guadalajara,Jalisco,Guadalajara,Frio,,,,,,,,,,,,,,,,,,,
44730,San Juan Bosco,Barrio,Guadalajara,Jalisco,Guadalajara,Frio,,,,,,,,,,,,,,,,,,,
44730,El Porvenir Unidad Hogar,Unidad habitacional,Guadalajara,Jalisco,Guadalajara,Frio,,,,,,,,,,,,,,,,,,,
44730,Blanco y Cuellar 2da.,Colonia,Guadalajara,Jalisco,Guadalajara,Frio,,,,,,,,,,,,,,,,,,,
44730,Blanco y Cuellar 3ra.,Colonia,Guadalajara,Jalisco,Guadalajara,Frio,,,,,,,,,,,,,,,,,,,
44737,Los Mártires,Colonia,Guadalajara,Jalisco,Guadalajara,Frio,,,,,,,,,,,,,,,,,,,
44739,Las Huertas,Colonia,Guadalajara,Jalisco,Guadalajara,Frio,,,,,,,,,,,,,,,,,,,
44740,Industria,Unidad habitacional,Guadalajara,Jalisco,Guadalajara,Frio,,,,,,,,,,,,,,,,,,,
44740,Jardines de Guadalupe,Colonia,Guadalajara,Jalisco,Guadalajara,Frio,,,,,,,,,,,,,,,,,,,
44740,Potrero Alto,Colonia,Guadalajara,Jalisco,Guadalajara,Frio,,,,,,,,,,,,,,,,,,,
44740,San Isidro,Colonia,Guadalajara,Jalisco,Guadalajara,Frio,,,,,,,,,,,,,,,,,,,
44748,Esteban Alatorre,Colonia,Guadalajara,Jalisco,Guadalajara,Frio,,,,,,,,,,,,,,,,,,,
44750,Barajas Villaseñor San Pablo,Colonia,Guadalajara,Jalisco,Guadalajara,Frio,,,,,,,,,,,,,,,,,,,
44750,Cuauhtémoc Popular,Colonia,Guadalajara,Jalisco,Guadalajara,Frio,,,,,,,,,,,,,,,,,,,
44750,Cuauhtémoc INFONAVIT,Unidad habitacional,Guadalajara,Jalisco,Guadalajara,Frio,,,,,,,,,,,,,,,,,,,
44750,Libertad,Colonia,Guadalajara,Jalisco,Guadalajara,Frio,,,,,,,,,,,,,,,,,,,
44750,Santa María de Silo,Colonia,Guadalajara,Jalisco,Guadalajara,Frio,,,,,,,,,,,,,,,,,,,
44755,Rinconada San Andres,Colonia,Guadalajara,Jalisco,Guadalajara,Frio,,,,,,,,,,,,,,,,,,,
44755,El Porvenir Oriente,Colonia,Guadalajara,Jalisco,Guadalajara,Frio,,,,,,,,,,,,,,,,,,,
44757,Los Romo,Colonia,Guadalajara,Jalisco,Guadalajara,Frio,,,,,,,,,,,,,,,,,,,
44760,Beatriz Hernández,Colonia,Guadalajara,Jalisco,Guadalajara,Frio,,,,,,,,,,,,,,,,,,,
44760,El Zalate,Unidad habitacional,Guadalajara,Jalisco,Guadalajara,Frio,,,,,,,,,,,,,,,,,,,
44760,Miguel Hidalgo,Unidad habitacional,Guadalajara,Jalisco,Guadalajara,Frio,,,,,,,,,,,,,,,,,,,
44760,Lomas Del Gallo,Fraccionamiento,Guadalajara,Jalisco,Guadalajara,Frio,,,,,,,,,,,,,,,,,,,
44760,Pablo Valdez,Unidad habitacional,Guadalajara,Jalisco,Guadalajara,Frio,,,,,,,,,,,,,,,,,,,
44760,Ramón López Velarde,Colonia,Guadalajara,Jalisco,Guadalajara,Frio,,,,,,,,,,,,,,,,,,,
44760,Los Tulipanes,Unidad habitacional,Guadalajara,Jalisco,Guadalajara,Frio,,,,,,,,,,,,,,,,,,,
44765,Pablo Valdez,Conjunto habitacional,Guadalajara,Jalisco,Guadalajara,Frio,,,,,,,,,,,,,,,,,,,
44765,Ampliación Provincia,Colonia,Guadalajara,Jalisco,Guadalajara,Frio,,,,,,,,,,,,,,,,,,,
44765,Pablo Valdez,Unidad habitacional,Guadalajara,Jalisco,Guadalajara,Frio,,,,,,,,,,,,,,,,,,,
44766,Los Arrayanes,Unidad habitacional,Guadalajara,Jalisco,Guadalajara,Frio,,,,,,,,,,,,,,,,,,,
44766,Rinconada del Valle,Fraccionamiento,Guadalajara,Jalisco,Guadalajara,Frio,,,,,,,,,,,,,,,,,,,
44768,Joaquín Aarón,Colonia,Guadalajara,Jalisco,Guadalajara,Frio,,,,,,,,,,,,,,,,,,,
44769,La Campesina,Colonia,Guadalajara,Jalisco,Guadalajara,Frio,,,,,,,,,,,,,,,,,,,
44770,Hermosa Provincia,Colonia,Guadalajara,Jalisco,Guadalajara,Frio,,,,,,,,,,,,,,,,,,,
44770,Lagos de Oriente,Colonia,Guadalajara,Jalisco,Guadalajara,Frio,,,,,,,,,,,,,,,,,,,
44770,INFONAVIT Benito Juárez,Unidad habitacional,Guadalajara,Jalisco,Guadalajara,Frio,,,,,,,,,,,,,,,,,,,
44770,Benito Juárez,Colonia,Guadalajara,Jalisco,Guadalajara,Frio,,,,,,,,,,,,,,,,,,,
44770,San Joaquín,Colonia,Guadalajara,Jalisco,Guadalajara,Frio,,,,,,,,,,,,,,,,,,,
44770,Lagos de Oriente 2a. Sección,Colonia,Guadalajara,Jalisco,Guadalajara,Frio,,,,,,,,,,,,,,,,,,,
44780,San Miguel de Huentitán El Alto 2a Secc,Colonia,Guadalajara,Jalisco,Guadalajara,Frio,,,,,,,,,,,,,,,,,,,
44790,Agustín Yáñez,Colonia,Guadalajara,Jalisco,Guadalajara,Frio,,,,,,,,,,,,,,,,,,,
44790,Jardines de San Francisco,Fraccionamiento,Guadalajara,Jalisco,Guadalajara,Frio,,,,,,,,,,,,,,,,,,,
44790,La Aurora,Colonia,Guadalajara,Jalisco,Guadalajara,Frio,,,,,,,,,,,,,,,,,,,
44790,La Florida,Colonia,Guadalajara,Jalisco,Guadalajara,Frio,,,,,,,,,,,,,,,,,,,
44790,Ampliación Lagos de Oriente,Colonia,Guadalajara,Jalisco,Guadalajara,Frio,,,,,,,,,,,,,,,,,,,
44790,Versalles,Conjunto habitacional,Guadalajara,Jalisco,Guadalajara,Frio,,,,,,,,,,,,,,,,,,,
44799,Javier Mina,Unidad habitacional,Guadalajara,Jalisco,Guadalajara,Frio,,,,,,,,,,,,,,,,,,,
44800,Magaña,Colonia,Guadalajara,Jalisco,Guadalajara,Frio,,,,,,,,,,,,,,,,,,,
44800,San Antonio,Colonia,Guadalajara,Jalisco,Guadalajara,Frio,,,,,,,,,,,,,,,,,,,
44810,Europa,Fraccionamiento,Guadalajara,Jalisco,Guadalajara,Tibio,,,,,,,,,,,,,,,,,,,
44810,Electricistas,Unidad habitacional,Guadalajara,Jalisco,Guadalajara,Frio,,,,,,,,,,,,,,,,,,,
44810,Hormiguero,Colonia,Guadalajara,Jalisco,Guadalajara,Frio,,,,,,,,,,,,,,,,,,,
44810,Residencial Del Parque,Colonia,Guadalajara,Jalisco,Guadalajara,Tibio,,,,,,,,,,,,,,,,,,,
44810,Residencial San Andrés,Colonia,Guadalajara,Jalisco,Guadalajara,Tibio,,,,,,,,,,,,,,,,,,,
44810,San Andrés,Colonia,Guadalajara,Jalisco,Guadalajara,Tibio,,,,,,,,,,,,,,,,,,,
44810,San Andrés Gigantes,Unidad habitacional,Guadalajara,Jalisco,Guadalajara,Frio,,,,,,,,,,,,,,,,,,,
44810,San Rafael,Colonia,Guadalajara,Jalisco,Guadalajara,Tibio,,,,,,,,,,,,,,,,,,,
44810,INFONAVIT San Rafael,Unidad habitacional,Guadalajara,Jalisco,Guadalajara,Frio,,,,,,,,,,,,,,,,,,,
44810,San Rafael,Unidad habitacional,Guadalajara,Jalisco,Guadalajara,Frio,,,,,,,,,,,,,,,,,,,
44810,Lomas de Revolución,Unidad habitacional,Guadalajara,Jalisco,Guadalajara,Frio,,,,,,,,,,,,,,,,,,,
44810,San Andrés 1a. Sección,Colonia,Guadalajara,Jalisco,Guadalajara,Tibio,,,,,,,,,,,,,,,,,,,
44810,San Andrés 2a. Sección,Colonia,Guadalajara,Jalisco,Guadalajara,Tibio,,,,,,,,,,,,,,,,,,,
44815,Jardines de los Escritores,Colonia,Guadalajara,Jalisco,Guadalajara,Tibio,,,,,,,,,,,,,,,,,,,
44817,San Rafael 2,Conjunto habitacional,Guadalajara,Jalisco,Guadalajara,Frio,,,,,,,,,,,,,,,,,,,
44818,Plan de Ayala,Colonia,Guadalajara,Jalisco,Guadalajara,Frio,,,,,,,,,,,,,,,,,,,
44820,Aldama Tetlán,Colonia,Guadalajara,Jalisco,Guadalajara,Frio,,,,,,,,,,,,,,,,,,,
44820,Insurgentes 1a Secc,Colonia,Guadalajara,Jalisco,Guadalajara,Frio,,,,,,,,,,,,,,,,,,,
44820,Insurgentes 2a Secc,Colonia,Guadalajara,Jalisco,Guadalajara,Frio,,,,,,,,,,,,,,,,,,,
44820,Insurgentes 3a Secc,Colonia,Guadalajara,Jalisco,Guadalajara,Frio,,,,,,,,,,,,,,,,,,,
44820,Jardines de los Historiadores,Fraccionamiento,Guadalajara,Jalisco,Guadalajara,Tibio,,,,,,,,,,,,,,,,,,,
44820,Jardines de los Poetas,Colonia,Guadalajara,Jalisco,Guadalajara,Tibio,,,,,,,,,,,,,,,,,,,
44820,Los Obeliscos,Colonia,Guadalajara,Jalisco,Guadalajara,Frio,,,,,,,,,,,,,,,,,,,
44820,Tetlán,Colonia,Guadalajara,Jalisco,Guadalajara,Frio,,,,,,,,,,,,,,,,,,,
44820,Parques Del Nilo,Fraccionamiento,Guadalajara,Jalisco,Guadalajara,Tibio,,,,,,,,,,,,,,,,,,,
44820,Dioses Del Nilo,Fraccionamiento,Guadalajara,Jalisco,Guadalajara,Tibio,,,,,,,,,,,,,,,,,,,
44820,Insurgentes La Presa,Colonia,Guadalajara,Jalisco,Guadalajara,Frio,,,,,,,,,,,,,,,,,,,
44820,2001,Unidad habitacional,Guadalajara,Jalisco,Guadalajara,Frio,,,,,,,,,,,,,,,,,,,
44820,Tetlán I,Unidad habitacional,Guadalajara,Jalisco,Guadalajara,Frio,,,,,,,,,,,,,,,,,,,
44820,Tetlán II,Unidad habitacional,Guadalajara,Jalisco,Guadalajara,Frio,,,,,,,,,,,,,,,,,,,
44820,Villas de la Presa,Colonia,Guadalajara,Jalisco,Guadalajara,Frio,,,,,,,,,,,,,,,,,,,
44824,Villas Del Nilo,Colonia,Guadalajara,Jalisco,Guadalajara,Tibio,,,,,,,,,,,,,,,,,,,
44824,Florencia,Conjunto habitacional,Guadalajara,Jalisco,Guadalajara,Frio,,,,,,,,,,,,,,,,,,,
44825,Parques de San Pedro,Colonia,Guadalajara,Jalisco,Guadalajara,Frio,,,,,,,,,,,,,,,,,,,
44825,Popular Hornos,Colonia,Guadalajara,Jalisco,Guadalajara,Frio,,,,,,,,,,,,,,,,,,,
44827,El Barro,Colonia,Guadalajara,Jalisco,Guadalajara,Frio,,,,,,,,,,,,,,,,,,,
44828,Las Piedrotas,Colonia,Guadalajara,Jalisco,Guadalajara,Frio,,,,,,,,,,,,,,,,,,,
44828,Vistas del Nilo,Condominio,Guadalajara,Jalisco,Guadalajara,Tibio,,,,,,,,,,,,,,,,,,,
44829,Cantarranas,Colonia,Guadalajara,Jalisco,Guadalajara,Frio,,,,,,,,,,,,,,,,,,,
44840,Ciudad Universitaria,Colonia,Guadalajara,Jalisco,Guadalajara,Tibio,,,,,,,,,,,,,,,,,,,
44840,Lomas Del Paradero,Colonia,Guadalajara,Jalisco,Guadalajara,Tibio,,,,,,,,,,,,,,,,,,,
44840,Prados Del Nilo,Fraccionamiento,Guadalajara,Jalisco,Guadalajara,Tibio,,,,,,,,,,,,,,,,,,,
44840,Sutaj,Colonia,Guadalajara,Jalisco,Guadalajara,Frio,,,,,,,,,,,,,,,,,,,
44840,Universitaria,Colonia,Guadalajara,Jalisco,Guadalajara,Tibio,,,,,,,,,,,,,,,,,,,
44860,Jardines de La Paz,Colonia,Guadalajara,Jalisco,Guadalajara,Tibio,,,,,,,,,,,,,,,,,,,
44860,Jardines de La Paz Norte,Fraccionamiento,Guadalajara,Jalisco,Guadalajara,Tibio,,,,,,,,,,,,,,,,,,,
44860,Jardines del Nilo,Fraccionamiento,Guadalajara,Jalisco,Guadalajara,Tibio,,,,,,,,,,,,,,,,,,,
44860,Jardines del Nilo Sur,Fraccionamiento,Guadalajara,Jalisco,Guadalajara,Tibio,,,,,,,,,,,,,,,,,,,
44860,Jardines del Nilo Norte,Fraccionamiento,Guadalajara,Jalisco,Guadalajara,Tibio,,,,,,,,,,,,,,,,,,,
44860,Vicente Guerrero,Unidad habitacional,Guadalajara,Jalisco,Guadalajara,Frio,,,,,,,,,,,,,,,,,,,
44860,La Paz,Colonia,Guadalajara,Jalisco,Guadalajara,Tibio,,,,,,,,,,,,,,,,,,,
44870,Atlas,Colonia,Guadalajara,Jalisco,Guadalajara,Frio,,,,,,,,,,,,,,,,,,,
44870,Atlas 2a. Sección,Fraccionamiento,Guadalajara,Jalisco,Guadalajara,Frio,,,,,,,,,,,,,,,,,,,
44870,Atlas Poniente,Fraccionamiento,Guadalajara,Jalisco,Guadalajara,Frio,,,,,,,,,,,,,,,,,,,
44890,Jardines Del Rosario,Colonia,Guadalajara,Jalisco,Guadalajara,Frio,,,,,,,,,,,,,,,,,,,
44890,Rancho Blanco,Colonia,Guadalajara,Jalisco,Guadalajara,Frio,,,,,,,,,,,,,,,,,,,
44890,Reforma,Unidad habitacional,Guadalajara,Jalisco,Guadalajara,Frio,,,,,,,,,,,,,,,,,,,
44890,El Rosario,Colonia,Guadalajara,Jalisco,Guadalajara,Frio,,,,,,,,,,,,,,,,,,,
44890,Rancho Blanco Álamo,Colonia,Guadalajara,Jalisco,Guadalajara,Frio,,,,,,,,,,,,,,,,,,,
44895,El Mirador Álamo,Colonia,Guadalajara,Jalisco,Guadalajara,Frio,,,,,,,,,,,,,,,,,,,
44896,Orozco El Mirador,Colonia,Guadalajara,Jalisco,Guadalajara,Frio,,,,,,,,,,,,,,,,,,,
44897,Lomas de San Pedro,Colonia,Guadalajara,Jalisco,Guadalajara,Frio,,,,,,,,,,,,,,,,,,,
44898,El Rosario,Unidad habitacional,Guadalajara,Jalisco,Guadalajara,Frio,,,,,,,,,,,,,,,,,,,
44899,Bosques Del Boulevard,Colonia,Guadalajara,Jalisco,Guadalajara,Frio,,,,,,,,,,,,,,,,,,,
44900,Del Fresno 1a. Sección,Colonia,Guadalajara,Jalisco,Guadalajara,Frio,,,,,,,,,,,,,,,,,,,
44900,Del Fresno 2a. sección,Colonia,Guadalajara,Jalisco,Guadalajara,Frio,,,,,,,,,,,,,,,,,,,
44910,Morelos,Colonia,Guadalajara,Jalisco,Guadalajara,Frio,,,,,,,,,,,,,,,,,,,
44910,8 de Julio,Colonia,Guadalajara,Jalisco,Guadalajara,Frio,,,,,,,,,,,,,,,,,,,
44910,Tepopote,Colonia,Guadalajara,Jalisco,Guadalajara,Frio,,,,,,,,,,,,,,,,,,,
44918,Mariano Matamoros,Unidad habitacional,Guadalajara,Jalisco,Guadalajara,Frio,,,,,,,,,,,,,,,,,,,
44919,Tepopote Oeste,Colonia,Guadalajara,Jalisco,Guadalajara,Frio,,,,,,,,,,,,,,,,,,,
44920,Colón,Fraccionamiento,Guadalajara,Jalisco,Guadalajara,Frio,,,,,,,,,,,,,,,,,,,
44920,Del Sur,Colonia,Guadalajara,Jalisco,Guadalajara,Frio,,,,,,,,,,,,,,,,,,,
44920,Las Torres,Fraccionamiento,Guadalajara,Jalisco,Guadalajara,Frio,,,,,,,,,,,,,,,,,,,
44920,Villa La Cruz,Fraccionamiento,Guadalajara,Jalisco,Guadalajara,Frio,,,,,,,,,,,,,,,,,,,
44929,Ampliación del Sur,Colonia,Guadalajara,Jalisco,Guadalajara,Frio,,,,,,,,,,,,,,,,,,,
44930,Colón Industrial,Fraccionamiento,Guadalajara,Jalisco,Guadalajara,Frio,,,,,,,,,,,,,,,,,,,
44940,Zona Industrial,Fraccionamiento,Guadalajara,Jalisco,Guadalajara,Frio,,,,,,,,,,,,,,,,,,,
44940,Industrial Segunda Sección,Colonia,Guadalajara,Jalisco,Guadalajara,Frio,,,,,,,,,,,,,,,,,,,
44948,Villa Hermosa,Colonia,Guadalajara,Jalisco,Guadalajara,Frio,,,,,,,,,,,,,,,,,,,
44950,Jardines de La Cruz 1a. Sección,Fraccionamiento,Guadalajara,Jalisco,Guadalajara,Frio,,,,,,,,,,,,,,,,,,,
44950,Jardines de La Cruz 2a. Sección,Fraccionamiento,Guadalajara,Jalisco,Guadalajara,Frio,,,,,,,,,,,,,,,,,,,
44950,Jardines de San José,Fraccionamiento,Guadalajara,Jalisco,Guadalajara,Frio,,,,,,,,,,,,,,,,,,,
44950,Residencial La Cruz,Fraccionamiento,Guadalajara,Jalisco,Guadalajara,Frio,,,,,,,,,,,,,,,,,,,
44950,Jardines Del Sur,Colonia,Guadalajara,Jalisco,Guadalajara,Frio,,,,,,,,,,,,,,,,,,,
44956,Villas del Sur 1,Unidad habitacional,Guadalajara,Jalisco,Guadalajara,Frio,,,,,,,,,,,,,,,,,,,
44956,Villas del Sur 2,Unidad habitacional,Guadalajara,Jalisco,Guadalajara,Frio,,,,,,,,,,,,,,,,,,,
44959,Villas Jardín,Colonia,Guadalajara,Jalisco,Guadalajara,Frio,,,,,,,,,,,,,,,,,,,
44960,18 de Marzo,Unidad habitacional,Guadalajara,Jalisco,Guadalajara,Frio,,,,,,,,,,,,,,,,,,,
44960,Lomas de Polanco,Colonia,Guadalajara,Jalisco,Guadalajara,Frio,,,,,,,,,,,,,,,,,,,
44960,López Portillo,Colonia,Guadalajara,Jalisco,Guadalajara,Frio,,,,,,,,,,,,,,,,,,,
44960,Polanco Oriente,Colonia,Guadalajara,Jalisco,Guadalajara,Frio,,,,,,,,,,,,,,,,,,,
44966,Patria Nueva,Colonia,Guadalajara,Jalisco,Guadalajara,Frio,,,,,,,,,,,,,,,,,,,
44967,Patria,Colonia,Guadalajara,Jalisco,Guadalajara,Frio,,,,,,,,,,,,,,,,,,,
44969,Polanquito,Colonia,Guadalajara,Jalisco,Guadalajara,Frio,,,,,,,,,,,,,,,,,,,
44970,5 de Mayo,Colonia,Guadalajara,Jalisco,Guadalajara,Frio,,,,,,,,,,,,,,,,,,,
44970,Echeverría,Colonia,Guadalajara,Jalisco,Guadalajara,Frio,,,,,,,,,,,,,,,,,,,
44970,Francisco Villa,Colonia,Guadalajara,Jalisco,Guadalajara,Frio,,,,,,,,,,,,,,,,,,,
44970,José Clemente Orozco,Unidad habitacional,Guadalajara,Jalisco,Guadalajara,Frio,,,,,,,,,,,,,,,,,,,
44970,1 de Mayo,Colonia,Guadalajara,Jalisco,Guadalajara,Frio,,,,,,,,,,,,,,,,,,,
44970,Industrial Primera Sección,Colonia,Guadalajara,Jalisco,Guadalajara,Frio,,,,,,,,,,,,,,,,,,,
44970,Industrial Tercera Sección,Colonia,Guadalajara,Jalisco,Guadalajara,Frio,,,,,,,,,,,,,,,,,,,
44977,Valentín Gómez Farias,Colonia,Guadalajara,Jalisco,Guadalajara,Frio,,,,,,,,,,,,,,,,,,,
44977,El Rocio,Fraccionamiento,Guadalajara,Jalisco,Guadalajara,Frio,,,,,,,,,,,,,,,,,,,
44977,Vistas Del Sur,Colonia,Guadalajara,Jalisco,Guadalajara,Frio,,,,,,,,,,,,,,,,,,,
44978,Las Palmas,Colonia,Guadalajara,Jalisco,Guadalajara,Frio,,,,,,,,,,,,,,,,,,,
44980,Arboledas Del Sur,Colonia,Guadalajara,Jalisco,Guadalajara,Frio,,,,,,,,,,,,,,,,,,,
44980,El Carmen,Colonia,Guadalajara,Jalisco,Guadalajara,Frio,,,,,,,,,,,,,,,,,,,
44980,Emiliano Zapata,Colonia,Guadalajara,Jalisco,Guadalajara,Frio,,,,,,,,,,,,,,,,,,,
44980,Lázaro Cárdenas Sur,Colonia,Guadalajara,Jalisco,Guadalajara,Frio,,,,,,,,,,,,,,,,,,,
44980,Los Colorines,Colonia,Guadalajara,Jalisco,Guadalajara,Frio,,,,,,,,,,,,,,,,,,,
44980,Nueva España,Colonia,Guadalajara,Jalisco,Guadalajara,Frio,,,,,,,,,,,,,,,,,,,
44980,Nueva Santa María,Colonia,Guadalajara,Jalisco,Guadalajara,Frio,,,,,,,,,,,,,,,,,,,
44984,Balcones del Cuatro,Colonia,Guadalajara,Jalisco,Guadalajara,Frio,,,,,,,,,,,,,,,,,,,
44985,Revolucionaria,Colonia,Guadalajara,Jalisco,Guadalajara,Frio,,,,,,,,,,,,,,,,,,,
44986,Loma Linda,Colonia,Guadalajara,Jalisco,Guadalajara,Frio,,,,,,,,,,,,,,,,,,,
44986,Lomas Del Pedregal,Colonia,Guadalajara,Jalisco,Guadalajara,Frio,,,,,,,,,,,,,,,,,,,
44987,El Sauz INFONAVIT,Unidad habitacional,Guadalajara,Jalisco,Guadalajara,Frio,,,,,,,,,,,,,,,,,,,
44987,Villa Vicente Guerrero,Colonia,Guadalajara,Jalisco,Guadalajara,Frio,,,,,,,,,,,,,,,,,,,
44987,Parques de Colón Sección 2,Colonia,Guadalajara,Jalisco,Guadalajara,Frio,,,,,,,,,,,,,,,,,,,
44987,Jardines El Sauz,Colonia,Guadalajara,Jalisco,Guadalajara,Frio,,,,,,,,,,,,,,,,,,,
44989,Colón C.R.O.C.,Unidad habitacional,Guadalajara,Jalisco,Guadalajara,Frio,,,,,,,,,,,,,,,,,,,
44990,Miravalle,Unidad habitacional,Guadalajara,Jalisco,Guadalajara,Frio,,,,,,,,,,,,,,,,,,,
45010,Paseos del Parque,Fraccionamiento,Zapopan,Jalisco,Zapopan,Caliente,,,,,,,,,,,,,,,,,,,
45010,Ciudad Granja,Colonia,Zapopan,Jalisco,Zapopan,Caliente,,,,,,,,,,,,,,,,,,,
45010,Chapalita Inn,Colonia,Zapopan,Jalisco,Zapopan,Caliente,,,,,,,,,,,,,,,,,,,
45010,Lomas Del Colli,Fraccionamiento,Zapopan,Jalisco,Zapopan,Caliente,,,,,,,,,,,,,,,,,,,
45010,Coto Del Rey,Fraccionamiento,Zapopan,Jalisco,Zapopan,Caliente,,,,,,,,,,,,,,,,,,,
45010,Glorias Del Colli,Colonia,Zapopan,Jalisco,Zapopan,Caliente,,,,,,,,,,,,,,,,,,,
45010,La Castilla,Fraccionamiento,Zapopan,Jalisco,Zapopan,Caliente,,,,,,,,,,,,,,,,,,,
45010,Cumbres,Fraccionamiento,Zapopan,Jalisco,Zapopan,Caliente,,,,,,,,,,,,,,,,,,,
45010,Jardines de Chapalita,Fraccionamiento,Zapopan,Jalisco,Zapopan,Caliente,,,,,,,,,,,,,,,,,,,
45010,Bellavista,Colonia,Zapopan,Jalisco,Zapopan,Caliente,,,,,,,,,,,,,,,,,,,
45010,Volcán Del Colli,Colonia,Zapopan,Jalisco,Zapopan,Caliente,,,,,,,,,,,,,,,,,,,
45010,Vistas Del Pinar,Colonia,Zapopan,Jalisco,Zapopan,Caliente,,,,,,,,,,,,,,,,,,,
45010,Rinconada Del Parque,Fraccionamiento,Zapopan,Jalisco,Zapopan,Caliente,,,,,,,,,,,,,,,,,,,
45010,EXITMEX,Unidad habitacional,Zapopan,Jalisco,Zapopan,Caliente,,,,,,,,,,,,,,,,,,,
45012,Vallarta,Zona industrial,Zapopan,Jalisco,Zapopan,Tibio,,,,,,,,,,,,,,,,,,,
45012,Ciudad Judicial Federal,Colonia,Zapopan,Jalisco,Zapopan,Caliente,,,,,,,,,,,,,,,,,,,
45012,Ayamonte,Fraccionamiento,Zapopan,Jalisco,Zapopan,Caliente,,,,,,,,,,,,,,,,,,,
45014,Villa Panamericana,Fraccionamiento,Zapopan,Jalisco,Zapopan,Caliente,,,,,,,,,,,,,,,,,,,
45015,Centro de Investigación y de Estudios Avanzados,Equipamiento,Zapopan,Jalisco,Zapopan,Caliente,,,,,,,,,,,,,,,,,,,
45016,Paseos Universidad,Fraccionamiento,Zapopan,Jalisco,Zapopan,Caliente,,,,,,,,,,,,,,,,,,,
45016,Lomas Universidad,Fraccionamiento,Zapopan,Jalisco,Zapopan,Caliente,,,,,,,,,,,,,,,,,,,
45016,Villas de Vallarta,Fraccionamiento,Zapopan,Jalisco,Zapopan,Caliente,,,,,,,,,,,,,,,,,,,
45017,Jocotán,Colonia,Zapopan,Jalisco,Zapopan,Caliente,,,,,,,,,,,,,,,,,,,
45017,El Bajío,Colonia,Zapopan,Jalisco,Zapopan,Caliente,,,,,,,,,,,,,,,,,,,
45017,Puertas Del Tule,Colonia,Zapopan,Jalisco,Zapopan,Caliente,,,,,,,,,,,,,,,,,,,
45018,Santa Maria Del Pueblito,Colonia,Zapopan,Jalisco,Zapopan,Caliente,,,,,,,,,,,,,,,,,,,
45018,Residencial Del Parque,Fraccionamiento,Zapopan,Jalisco,Zapopan,Caliente,,,,,,,,,,,,,,,,,,,
45019,Santillana Parque Residencial,Fraccionamiento,Zapopan,Jalisco,Zapopan,Caliente,,,,,,,,,,,,,,,,,,,
45019,Santa Catalina,Fraccionamiento,Zapopan,Jalisco,Zapopan,Caliente,,,,,,,,,,,,,,,,,,,
45019,Mítica Residencial,Fraccionamiento,Zapopan,Jalisco,Zapopan,Caliente,,,,,,,,,,,,,,,,,,,
45019,Arauca,Fraccionamiento,Zapopan,Jalisco,Zapopan,Caliente,,,,,,,,,,,,,,,,,,,
45019,Arauca II,Fraccionamiento,Zapopan,Jalisco,Zapopan,Caliente,,,,,,,,,,,,,,,,,,,
45019,Los Sauces,Fraccionamiento,Zapopan,Jalisco,Zapopan,Caliente,,,,,,,,,,,,,,,,,,,
45019,Olivos Residencial,Fraccionamiento,Zapopan,Jalisco,Zapopan,Caliente,,,,,,,,,,,,,,,,,,,
45019,Altamira,Fraccionamiento,Zapopan,Jalisco,Zapopan,Caliente,,,,,,,,,,,,,,,,,,,
45019,Soaré,Fraccionamiento,Zapopan,Jalisco,Zapopan,Caliente,,,,,,,,,,,,,,,,,,,
45019,Haciendas San Acasio,Fraccionamiento,Zapopan,Jalisco,Zapopan,Caliente,,,,,,,,,,,,,,,,,,,
45019,Solé,Fraccionamiento,Zapopan,Jalisco,Zapopan,Caliente,,,,,,,,,,,,,,,,,,,
45019,Elite Residencial,Fraccionamiento,Zapopan,Jalisco,Zapopan,Caliente,,,,,,,,,,,,,,,,,,,
45019,Valeira,Fraccionamiento,Zapopan,Jalisco,Zapopan,Caliente,,,,,,,,,,,,,,,,,,,
45019,San Juan de Ocotán,Colonia,Zapopan,Jalisco,Zapopan,Caliente,,,,,,,,,,,,,,,,,,,
45019,Valle Real,Colonia,Zapopan,Jalisco,Zapopan,Caliente,,,,,,,,,,,,,,,,,,,
45019,La Magdalena,Colonia,Zapopan,Jalisco,Zapopan,Caliente,,,,,,,,,,,,,,,,,,,
45019,La Mojonera,Colonia,Zapopan,Jalisco,Zapopan,Caliente,,,,,,,,,,,,,,,,,,,
45019,Esencia Residencial,Fraccionamiento,Zapopan,Jalisco,Zapopan,Caliente,,,,,,,,,,,,,,,,,,,
45019,Porta Real,Fraccionamiento,Zapopan,Jalisco,Zapopan,Caliente,,,,,,,,,,,,,,,,,,,
45019,Solares,Fraccionamiento,Zapopan,Jalisco,Zapopan,Caliente,,,,,,,,,,,,,,,,,,,
45020,Camichines Vallarta,Colonia,Zapopan,Jalisco,Zapopan,Caliente,,,,,,,,,,,,,,,,,,,
45020,Eucalipto Vallarta,Colonia,Zapopan,Jalisco,Zapopan,Caliente,,,,,,,,,,,,,,,,,,,
45020,Prados Vallarta,Fraccionamiento,Zapopan,Jalisco,Zapopan,Caliente,,,,,,,,,,,,,,,,,,,
45020,Real Vallarta,Fraccionamiento,Zapopan,Jalisco,Zapopan,Caliente,,,,,,,,,,,,,,,,,,,
45020,Vallarta La Patria,Colonia,Zapopan,Jalisco,Zapopan,Caliente,,,,,,,,,,,,,,,,,,,
45027,Jardines Vallarta,Fraccionamiento,Zapopan,Jalisco,Zapopan,Caliente,,,,,,,,,,,,,,,,,,,
45027,Rinconada de los Novelistas,Fraccionamiento,Zapopan,Jalisco,Zapopan,Caliente,,,,,,,,,,,,,,,,,,,
45030,El Carmen Hábitat,Fraccionamiento,Zapopan,Jalisco,Zapopan,Caliente,,,,,,,,,,,,,,,,,,,
45030,Parque Sereno,Fraccionamiento,Zapopan,Jalisco,Zapopan,Caliente,,,,,,,,,,,,,,,,,,,
45030,Atlas Chapalita,Colonia,Zapopan,Jalisco,Zapopan,Caliente,,,,,,,,,,,,,,,,,,,
45030,Chapalita de Occidente,Fraccionamiento,Zapopan,Jalisco,Zapopan,Caliente,,,,,,,,,,,,,,,,,,,
45030,Chapalita las Fuentes,Condominio,Zapopan,Jalisco,Zapopan,Caliente,,,,,,,,,,,,,,,,,,,
45030,Guadalupe Jardín,Fraccionamiento,Zapopan,Jalisco,Zapopan,Caliente,,,,,,,,,,,,,,,,,,,
45030,Jardines de Guadalupe,Fraccionamiento,Zapopan,Jalisco,Zapopan,Caliente,,,,,,,,,,,,,,,,,,,
45030,Prados de Guadalupe,Colonia,Zapopan,Jalisco,Zapopan,Caliente,,,,,,,,,,,,,,,,,,,
45030,La Estancia,Colonia,Zapopan,Jalisco,Zapopan,Caliente,,,,,,,,,,,,,,,,,,,
45030,Residencial Plaza Guadalupe,Fraccionamiento,Zapopan,Jalisco,Zapopan,Caliente,,,,,,,,,,,,,,,,,,,
45030,Rinconada Guadalupe,Fraccionamiento,Zapopan,Jalisco,Zapopan,Caliente,,,,,,,,,,,,,,,,,,,
45030,Nuestra Señora de Guadalupe,Colonia,Zapopan,Jalisco,Zapopan,Caliente,,,,,,,,,,,,,,,,,,,
45030,Residencial 2000,Fraccionamiento,Zapopan,Jalisco,Zapopan,Caliente,,,,,,,,,,,,,,,,,,,
45034,Los Olivos,Fraccionamiento,Zapopan,Jalisco,Zapopan,Caliente,,,,,,,,,,,,,,,,,,,
45034,Jardines Tepeyac,Colonia,Zapopan,Jalisco,Zapopan,Caliente,,,,,,,,,,,,,,,,,,,
45036,Colli Sitio,Colonia,Zapopan,Jalisco,Zapopan,Caliente,,,,,,,,,,,,,,,,,,,
45036,Guadalupe Sur,Condominio,Zapopan,Jalisco,Zapopan,Caliente,,,,,,,,,,,,,,,,,,,
45036,Nueva Galicia 1,Fraccionamiento,Zapopan,Jalisco,Zapopan,Caliente,,,,,,,,,,,,,,,,,,,
45036,Nueva Galicia 2,Fraccionamiento,Zapopan,Jalisco,Zapopan,Caliente,,,,,,,,,,,,,,,,,,,
45036,Residencial Haciendas Guadalupe,Fraccionamiento,Zapopan,Jalisco,Zapopan,Caliente,,,,,,,,,,,,,,,,,,,
45037,Arcos de Guadalupe,Colonia,Zapopan,Jalisco,Zapopan,Caliente,,,,,,,,,,,,,,,,,,,
45037,Guadalupe Inn,Fraccionamiento,Zapopan,Jalisco,Zapopan,Caliente,,,,,,,,,,,,,,,,,,,
45037,Parques Guadalupe,Colonia,Zapopan,Jalisco,Zapopan,Caliente,,,,,,,,,,,,,,,,,,,
45038,Lomas de Guadalupe,Colonia,Zapopan,Jalisco,Zapopan,Caliente,,,,,,,,,,,,,,,,,,,
45038,Lomas Del Seminario,Colonia,Zapopan,Jalisco,Zapopan,Caliente,,,,,,,,,,,,,,,,,,,
45039,Residencial Cordilleras,Fraccionamiento,Zapopan,Jalisco,Zapopan,Caliente,,,,,,,,,,,,,,,,,,,
45040,Camino Real,Fraccionamiento,Zapopan,Jalisco,Zapopan,Caliente,,,,,,,,,,,,,,,,,,,
45040,Ciudad de los Niños,Fraccionamiento,Zapopan,Jalisco,Zapopan,Caliente,,,,,,,,,,,,,,,,,,,
45040,Chapalita Oriente,Colonia,Zapopan,Jalisco,Zapopan,Caliente,,,,,,,,,,,,,,,,,,,
45040,Jardines de San Ignacio,Fraccionamiento,Zapopan,Jalisco,Zapopan,Caliente,,,,,,,,,,,,,,,,,,,
45040,Las Flores,Colonia,Zapopan,Jalisco,Zapopan,Caliente,,,,,,,,,,,,,,,,,,,
45040,Chapalita Sur,Colonia,Zapopan,Jalisco,Zapopan,Caliente,,,,,,,,,,,,,,,,,,,
45047,Guadalupe,Fraccionamiento,Zapopan,Jalisco,Zapopan,Caliente,,,,,,,,,,,,,,,,,,,
45047,Rinconada Del Valle,Colonia,Zapopan,Jalisco,Zapopan,Caliente,,,,,,,,,,,,,,,,,,,
45047,Tepeyac Casino,Colonia,Zapopan,Jalisco,Zapopan,Caliente,,,,,,,,,,,,,,,,,,,
45049,Don Bosco Vallarta,Colonia,Zapopan,Jalisco,Zapopan,Caliente,,,,,,,,,,,,,,,,,,,
45049,Vallarta Cuauhtémoc,Colonia,Zapopan,Jalisco,Zapopan,Caliente,,,,,,,,,,,,,,,,,,,
45050,Ciudad Del Sol,Colonia,Zapopan,Jalisco,Zapopan,Caliente,,,,,,,,,,,,,,,,,,,
45050,El Zapote,Colonia,Zapopan,Jalisco,Zapopan,Caliente,,,,,,,,,,,,,,,,,,,
45050,Jardines Del Sol,Colonia,Zapopan,Jalisco,Zapopan,Caliente,,,,,,,,,,,,,,,,,,,
45050,Prados Tepeyac,Colonia,Zapopan,Jalisco,Zapopan,Caliente,,,,,,,,,,,,,,,,,,,
45053,Residencial Tepeyac del Sol,Fraccionamiento,Zapopan,Jalisco,Zapopan,Caliente,,,,,,,,,,,,,,,,,,,
45053,Hacienda Del Tepeyac,Colonia,Zapopan,Jalisco,Zapopan,Caliente,,,,,,,,,,,,,,,,,,,
45053,Parques Del Tepeyac,Colonia,Zapopan,Jalisco,Zapopan,Caliente,,,,,,,,,,,,,,,,,,,
45054,Mirador Del Sol,Colonia,Zapopan,Jalisco,Zapopan,Caliente,,,,,,,,,,,,,,,,,,,
45055,Plaza Del Sol,Condominio,Zapopan,Jalisco,Zapopan,Caliente,,,,,,,,,,,,,,,,,,,
45055,Rinconada Del Sol,Colonia,Zapopan,Jalisco,Zapopan,Caliente,,,,,,,,,,,,,,,,,,,
45056,Colli C.T.M.,Colonia,Zapopan,Jalisco,Zapopan,Tibio,,,,,,,,,,,,,,,,,,,
45057,El Colli Primavera,Unidad habitacional,Zapopan,Jalisco,Zapopan,Tibio,,,,,,,,,,,,,,,,,,,
45057,El Colli INFONAVIT,Unidad habitacional,Zapopan,Jalisco,Zapopan,Tibio,,,,,,,,,,,,,,,,,,,
45058,Nueva Primavera,Colonia,Zapopan,Jalisco,Zapopan,Tibio,,,,,,,,,,,,,,,,,,,
45058,Rinconada Santa Catalina,Colonia,Zapopan,Jalisco,Zapopan,Caliente,,,,,,,,,,,,,,,,,,,
45058,Villa Puerta Del Sol,Colonia,Zapopan,Jalisco,Zapopan,Caliente,,,,,,,,,,,,,,,,,,,
45058,Villas Del Tepeyac,Colonia,Zapopan,Jalisco,Zapopan,Caliente,,,,,,,,,,,,,,,,,,,
45058,Santa Catalina,Colonia,Zapopan,Jalisco,Zapopan,Caliente,,,,,,,,,,,,,,,,,,,
45059,Residencial Moctezuma Poniente,Fraccionamiento,Zapopan,Jalisco,Zapopan,Caliente,,,,,,,,,,,,,,,,,,,
45059,Residencial Moctezuma,Fraccionamiento,Zapopan,Jalisco,Zapopan,Caliente,,,,,,,,,,,,,,,,,,,
45060,Miramar,Colonia,Zapopan,Jalisco,Zapopan,Caliente,,,,,,,,,,,,,,,,,,,
45065,Carlos Rivera,Colonia,Zapopan,Jalisco,Zapopan,Caliente,,,,,,,,,,,,,,,,,,,
45065,Jardines Tapatíos,Colonia,Zapopan,Jalisco,Zapopan,Caliente,,,,,,,,,,,,,,,,,,,
45065,Lomas de La Primavera,Colonia,Zapopan,Jalisco,Zapopan,Caliente,,,,,,,,,,,,,,,,,,,
45066,Citala,Fraccionamiento,Zapopan,Jalisco,Zapopan,Caliente,,,,,,,,,,,,,,,,,,,
45066,Natura Bosque Residencial,Fraccionamiento,Zapopan,Jalisco,Zapopan,Caliente,,,,,,,,,,,,,,,,,,,
45066,La Granja,Colonia,Zapopan,Jalisco,Zapopan,Caliente,,,,,,,,,,,,,,,,,,,
45066,Villas de la Primavera,Fraccionamiento,Zapopan,Jalisco,Zapopan,Caliente,,,,,,,,,,,,,,,,,,,
45066,Forét Residencial,Fraccionamiento,Zapopan,Jalisco,Zapopan,Caliente,,,,,,,,,,,,,,,,,,,
45066,Bosque Real,Fraccionamiento,Zapopan,Jalisco,Zapopan,Caliente,,,,,,,,,,,,,,,,,,,
45066,Monte Verde,Fraccionamiento,Zapopan,Jalisco,Zapopan,Caliente,,,,,,,,,,,,,,,,,,,
45066,Monte Verde II,Fraccionamiento,Zapopan,Jalisco,Zapopan,Caliente,,,,,,,,,,,,,,,,,,,
45066,Monte Verde III,Fraccionamiento,Zapopan,Jalisco,Zapopan,Caliente,,,,,,,,,,,,,,,,,,,
45066,Parque Arrayanes,Fraccionamiento,Zapopan,Jalisco,Zapopan,Caliente,,,,,,,,,,,,,,,,,,,
45066,Los Cerritos,Colonia,Zapopan,Jalisco,Zapopan,Caliente,,,,,,,,,,,,,,,,,,,
45066,5 de Noviembre,Colonia,Zapopan,Jalisco,Zapopan,Caliente,,,,,,,,,,,,,,,,,,,
45066,La Loma Alta,Colonia,Zapopan,Jalisco,Zapopan,Caliente,,,,,,,,,,,,,,,,,,,
45066,Luna Bosque Residencial,Fraccionamiento,Zapopan,Jalisco,Zapopan,Caliente,,,,,,,,,,,,,,,,,,,
45066,Ceibas,Fraccionamiento,Zapopan,Jalisco,Zapopan,Caliente,,,,,,,,,,,,,,,,,,,
45066,Zenith,Fraccionamiento,Zapopan,Jalisco,Zapopan,Caliente,,,,,,,,,,,,,,,,,,,
45066,Reciente Amanecer,Colonia,Zapopan,Jalisco,Zapopan,Caliente,,,,,,,,,,,,,,,,,,,
45066,Estancia Bosques,Fraccionamiento,Zapopan,Jalisco,Zapopan,Caliente,,,,,,,,,,,,,,,,,,,
45066,Lomas del Fortín,Fraccionamiento,Zapopan,Jalisco,Zapopan,Caliente,,,,,,,,,,,,,,,,,,,
45066,Arenales Tapatíos,Colonia,Zapopan,Jalisco,Zapopan,Caliente,,,,,,,,,,,,,,,,,,,
45066,Valle de San Nicolás,Fraccionamiento,Zapopan,Jalisco,Zapopan,Caliente,,,,,,,,,,,,,,,,,,,
45066,El Fortín,Colonia,Zapopan,Jalisco,Zapopan,Caliente,,,,,,,,,,,,,,,,,,,
45066,Colinas de La Primavera,Colonia,Zapopan,Jalisco,Zapopan,Caliente,,,,,,,,,,,,,,,,,,,
45066,Jardines de La Primavera,Colonia,Zapopan,Jalisco,Zapopan,Caliente,,,,,,,,,,,,,,,,,,,
45066,Villas Mariano Otero,Colonia,Zapopan,Jalisco,Zapopan,Caliente,,,,,,,,,,,,,,,,,,,
45066,El Tizate,Colonia,Zapopan,Jalisco,Zapopan,Caliente,,,,,,,,,,,,,,,,,,,
45066,Puerta del Bosque,Fraccionamiento,Zapopan,Jalisco,Zapopan,Caliente,,,,,,,,,,,,,,,,,,,
45066,Residencial La Peña,Colonia,Zapopan,Jalisco,Zapopan,Caliente,,,,,,,,,,,,,,,,,,,
45066,Oyamel,Fraccionamiento,Zapopan,Jalisco,Zapopan,Caliente,,,,,,,,,,,,,,,,,,,
45066,Arrayanes,Fraccionamiento,Zapopan,Jalisco,Zapopan,Caliente,,,,,,,,,,,,,,,,,,,
45066,Misión La Floresta,Fraccionamiento,Zapopan,Jalisco,Zapopan,Caliente,,,,,,,,,,,,,,,,,,,
45067,Mariano Otero,Colonia,Zapopan,Jalisco,Zapopan,Caliente,,,,,,,,,,,,,,,,,,,
45068,El Rehilete,Colonia,Zapopan,Jalisco,Zapopan,Caliente,,,,,,,,,,,,,,,,,,,
45068,Balcones Del Sol,Colonia,Zapopan,Jalisco,Zapopan,Caliente,,,,,,,,,,,,,,,,,,,
45068,La Floresta Del Colli,Colonia,Zapopan,Jalisco,Zapopan,Caliente,,,,,,,,,,,,,,,,,,,
45068,12 de Diciembre,Colonia,Zapopan,Jalisco,Zapopan,Caliente,,,,,,,,,,,,,,,,,,,
45069,Paraísos Del Colli,Colonia,Zapopan,Jalisco,Zapopan,Caliente,,,,,,,,,,,,,,,,,,,
45069,Parque Industrial El Colli,Fraccionamiento,Zapopan,Jalisco,Zapopan,Tibio,,,,,,,,,,,,,,,,,,,
45070,Arboledas 1a Secc,Colonia,Zapopan,Jalisco,Zapopan,Caliente,,,,,,,,,,,,,,,,,,,
45070,Arboledas 2a Secc,Colonia,Zapopan,Jalisco,Zapopan,Caliente,,,,,,,,,,,,,,,,,,,
45070,El Colli Ejidal,Colonia,Zapopan,Jalisco,Zapopan,Caliente,,,,,,,,,,,,,,,,,,,
45070,El Colli Urbano 1a. Sección,Colonia,Zapopan,Jalisco,Zapopan,Caliente,,,,,,,,,,,,,,,,,,,
45070,La Calma,Colonia,Zapopan,Jalisco,Zapopan,Caliente,,,,,,,,,,,,,,,,,,,
45070,Las Fuentes,Colonia,Zapopan,Jalisco,Zapopan,Caliente,,,,,,,,,,,,,,,,,,,
45070,El Colli Urbano 2a. sección,Colonia,Zapopan,Jalisco,Zapopan,Caliente,,,,,,,,,,,,,,,,,,,
45076,Unidad Cadete Francisco Márquez,Colonia,Zapopan,Jalisco,Zapopan,Caliente,,,,,,,,,,,,,,,,,,,
45077,Las Pirámides,Colonia,Zapopan,Jalisco,Zapopan,Caliente,,,,,,,,,,,,,,,,,,,
45078,Periodistas,Colonia,Zapopan,Jalisco,Zapopan,Caliente,,,,,,,,,,,,,,,,,,,
45079,Las Alamedas,Colonia,Zapopan,Jalisco,Zapopan,Caliente,,,,,,,,,,,,,,,,,,,
45079,Paseos del Sol,Colonia,Zapopan,Jalisco,Zapopan,Caliente,,,,,,,,,,,,,,,,,,,
45079,Rinconada Del Sol Por Zona Arqueológica Ixtepec,Colonia,Zapopan,Jalisco,Zapopan,Caliente,,,,,,,,,,,,,,,,,,,
45079,Hacienda San Antonio del Valle,Fraccionamiento,Zapopan,Jalisco,Zapopan,Caliente,,,,,,,,,,,,,,,,,,,
45080,Unidad Díaz Ordaz,Colonia,Zapopan,Jalisco,Zapopan,Caliente,,,,,,,,,,,,,,,,,,,
45080,La Calma 2a Secc,Colonia,Zapopan,Jalisco,Zapopan,Caliente,,,,,,,,,,,,,,,,,,,
45080,Las Águilas,Colonia,Zapopan,Jalisco,Zapopan,Caliente,,,,,,,,,,,,,,,,,,,
45080,Pinar de La Calma,Colonia,Zapopan,Jalisco,Zapopan,Caliente,,,,,,,,,,,,,,,,,,,
45080,Rinconada de La Calma,Colonia,Zapopan,Jalisco,Zapopan,Caliente,,,,,,,,,,,,,,,,,,,
45080,Sierra de Tapalpa,Condominio,Zapopan,Jalisco,Zapopan,Caliente,,,,,,,,,,,,,,,,,,,
45080,Colinas de Las Águilas,Colonia,Zapopan,Jalisco,Zapopan,Caliente,,,,,,,,,,,,,,,,,,,
45085,Loma Bonita Ejidal,Colonia,Zapopan,Jalisco,Zapopan,Caliente,,,,,,,,,,,,,,,,,,,
45086,Loma Bonita Sur,Colonia,Zapopan,Jalisco,Zapopan,Caliente,,,,,,,,,,,,,,,,,,,
45086,Loma Bonita,Colonia,Zapopan,Jalisco,Zapopan,Caliente,,,,,,,,,,,,,,,,,,,
45087,Navío,Condominio,Zapopan,Jalisco,Zapopan,Caliente,,,,,,,,,,,,,,,,,,,
45087,Rinconada La Joya,Conjunto habitacional,Zapopan,Jalisco,Zapopan,Caliente,,,,,,,,,,,,,,,,,,,
45088,La Giralda,Colonia,Zapopan,Jalisco,Zapopan,Caliente,,,,,,,,,,,,,,,,,,,
45088,Residencial Loma Bonita,Colonia,Zapopan,Jalisco,Zapopan,Caliente,,,,,,,,,,,,,,,,,,,
45089,Residencial Victoria,Fraccionamiento,Zapopan,Jalisco,Zapopan,Caliente,,,,,,,,,,,,,,,,,,,
45089,Jardines Villas del Bosque,Fraccionamiento,Zapopan,Jalisco,Zapopan,Caliente,,,,,,,,,,,,,,,,,,,
45100,La Villa,Colonia,Zapopan,Jalisco,Zapopan,Caliente,,,,,,,,,,,,,,,,,,,
45100,Zapopan Centro,Colonia,Zapopan,Jalisco,Zapopan,Caliente,,,,,,,,,,,,,,,,,,,
45110,Villa la Cima,Fraccionamiento,Zapopan,Jalisco,Zapopan,Caliente,,,,,,,,,,,,,,,,,,,
45110,El Alcazar Poniente,Fraccionamiento,Zapopan,Jalisco,Zapopan,Caliente,,,,,,,,,,,,,,,,,,,
45110,El Alcazar Oriente,Fraccionamiento,Zapopan,Jalisco,Zapopan,Caliente,,,,,,,,,,,,,,,,,,,
45110,Colinas de San Javier,Colonia,Zapopan,Jalisco,Zapopan,Caliente,,,,,,,,,,,,,,,,,,,
45110,Jacarandas,Condominio,Zapopan,Jalisco,Zapopan,Caliente,,,,,,,,,,,,,,,,,,,
45110,Jardines de La Patria,Colonia,Zapopan,Jalisco,Zapopan,Caliente,,,,,,,,,,,,,,,,,,,
45110,Jardines Universidad,Colonia,Zapopan,Jalisco,Zapopan,Caliente,,,,,,,,,,,,,,,,,,,
45110,Real San Bernardo,Colonia,Zapopan,Jalisco,Zapopan,Caliente,,,,,,,,,,,,,,,,,,,
45110,Santa Isabel,Colonia,Zapopan,Jalisco,Zapopan,Caliente,,,,,,,,,,,,,,,,,,,
45110,San Bernardo,Colonia,Zapopan,Jalisco,Zapopan,Caliente,,,,,,,,,,,,,,,,,,,
45110,San Wenceslao,Colonia,Zapopan,Jalisco,Zapopan,Caliente,,,,,,,,,,,,,,,,,,,
45110,Vallarta Universidad,Colonia,Zapopan,Jalisco,Zapopan,Caliente,,,,,,,,,,,,,,,,,,,
45110,Villa Universitaria,Colonia,Zapopan,Jalisco,Zapopan,Caliente,,,,,,,,,,,,,,,,,,,
45110,Virreyes Residencial,Colonia,Zapopan,Jalisco,Zapopan,Caliente,,,,,,,,,,,,,,,,,,,
45110,Colomos Patria,Colonia,Zapopan,Jalisco,Zapopan,Caliente,,,,,,,,,,,,,,,,,,,
45115,Puerta las Lomas,Fraccionamiento,Zapopan,Jalisco,Zapopan,Caliente,,,,,,,,,,,,,,,,,,,
45115,Colinas Virreyes,Fraccionamiento,Zapopan,Jalisco,Zapopan,Caliente,,,,,,,,,,,,,,,,,,,
45115,Entrelomas Residencial,Fraccionamiento,Zapopan,Jalisco,Zapopan,Caliente,,,,,,,,,,,,,,,,,,,
45115,Residencial Parque Virreyes,Fraccionamiento,Zapopan,Jalisco,Zapopan,Caliente,,,,,,,,,,,,,,,,,,,
45115,Villa Verona,Fraccionamiento,Zapopan,Jalisco,Zapopan,Caliente,,,,,,,,,,,,,,,,,,,
45115,Los Castaños,Fraccionamiento,Zapopan,Jalisco,Zapopan,Caliente,,,,,,,,,,,,,,,,,,,
45115,Vistas del Tule I,Fraccionamiento,Zapopan,Jalisco,Zapopan,Caliente,,,,,,,,,,,,,,,,,,,
45115,Vistas del Tule II,Fraccionamiento,Zapopan,Jalisco,Zapopan,Caliente,,,,,,,,,,,,,,,,,,,
45116,Puerta Aqua,Condominio,Zapopan,Jalisco,Zapopan,Caliente,,,,,,,,,,,,,,,,,,,
45116,Puerta del Bosque,Fraccionamiento,Zapopan,Jalisco,Zapopan,Caliente,,,,,,,,,,,,,,,,,,,
45116,Real del Parque,Condominio,Zapopan,Jalisco,Zapopan,Caliente,,,,,,,,,,,,,,,,,,,
45116,Puerta de Hierro,Colonia,Zapopan,Jalisco,Zapopan,Caliente,,,,,,,,,,,,,,,,,,,
45116,Royal Country,Colonia,Zapopan,Jalisco,Zapopan,Caliente,,,,,,,,,,,,,,,,,,,
45116,Puerta Plata,Condominio,Zapopan,Jalisco,Zapopan,Caliente,,,,,,,,,,,,,,,,,,,
45116,Puerta Del Roble,Fraccionamiento,Zapopan,Jalisco,Zapopan,Caliente,,,,,,,,,,,,,,,,,,,
45116,Pontevedra,Fraccionamiento,Zapopan,Jalisco,Zapopan,Caliente,,,,,,,,,,,,,,,,,,,
45117,Vista Magna,Condominio,Zapopan,Jalisco,Zapopan,Caliente,,,,,,,,,,,,,,,,,,,
45117,La Laja,Colonia,Zapopan,Jalisco,Zapopan,Caliente,,,,,,,,,,,,,,,,,,,
45117,Parque de La Castellana,Colonia,Zapopan,Jalisco,Zapopan,Caliente,,,,,,,,,,,,,,,,,,,
45117,Parque Regency,Colonia,Zapopan,Jalisco,Zapopan,Caliente,,,,,,,,,,,,,,,,,,,
45117,El Rincón,Fraccionamiento,Zapopan,Jalisco,Zapopan,Caliente,,,,,,,,,,,,,,,,,,,
45117,Puerta del Sol,Colonia,Zapopan,Jalisco,Zapopan,Caliente,,,,,,,,,,,,,,,,,,,
45117,Callejón del Parque,Colonia,Zapopan,Jalisco,Zapopan,Caliente,,,,,,,,,,,,,,,,,,,
45118,Atlas Colomos,Condominio,Zapopan,Jalisco,Zapopan,Caliente,,,,,,,,,,,,,,,,,,,
45118,El Prado,Condominio,Zapopan,Jalisco,Zapopan,Caliente,,,,,,,,,,,,,,,,,,,
45118,Guadalajarita,Colonia,Zapopan,Jalisco,Zapopan,Caliente,,,,,,,,,,,,,,,,,,,
45118,Lomas de las Palmas,Condominio,Zapopan,Jalisco,Zapopan,Caliente,,,,,,,,,,,,,,,,,,,
45118,Lomas Del Bosque,Colonia,Zapopan,Jalisco,Zapopan,Caliente,,,,,,,,,,,,,,,,,,,
45118,Zotogrande,Fraccionamiento,Zapopan,Jalisco,Zapopan,Caliente,,,,,,,,,,,,,,,,,,,
45119,La Patria Universidad,Colonia,Zapopan,Jalisco,Zapopan,Caliente,,,,,,,,,,,,,,,,,,,
45120,Juan Manuel Vallarta,Colonia,Zapopan,Jalisco,Zapopan,Caliente,,,,,,,,,,,,,,,,,,,
45120,Los Pinos,Colonia,Zapopan,Jalisco,Zapopan,Caliente,,,,,,,,,,,,,,,,,,,
45120,Unidad México,Colonia,Zapopan,Jalisco,Zapopan,Caliente,,,,,,,,,,,,,,,,,,,
45120,Vigusa,Colonia,Zapopan,Jalisco,Zapopan,Caliente,,,,,,,,,,,,,,,,,,,
45120,Hacienda de Las Lomas,Colonia,Zapopan,Jalisco,Zapopan,Caliente,,,,,,,,,,,,,,,,,,,
45120,Villas de San Javier,Colonia,Zapopan,Jalisco,Zapopan,Caliente,,,,,,,,,,,,,,,,,,,
45120,Rinconada Santa Rita,Colonia,Zapopan,Jalisco,Zapopan,Caliente,,,,,,,,,,,,,,,,,,,
45128,La Favorita,Colonia,Zapopan,Jalisco,Zapopan,Caliente,,,,,,,,,,,,,,,,,,,
45128,Lomas Altas,Conjunto habitacional,Zapopan,Jalisco,Zapopan,Caliente,,,,,,,,,,,,,,,,,,,
45129,Loma Real,Colonia,Zapopan,Jalisco,Zapopan,Caliente,,,,,,,,,,,,,,,,,,,
45129,Lomas Del Valle,Colonia,Zapopan,Jalisco,Zapopan,Caliente,,,,,,,,,,,,,,,,,,,
45129,Los Palomos,Colonia,Zapopan,Jalisco,Zapopan,Caliente,,,,,,,,,,,,,,,,,,,
45130,Arándanos Cañada Residencial,Fraccionamiento,Zapopan,Jalisco,Zapopan,Caliente,,,,,,,,,,,,,,,,,,,
45130,Altagracia,Fraccionamiento,Zapopan,Jalisco,Zapopan,Caliente,,,,,,,,,,,,,,,,,,,
45130,Arcos de Zapopan 1a. Sección,Colonia,Zapopan,Jalisco,Zapopan,Caliente,,,,,,,,,,,,,,,,,,,
45130,Arcos de Zapopan 2a. Sección,Colonia,Zapopan,Jalisco,Zapopan,Caliente,,,,,,,,,,,,,,,,,,,
45130,Lomas de Zapopan,Colonia,Zapopan,Jalisco,Zapopan,Caliente,,,,,,,,,,,,,,,,,,,
45130,San Francisco,Condominio,Zapopan,Jalisco,Zapopan,Caliente,,,,,,,,,,,,,,,,,,,
45130,Zapopan Industrial Norte,Zona industrial,Zapopan,Jalisco,Zapopan,Tibio,,,,,,,,,,,,,,,,,,,
45130,Colinas Del Rey,Colonia,Zapopan,Jalisco,Zapopan,Caliente,,,,,,,,,,,,,,,,,,,
45130,Francisco Villa,Colonia,Zapopan,Jalisco,Zapopan,Caliente,,,,,,,,,,,,,,,,,,,
45130,Mirador de San Isidro,Fraccionamiento,Zapopan,Jalisco,Zapopan,Caliente,,,,,,,,,,,,,,,,,,,
45130,Rinconadas de las Palmas,Colonia,Zapopan,Jalisco,Zapopan,Caliente,,,,,,,,,,,,,,,,,,,
45130,Villas de Torremolinos,Fraccionamiento,Zapopan,Jalisco,Zapopan,Caliente,,,,,,,,,,,,,,,,,,,
45130,Real del Bosque,Fraccionamiento,Zapopan,Jalisco,Zapopan,Caliente,,,,,,,,,,,,,,,,,,,
45130,Casa Grande,Fraccionamiento,Zapopan,Jalisco,Zapopan,Caliente,,,,,,,,,,,,,,,,,,,
45130,Real de Valdepeñas,Fraccionamiento,Zapopan,Jalisco,Zapopan,Caliente,,,,,,,,,,,,,,,,,,,
45130,Real del Camichin,Condominio,Zapopan,Jalisco,Zapopan,Caliente,,,,,,,,,,,,,,,,,,,
45130,Bosques de Zapopan,Colonia,Zapopan,Jalisco,Zapopan,Caliente,,,,,,,,,,,,,,,,,,,
45130,Bosque Valdepeñas,Colonia,Zapopan,Jalisco,Zapopan,Caliente,,,,,,,,,,,,,,,,,,,
45130,Hacienda del Sol,Fraccionamiento,Zapopan,Jalisco,Zapopan,Caliente,,,,,,,,,,,,,,,,,,,
45130,Punta Valdepeñas 2,Colonia,Zapopan,Jalisco,Zapopan,Caliente,,,,,,,,,,,,,,,,,,,
45130,Punta Valdepeñas 1,Colonia,Zapopan,Jalisco,Zapopan,Caliente,,,,,,,,,,,,,,,,,,,
45130,Cañadas de San Lorenzo,Fraccionamiento,Zapopan,Jalisco,Zapopan,Caliente,,,,,,,,,,,,,,,,,,,
45133,Altavista Residencial,Fraccionamiento,Zapopan,Jalisco,Zapopan,Caliente,,,,,,,,,,,,,,,,,,,
45133,Praderas del Centinela,Fraccionamiento,Zapopan,Jalisco,Zapopan,Caliente,,,,,,,,,,,,,,,,,,,
45133,Canteras del Centinela,Fraccionamiento,Zapopan,Jalisco,Zapopan,Caliente,,,,,,,,,,,,,,,,,,,
45133,Zoi Cañadas,Fraccionamiento,Zapopan,Jalisco,Zapopan,Caliente,,,,,,,,,,,,,,,,,,,
45133,Real de Valdepeñas II,Fraccionamiento,Zapopan,Jalisco,Zapopan,Caliente,,,,,,,,,,,,,,,,,,,
45133,Vitana Residencial,Fraccionamiento,Zapopan,Jalisco,Zapopan,Caliente,,,,,,,,,,,,,,,,,,,
45133,Montes,Condominio,Zapopan,Jalisco,Zapopan,Caliente,,,,,,,,,,,,,,,,,,,
45133,Vista Sur Residencial,Fraccionamiento,Zapopan,Jalisco,Zapopan,Caliente,,,,,,,,,,,,,,,,,,,
45133,Argenta Mirador Residencial,Fraccionamiento,Zapopan,Jalisco,Zapopan,Caliente,,,,,,,,,,,,,,,,,,,
45133,Punta Centinela,Fraccionamiento,Zapopan,Jalisco,Zapopan,Caliente,,,,,,,,,,,,,,,,,,,
45133,Magnolia,Condominio,Zapopan,Jalisco,Zapopan,Caliente,,,,,,,,,,,,,,,,,,,
45133,La Vista,Fraccionamiento,Zapopan,Jalisco,Zapopan,Caliente,,,,,,,,,,,,,,,,,,,
45133,Colinas de San Isidro,Fraccionamiento,Zapopan,Jalisco,Zapopan,Caliente,,,,,,,,,,,,,,,,,,,
45133,Sotavento,Condominio,Zapopan,Jalisco,Zapopan,Caliente,,,,,,,,,,,,,,,,,,,
45133,Residencial Los Cedros,Fraccionamiento,Zapopan,Jalisco,Zapopan,Caliente,,,,,,,,,,,,,,,,,,,
45133,Cipreses,Fraccionamiento,Zapopan,Jalisco,Zapopan,Caliente,,,,,,,,,,,,,,,,,,,
45133,Los Fresnos,Fraccionamiento,Zapopan,Jalisco,Zapopan,Caliente,,,,,,,,,,,,,,,,,,,
45133,Los Robles,Fraccionamiento,Zapopan,Jalisco,Zapopan,Caliente,,,,,,,,,,,,,,,,,,,
45133,Sauces,Fraccionamiento,Zapopan,Jalisco,Zapopan,Caliente,,,,,,,,,,,,,,,,,,,
45133,Los Abetos,Fraccionamiento,Zapopan,Jalisco,Zapopan,Caliente,,,,,,,,,,,,,,,,,,,
45133,Olmos,Fraccionamiento,Zapopan,Jalisco,Zapopan,Caliente,,,,,,,,,,,,,,,,,,,
45133,Nogales,Fraccionamiento,Zapopan,Jalisco,Zapopan,Caliente,,,,,,,,,,,,,,,,,,,
45133,Encinos,Fraccionamiento,Zapopan,Jalisco,Zapopan,Caliente,,,,,,,,,,,,,,,,,,,
45133,Savia Tulipan,Fraccionamiento,Zapopan,Jalisco,Zapopan,Caliente,,,,,,,,,,,,,,,,,,,
45133,Savia Orquidea,Fraccionamiento,Zapopan,Jalisco,Zapopan,Caliente,,,,,,,,,,,,,,,,,,,
45133,Jacarandas,Fraccionamiento,Zapopan,Jalisco,Zapopan,Caliente,,,,,,,,,,,,,,,,,,,
45133,Savia Jazmín,Fraccionamiento,Zapopan,Jalisco,Zapopan,Caliente,,,,,,,,,,,,,,,,,,,
45133,Residencial Ave del Paraíso,Fraccionamiento,Zapopan,Jalisco,Zapopan,Caliente,,,,,,,,,,,,,,,,,,,
45133,Los Sabinos,Fraccionamiento,Zapopan,Jalisco,Zapopan,Caliente,,,,,,,,,,,,,,,,,,,
45133,Los Álamos,Fraccionamiento,Zapopan,Jalisco,Zapopan,Caliente,,,,,,,,,,,,,,,,,,,
45133,Las Cañadas (Bosques de San Isidro),Colonia,Zapopan,Jalisco,Zapopan,Caliente,,,,,,,,,,,,,,,,,,,
45133,San Isidro,Pueblo,Zapopan,Jalisco,Zapopan,Caliente,,,,,,,,,,,,,,,,,,,
45133,Colinas Del Centinela,Fraccionamiento,Zapopan,Jalisco,Zapopan,Caliente,,,,,,,,,,,,,,,,,,,
45133,Mirador de San Isidro,Fraccionamiento,Zapopan,Jalisco,Zapopan,Caliente,,,,,,,,,,,,,,,,,,,
45133,Haciendas Del Valle,Fraccionamiento,Zapopan,Jalisco,Zapopan,Caliente,,,,,,,,,,,,,,,,,,,
45133,Villas Del Mirador,Fraccionamiento,Zapopan,Jalisco,Zapopan,Caliente,,,,,,,,,,,,,,,,,,,
45133,Valle de San Isidro,Fraccionamiento,Zapopan,Jalisco,Zapopan,Caliente,,,,,,,,,,,,,,,,,,,
45133,Haciendas Del Valle 2a Sección,Fraccionamiento,Zapopan,Jalisco,Zapopan,Caliente,,,,,,,,,,,,,,,,,,,
45133,Misión Del Bosque,Fraccionamiento,Zapopan,Jalisco,Zapopan,Caliente,,,,,,,,,,,,,,,,,,,
45133,Parques Del Centinela,Fraccionamiento,Zapopan,Jalisco,Zapopan,Caliente,,,,,,,,,,,,,,,,,,,
45133,Residencial San Isidro,Fraccionamiento,Zapopan,Jalisco,Zapopan,Caliente,,,,,,,,,,,,,,,,,,,
45133,Mirador de La Cañada,Colonia,Zapopan,Jalisco,Zapopan,Caliente,,,,,,,,,,,,,,,,,,,
45133,Rancho El Centinela,Colonia,Zapopan,Jalisco,Zapopan,Caliente,,,,,,,,,,,,,,,,,,,
45133,Misión de San Isidro,Colonia,Zapopan,Jalisco,Zapopan,Caliente,,,,,,,,,,,,,,,,,,,
45133,Los Almendros,Fraccionamiento,Zapopan,Jalisco,Zapopan,Caliente,,,,,,,,,,,,,,,,,,,
45134,La Moraleja,Fraccionamiento,Zapopan,Jalisco,Zapopan,Caliente,,,,,,,,,,,,,,,,,,,
45134,Real Cantabria,Fraccionamiento,Zapopan,Jalisco,Zapopan,Caliente,,,,,,,,,,,,,,,,,,,
45134,Campestre Los Robles,Fraccionamiento,Zapopan,Jalisco,Zapopan,Caliente,,,,,,,,,,,,,,,,,,,
45134,Los Guayabos,Colonia,Zapopan,Jalisco,Zapopan,Caliente,,,,,,,,,,,,,,,,,,,
45134,Madeiras,Fraccionamiento,Zapopan,Jalisco,Zapopan,Caliente,,,,,,,,,,,,,,,,,,,
45134,Puerta Serena,Fraccionamiento,Zapopan,Jalisco,Zapopan,Caliente,,,,,,,,,,,,,,,,,,,
45134,La Sauceda,Fraccionamiento,Zapopan,Jalisco,Zapopan,Caliente,,,,,,,,,,,,,,,,,,,
45134,Sendas Residencial,Fraccionamiento,Zapopan,Jalisco,Zapopan,Caliente,,,,,,,,,,,,,,,,,,,
45134,Altaterra,Fraccionamiento,Zapopan,Jalisco,Zapopan,Caliente,,,,,,,,,,,,,,,,,,,
45134,Altaterra II,Fraccionamiento,Zapopan,Jalisco,Zapopan,Caliente,,,,,,,,,,,,,,,,,,,
45134,Los Nísperos,Fraccionamiento,Zapopan,Jalisco,Zapopan,Caliente,,,,,,,,,,,,,,,,,,,
45134,Canteras,Fraccionamiento,Zapopan,Jalisco,Zapopan,Caliente,,,,,,,,,,,,,,,,,,,
45134,Colinas de San Miguel,Colonia,Zapopan,Jalisco,Zapopan,Caliente,,,,,,,,,,,,,,,,,,,
45134,Alva Residencial,Fraccionamiento,Zapopan,Jalisco,Zapopan,Caliente,,,,,,,,,,,,,,,,,,,
45134,Abie,Fraccionamiento,Zapopan,Jalisco,Zapopan,Caliente,,,,,,,,,,,,,,,,,,,
45134,Colina de los Robles,Colonia,Zapopan,Jalisco,Zapopan,Caliente,,,,,,,,,,,,,,,,,,,
45134,El Tigre,Colonia,Zapopan,Jalisco,Zapopan,Caliente,,,,,,,,,,,,,,,,,,,
45134,El Zapote,Colonia,Zapopan,Jalisco,Zapopan,Caliente,,,,,,,,,,,,,,,,,,,
45134,Los Robles,Colonia,Zapopan,Jalisco,Zapopan,Caliente,,,,,,,,,,,,,,,,,,,
45134,Valles de Nuevo México (La Periquera),Colonia,Zapopan,Jalisco,Zapopan,Caliente,,,,,,,,,,,,,,,,,,,
45134,Vicente Guerrero,Colonia,Zapopan,Jalisco,Zapopan,Caliente,,,,,,,,,,,,,,,,,,,
45134,Rio Blanco,Colonia,Zapopan,Jalisco,Zapopan,Caliente,,,,,,,,,,,,,,,,,,,
45134,Lomas de San Gonzalo,Fraccionamiento,Zapopan,Jalisco,Zapopan,Caliente,,,,,,,,,,,,,,,,,,,
45134,Coto Miraflores,Fraccionamiento,Zapopan,Jalisco,Zapopan,Caliente,,,,,,,,,,,,,,,,,,,
45134,Marcelino Garcia Barragán,Colonia,Zapopan,Jalisco,Zapopan,Caliente,,,,,,,,,,,,,,,,,,,
45134,Villas La Loma,Fraccionamiento,Zapopan,Jalisco,Zapopan,Caliente,,,,,,,,,,,,,,,,,,,
45134,Villas del Valle,Fraccionamiento,Zapopan,Jalisco,Zapopan,Caliente,,,,,,,,,,,,,,,,,,,
45134,Los Alamitos,Colonia,Zapopan,Jalisco,Zapopan,Caliente,,,,,,,,,,,,,,,,,,,
45134,Bosques de San Gonzalo,Fraccionamiento,Zapopan,Jalisco,Zapopan,Caliente,,,,,,,,,,,,,,,,,,,
45134,Jardines de San Gonzalo,Fraccionamiento,Zapopan,Jalisco,Zapopan,Caliente,,,,,,,,,,,,,,,,,,,
45134,Bosque de Los Encinos,Fraccionamiento,Zapopan,Jalisco,Zapopan,Caliente,,,,,,,,,,,,,,,,,,,
45134,Campo Real,Fraccionamiento,Zapopan,Jalisco,Zapopan,Caliente,,,,,,,,,,,,,,,,,,,
45134,Placita del Sol,Colonia,Zapopan,Jalisco,Zapopan,Caliente,,,,,,,,,,,,,,,,,,,
45134,Colinas del Río Blanco,Colonia,Zapopan,Jalisco,Zapopan,Caliente,,,,,,,,,,,,,,,,,,,
45134,La Cima,Fraccionamiento,Zapopan,Jalisco,Zapopan,Caliente,,,,,,,,,,,,,,,,,,,
45134,Valle Imperial,Fraccionamiento,Zapopan,Jalisco,Zapopan,Caliente,,,,,,,,,,,,,,,,,,,
45136,La Toscana,Fraccionamiento,Zapopan,Jalisco,Zapopan,Caliente,,,,,,,,,,,,,,,,,,,
45136,Novaterra,Condominio,Zapopan,Jalisco,Zapopan,Caliente,,,,,,,,,,,,,,,,,,,
45136,Real del Carmen,Fraccionamiento,Zapopan,Jalisco,Zapopan,Caliente,,,,,,,,,,,,,,,,,,,
45136,Residencial del Valle,Fraccionamiento,Zapopan,Jalisco,Zapopan,Caliente,,,,,,,,,,,,,,,,,,,
45136,Real del Carmen Grand,Fraccionamiento,Zapopan,Jalisco,Zapopan,Caliente,,,,,,,,,,,,,,,,,,,
45136,La Ceiba,Fraccionamiento,Zapopan,Jalisco,Zapopan,Caliente,,,,,,,,,,,,,,,,,,,
45136,Lugano,Condominio,Zapopan,Jalisco,Zapopan,Caliente,,,,,,,,,,,,,,,,,,,
45136,Abadía,Fraccionamiento,Zapopan,Jalisco,Zapopan,Caliente,,,,,,,,,,,,,,,,,,,
45136,La Mora,Colonia,Zapopan,Jalisco,Zapopan,Caliente,,,,,,,,,,,,,,,,,,,
45136,Los Girasoles,Colonia,Zapopan,Jalisco,Zapopan,Caliente,,,,,,,,,,,,,,,,,,,
45136,Residencial Poniente,Fraccionamiento,Zapopan,Jalisco,Zapopan,Caliente,,,,,,,,,,,,,,,,,,,
45136,Jardín Real,Fraccionamiento,Zapopan,Jalisco,Zapopan,Caliente,,,,,,,,,,,,,,,,,,,
45136,Parque Real,Colonia,Zapopan,Jalisco,Zapopan,Caliente,,,,,,,,,,,,,,,,,,,
45136,Las Lomas Club Golf,Fraccionamiento,Zapopan,Jalisco,Zapopan,Caliente,,,,,,,,,,,,,,,,,,,
45136,Puerta Real,Fraccionamiento,Zapopan,Jalisco,Zapopan,Caliente,,,,,,,,,,,,,,,,,,,
45136,Puerta del Valle,Fraccionamiento,Zapopan,Jalisco,Zapopan,Caliente,,,,,,,,,,,,,,,,,,,
45136,Rinconadas del Valle,Fraccionamiento,Zapopan,Jalisco,Zapopan,Caliente,,,,,,,,,,,,,,,,,,,
45138,Rinconadas de Zapopan,Fraccionamiento,Zapopan,Jalisco,Zapopan,Caliente,,,,,,,,,,,,,,,,,,,
45138,Rinconada del Aire,Fraccionamiento,Zapopan,Jalisco,Zapopan,Caliente,,,,,,,,,,,,,,,,,,,
45138,Los Mandarinos,Fraccionamiento,Zapopan,Jalisco,Zapopan,Caliente,,,,,,,,,,,,,,,,,,,
45138,Jardines San Francisco,Fraccionamiento,Zapopan,Jalisco,Zapopan,Caliente,,,,,,,,,,,,,,,,,,,
45138,Armonía Hábitat,Fraccionamiento,Zapopan,Jalisco,Zapopan,Caliente,,,,,,,,,,,,,,,,,,,
45138,Puerta Laurel,Fraccionamiento,Zapopan,Jalisco,Zapopan,Caliente,,,,,,,,,,,,,,,,,,,
45138,Lucero del Valle,Fraccionamiento,Zapopan,Jalisco,Zapopan,Caliente,,,,,,,,,,,,,,,,,,,
45138,Pacífica Habitat,Fraccionamiento,Zapopan,Jalisco,Zapopan,Caliente,,,,,,,,,,,,,,,,,,,
45138,El Real,Fraccionamiento,Zapopan,Jalisco,Zapopan,Caliente,,,,,,,,,,,,,,,,,,,
45138,El Secreto,Fraccionamiento,Zapopan,Jalisco,Zapopan,Caliente,,,,,,,,,,,,,,,,,,,
45138,Las Bóvedas,Colonia,Zapopan,Jalisco,Zapopan,Caliente,,,,,,,,,,,,,,,,,,,
45138,Flores del Valle,Fraccionamiento,Zapopan,Jalisco,Zapopan,Caliente,,,,,,,,,,,,,,,,,,,
45138,La Tuzania,Colonia,Zapopan,Jalisco,Zapopan,Caliente,,,,,,,,,,,,,,,,,,,
45138,Ex Hacienda de La Mora,Colonia,Zapopan,Jalisco,Zapopan,Caliente,,,,,,,,,,,,,,,,,,,
45138,Jardines Del Valle,Colonia,Zapopan,Jalisco,Zapopan,Caliente,,,,,,,,,,,,,,,,,,,
45138,La Casita,Colonia,Zapopan,Jalisco,Zapopan,Caliente,,,,,,,,,,,,,,,,,,,
45138,Girasoles Elite,Colonia,Zapopan,Jalisco,Zapopan,Caliente,,,,,,,,,,,,,,,,,,,
45138,Jardines de Nuevo México,Colonia,Zapopan,Jalisco,Zapopan,Caliente,,,,,,,,,,,,,,,,,,,
45138,V Región Militar,Unidad habitacional,Zapopan,Jalisco,Zapopan,Caliente,,,,,,,,,,,,,,,,,,,
45138,Nuevo México,Colonia,Zapopan,Jalisco,Zapopan,Caliente,,,,,,,,,,,,,,,,,,,
45138,Hogares de Nuevo México,Colonia,Zapopan,Jalisco,Zapopan,Caliente,,,,,,,,,,,,,,,,,,,
45138,Parques de Zapopan,Colonia,Zapopan,Jalisco,Zapopan,Caliente,,,,,,,,,,,,,,,,,,,
45138,Héroes Nacionales,Colonia,Zapopan,Jalisco,Zapopan,Caliente,,,,,,,,,,,,,,,,,,,
45138,Jardines de Santa Margarita,Colonia,Zapopan,Jalisco,Zapopan,Caliente,,,,,,,,,,,,,,,,,,,
45138,Base Aérea Militar No. 5,Equipamiento,Zapopan,Jalisco,Zapopan,Caliente,,,,,,,,,,,,,,,,,,,
45138,Misión del Valle,Fraccionamiento,Zapopan,Jalisco,Zapopan,Caliente,,,,,,,,,,,,,,,,,,,
45138,Praderas de San Antonio,Colonia,Zapopan,Jalisco,Zapopan,Caliente,,,,,,,,,,,,,,,,,,,
45138,Colegio Del Aire,Fraccionamiento,Zapopan,Jalisco,Zapopan,Caliente,,,,,,,,,,,,,,,,,,,
45138,Luis Donaldo Colosio,Colonia,Zapopan,Jalisco,Zapopan,Caliente,,,,,,,,,,,,,,,,,,,
45138,Girasoles Acueducto,Colonia,Zapopan,Jalisco,Zapopan,Caliente,,,,,,,,,,,,,,,,,,,
45138,Misión Jardines,Fraccionamiento,Zapopan,Jalisco,Zapopan,Caliente,,,,,,,,,,,,,,,,,,,
45138,Villas de Nuevo México,Fraccionamiento,Zapopan,Jalisco,Zapopan,Caliente,,,,,,,,,,,,,,,,,,,
45138,Misión del Valle II,Fraccionamiento,Zapopan,Jalisco,Zapopan,Caliente,,,,,,,,,,,,,,,,,,,
45138,Residencial Santa Fe,Fraccionamiento,Zapopan,Jalisco,Zapopan,Caliente,,,,,,,,,,,,,,,,,,,
45138,El Olivo,Fraccionamiento,Zapopan,Jalisco,Zapopan,Caliente,,,,,,,,,,,,,,,,,,,
45138,La Noria Residencial,Fraccionamiento,Zapopan,Jalisco,Zapopan,Caliente,,,,,,,,,,,,,,,,,,,
45138,Valle Esmeralda,Fraccionamiento,Zapopan,Jalisco,Zapopan,Caliente,,,,,,,,,,,,,,,,,,,
45138,El Fresno,Fraccionamiento,Zapopan,Jalisco,Zapopan,Caliente,,,,,,,,,,,,,,,,,,,
45138,Santa Margarita Residencial,Colonia,Zapopan,Jalisco,Zapopan,Caliente,,,,,,,,,,,,,,,,,,,
45138,Rinconada de Los Fresnos,Fraccionamiento,Zapopan,Jalisco,Zapopan,Caliente,,,,,,,,,,,,,,,,,,,
45138,El Triángulo,Colonia,Zapopan,Jalisco,Zapopan,Caliente,,,,,,,,,,,,,,,,,,,
45138,Viveros del Valle,Fraccionamiento,Zapopan,Jalisco,Zapopan,Caliente,,,,,,,,,,,,,,,,,,,
45140,U.A.G.,Colonia,Zapopan,Jalisco,Zapopan,Caliente,,,,,,,,,,,,,,,,,,,
45140,El Vigía,Colonia,Zapopan,Jalisco,Zapopan,Caliente,,,,,,,,,,,,,,,,,,,
45140,La Loma,Colonia,Zapopan,Jalisco,Zapopan,Caliente,,,,,,,,,,,,,,,,,,,
45140,San Francisco,Colonia,Zapopan,Jalisco,Zapopan,Caliente,,,,,,,,,,,,,,,,,,,
45140,San José del Bajío,Colonia,Zapopan,Jalisco,Zapopan,Caliente,,,,,,,,,,,,,,,,,,,
45140,Santa Margarita,Colonia,Zapopan,Jalisco,Zapopan,Caliente,,,,,,,,,,,,,,,,,,,
45140,Unidad Abastos Belenes,Colonia,Zapopan,Jalisco,Zapopan,Caliente,,,,,,,,,,,,,,,,,,,
45140,Residencial los Frailes,Fraccionamiento,Zapopan,Jalisco,Zapopan,Caliente,,,,,,,,,,,,,,,,,,,
45145,Parque Industrial Belenes Norte,Zona industrial,Zapopan,Jalisco,Zapopan,Tibio,,,,,,,,,,,,,,,,,,,
45146,Unidad República,Colonia,Zapopan,Jalisco,Zapopan,Caliente,,,,,,,,,,,,,,,,,,,
45147,San Isidro Ejidal,Colonia,Zapopan,Jalisco,Zapopan,Caliente,,,,,,,,,,,,,,,,,,,
45148,La Arboleda,Colonia,Zapopan,Jalisco,Zapopan,Caliente,,,,,,,,,,,,,,,,,,,
45149,Unidad FOVISSSTE,Unidad habitacional,Zapopan,Jalisco,Zapopan,Caliente,,,,,,,,,,,,,,,,,,,
45150,El Capullo,Colonia,Zapopan,Jalisco,Zapopan,Caliente,,,,,,,,,,,,,,,,,,,
45150,La Hoja Verde,Colonia,Zapopan,Jalisco,Zapopan,Caliente,,,,,,,,,,,,,,,,,,,
45150,Los Maestros,Colonia,Zapopan,Jalisco,Zapopan,Caliente,,,,,,,,,,,,,,,,,,,
45150,San Miguel de La Cañada,Colonia,Zapopan,Jalisco,Zapopan,Caliente,,,,,,,,,,,,,,,,,,,
45150,Seattle,Colonia,Zapopan,Jalisco,Zapopan,Caliente,,,,,,,,,,,,,,,,,,,
45150,Tepeyac,Colonia,Zapopan,Jalisco,Zapopan,Caliente,,,,,,,,,,,,,,,,,,,
45150,Ecológica Seattle,Colonia,Zapopan,Jalisco,Zapopan,Caliente,,,,,,,,,,,,,,,,,,,
45157,Los Paraísos,Colonia,Zapopan,Jalisco,Zapopan,Caliente,,,,,,,,,,,,,,,,,,,
45157,Industrial los Belenes,Colonia,Zapopan,Jalisco,Zapopan,Tibio,,,,,,,,,,,,,,,,,,,
45157,Villa de los Belenes,Colonia,Zapopan,Jalisco,Zapopan,Caliente,,,,,,,,,,,,,,,,,,,
45157,Rinconada Lopez Cotilla,Colonia,Zapopan,Jalisco,Zapopan,Caliente,,,,,,,,,,,,,,,,,,,
45157,El Paraíso,Colonia,Zapopan,Jalisco,Zapopan,Caliente,,,,,,,,,,,,,,,,,,,
45158,Los Laureles,Conjunto habitacional,Zapopan,Jalisco,Zapopan,Caliente,,,,,,,,,,,,,,,,,,,
45158,San Gilberto,Colonia,Zapopan,Jalisco,Zapopan,Caliente,,,,,,,,,,,,,,,,,,,
45158,Prados de San Ignacio,Colonia,Zapopan,Jalisco,Zapopan,Caliente,,,,,,,,,,,,,,,,,,,
45158,Los Abetos,Colonia,Zapopan,Jalisco,Zapopan,Caliente,,,,,,,,,,,,,,,,,,,
45158,Conjunto Zapopan,Colonia,Zapopan,Jalisco,Zapopan,Caliente,,,,,,,,,,,,,,,,,,,
45158,Rinconada de las Azaleas,Colonia,Zapopan,Jalisco,Zapopan,Caliente,,,,,,,,,,,,,,,,,,,
45158,Aves del Paraíso,Fraccionamiento,Zapopan,Jalisco,Zapopan,Caliente,,,,,,,,,,,,,,,,,,,
45159,La Aurora,Colonia,Zapopan,Jalisco,Zapopan,Caliente,,,,,,,,,,,,,,,,,,,
45160,Agraria,Colonia,Zapopan,Jalisco,Zapopan,Caliente,,,,,,,,,,,,,,,,,,,
45160,Altamira,Colonia,Zapopan,Jalisco,Zapopan,Caliente,,,,,,,,,,,,,,,,,,,
45160,Residencial Patria,Conjunto habitacional,Zapopan,Jalisco,Zapopan,Caliente,,,,,,,,,,,,,,,,,,,
45160,Jacarandas,Colonia,Zapopan,Jalisco,Zapopan,Caliente,,,,,,,,,,,,,,,,,,,
45160,Patria,Conjunto habitacional,Zapopan,Jalisco,Zapopan,Caliente,,,,,,,,,,,,,,,,,,,
45160,Patria Raquet,Conjunto habitacional,Zapopan,Jalisco,Zapopan,Caliente,,,,,,,,,,,,,,,,,,,
45160,Patria Zoquipan,Colonia,Zapopan,Jalisco,Zapopan,Caliente,,,,,,,,,,,,,,,,,,,
45160,San Miguel de la Colina,Fraccionamiento,Zapopan,Jalisco,Zapopan,Caliente,,,,,,,,,,,,,,,,,,,
45160,Villa San Jorge,Colonia,Zapopan,Jalisco,Zapopan,Caliente,,,,,,,,,,,,,,,,,,,
45160,Plaza Patria,Zona comercial,Zapopan,Jalisco,Zapopan,Caliente,,,,,,,,,,,,,,,,,,,
45160,Villas del Bosque,Colonia,Zapopan,Jalisco,Zapopan,Caliente,,,,,,,,,,,,,,,,,,,
45167,Loma Blanca,Colonia,Zapopan,Jalisco,Zapopan,Caliente,,,,,,,,,,,,,,,,,,,
45168,Santa Fe,Colonia,Zapopan,Jalisco,Zapopan,Caliente,,,,,,,,,,,,,,,,,,,
45169,Lindavista,Colonia,Zapopan,Jalisco,Zapopan,Caliente,,,,,,,,,,,,,,,,,,,
45169,Villa Coral,Colonia,Zapopan,Jalisco,Zapopan,Caliente,,,,,,,,,,,,,,,,,,,
45169,Villa Magna,Colonia,Zapopan,Jalisco,Zapopan,Caliente,,,,,,,,,,,,,,,,,,,
45169,Villa Palmas,Fraccionamiento,Zapopan,Jalisco,Zapopan,Caliente,,,,,,,,,,,,,,,,,,,
45170,Colinas de Atemajac,Colonia,Zapopan,Jalisco,Zapopan,Caliente,,,,,,,,,,,,,,,,,,,
45170,Conjunto Seattle,Colonia,Zapopan,Jalisco,Zapopan,Caliente,,,,,,,,,,,,,,,,,,,
45170,GVSA,Colonia,Zapopan,Jalisco,Zapopan,Caliente,,,,,,,,,,,,,,,,,,,
45170,Zoquipan,Colonia,Zapopan,Jalisco,Zapopan,Caliente,,,,,,,,,,,,,,,,,,,
45170,Ejido de Zoquiapan,Colonia,Zapopan,Jalisco,Zapopan,Caliente,,,,,,,,,,,,,,,,,,,
45176,Unidad Patria,Unidad habitacional,Zapopan,Jalisco,Zapopan,Caliente,,,,,,,,,,,,,,,,,,,
45176,Lomas del Camino,Colonia,Zapopan,Jalisco,Zapopan,Caliente,,,,,,,,,,,,,,,,,,,
45177,Lagos del Country,Colonia,Zapopan,Jalisco,Zapopan,Caliente,,,,,,,,,,,,,,,,,,,
45178,Lomas de Atemajac,Colonia,Zapopan,Jalisco,Zapopan,Caliente,,,,,,,,,,,,,,,,,,,
45179,Santa Paula,Colonia,Zapopan,Jalisco,Zapopan,Caliente,,,,,,,,,,,,,,,,,,,
45180,Jardines Seattle Unidad,Unidad habitacional,Zapopan,Jalisco,Zapopan,Caliente,,,,,,,,,,,,,,,,,,,
45180,Las Fuentes,Unidad habitacional,Zapopan,Jalisco,Zapopan,Caliente,,,,,,,,,,,,,,,,,,,
45180,Constitución,Colonia,Zapopan,Jalisco,Zapopan,Caliente,,,,,,,,,,,,,,,,,,,
45180,Jardines de La Esperanza,Colonia,Zapopan,Jalisco,Zapopan,Caliente,,,,,,,,,,,,,,,,,,,
45180,José López Portillo,Unidad habitacional,Zapopan,Jalisco,Zapopan,Caliente,,,,,,,,,,,,,,,,,,,
45180,La Huerta,Colonia,Zapopan,Jalisco,Zapopan,Caliente,,,,,,,,,,,,,,,,,,,
45180,Los Cerritos,Colonia,Zapopan,Jalisco,Zapopan,Caliente,,,,,,,,,,,,,,,,,,,
45180,Nuevo Vergel,Colonia,Zapopan,Jalisco,Zapopan,Caliente,,,,,,,,,,,,,,,,,,,
45180,Parques del Auditorio,Unidad habitacional,Zapopan,Jalisco,Zapopan,Caliente,,,,,,,,,,,,,,,,,,,
45180,Unidad Auditorio 1a. Secc.,Unidad habitacional,Zapopan,Jalisco,Zapopan,Caliente,,,,,,,,,,,,,,,,,,,
45180,Unidad Auditorio 2a Secc,Unidad habitacional,Zapopan,Jalisco,Zapopan,Caliente,,,,,,,,,,,,,,,,,,,
45180,CUCEA Universidad de Guadalajara,Colonia,Zapopan,Jalisco,Zapopan,Caliente,,,,,,,,,,,,,,,,,,,
45180,27 de Septiembre,Colonia,Zapopan,Jalisco,Zapopan,Caliente,,,,,,,,,,,,,,,,,,,
45180,Venustiano Carranza,Colonia,Zapopan,Jalisco,Zapopan,Caliente,,,,,,,,,,,,,,,,,,,
45180,Villas Del Marques,Colonia,Zapopan,Jalisco,Zapopan,Caliente,,,,,,,,,,,,,,,,,,,
45180,Pedro Moreno,Colonia,Zapopan,Jalisco,Zapopan,Caliente,,,,,,,,,,,,,,,,,,,
45180,La Palmita,Colonia,Zapopan,Jalisco,Zapopan,Caliente,,,,,,,,,,,,,,,,,,,
45180,División del Norte,Colonia,Zapopan,Jalisco,Zapopan,Caliente,,,,,,,,,,,,,,,,,,,
45180,Jardines Del Auditorio,Colonia,Zapopan,Jalisco,Zapopan,Caliente,,,,,,,,,,,,,,,,,,,
45180,Del Federalismo,Condominio,Zapopan,Jalisco,Zapopan,Caliente,,,,,,,,,,,,,,,,,,,
45180,Rinconada San Isidro,Fraccionamiento,Zapopan,Jalisco,Zapopan,Caliente,,,,,,,,,,,,,,,,,,,
45180,La Joya,Fraccionamiento,Zapopan,Jalisco,Zapopan,Caliente,,,,,,,,,,,,,,,,,,,
45180,La Grana,Colonia,Zapopan,Jalisco,Zapopan,Caliente,,,,,,,,,,,,,,,,,,,
45180,Hacienda San Joaquín,Fraccionamiento,Zapopan,Jalisco,Zapopan,Caliente,,,,,,,,,,,,,,,,,,,
45180,Jardines Del Vergel,Colonia,Zapopan,Jalisco,Zapopan,Caliente,,,,,,,,,,,,,,,,,,,
45180,Rinconada Auditorio,Colonia,Zapopan,Jalisco,Zapopan,Caliente,,,,,,,,,,,,,,,,,,,
45180,Bosque Escondido,Colonia,Zapopan,Jalisco,Zapopan,Caliente,,,,,,,,,,,,,,,,,,,
45180,Quinta Del Federalismo,Fraccionamiento,Zapopan,Jalisco,Zapopan,Caliente,,,,,,,,,,,,,,,,,,,
45180,Hogar de Atemajac,Colonia,Zapopan,Jalisco,Zapopan,Caliente,,,,,,,,,,,,,,,,,,,
45180,Jardines del Porvenir,Colonia,Zapopan,Jalisco,Zapopan,Caliente,,,,,,,,,,,,,,,,,,,
45180,Las Cabañitas,Colonia,Zapopan,Jalisco,Zapopan,Caliente,,,,,,,,,,,,,,,,,,,
45180,Jardines de la Cantera,Colonia,Zapopan,Jalisco,Zapopan,Caliente,,,,,,,,,,,,,,,,,,,
45180,Colinas de los Belenes,Colonia,Zapopan,Jalisco,Zapopan,Caliente,,,,,,,,,,,,,,,,,,,
45184,Constituyentes,Colonia,Zapopan,Jalisco,Zapopan,Caliente,,,,,,,,,,,,,,,,,,,
45184,Hermenegildo Galeana,Conjunto habitacional,Zapopan,Jalisco,Zapopan,Caliente,,,,,,,,,,,,,,,,,,,
45185,Colinas de Tabachines,Colonia,Zapopan,Jalisco,Zapopan,Caliente,,,,,,,,,,,,,,,,,,,
45185,Lomas de Tabachines,Colonia,Zapopan,Jalisco,Zapopan,Caliente,,,,,,,,,,,,,,,,,,,
45185,La Martinica,Colonia,Zapopan,Jalisco,Zapopan,Caliente,,,,,,,,,,,,,,,,,,,
45185,Emiliano Zapata,Colonia,Zapopan,Jalisco,Zapopan,Caliente,,,,,,,,,,,,,,,,,,,
45185,Alamedas de Tesistán,Fraccionamiento,Zapopan,Jalisco,Zapopan,Caliente,,,,,,,,,,,,,,,,,,,
45186,Agua Fría,Colonia,Zapopan,Jalisco,Zapopan,Caliente,,,,,,,,,,,,,,,,,,,
45186,Arroyo Hondo,Colonia,Zapopan,Jalisco,Zapopan,Caliente,,,,,,,,,,,,,,,,,,,
45186,Balcones de La Cantera,Colonia,Zapopan,Jalisco,Zapopan,Caliente,,,,,,,,,,,,,,,,,,,
45186,Miguel Hidalgo,Colonia,Zapopan,Jalisco,Zapopan,Caliente,,,,,,,,,,,,,,,,,,,
45186,Arroyo Hondo 2a Secc,Colonia,Zapopan,Jalisco,Zapopan,Caliente,,,,,,,,,,,,,,,,,,,
45186,Lomas Del Refugio,Colonia,Zapopan,Jalisco,Zapopan,Caliente,,,,,,,,,,,,,,,,,,,
45186,Nueva España,Colonia,Zapopan,Jalisco,Zapopan,Caliente,,,,,,,,,,,,,,,,,,,
45187,Bosques del Centinela,Fraccionamiento,Zapopan,Jalisco,Zapopan,Caliente,,,,,,,,,,,,,,,,,,,
45187,Villas Del Centinela,Colonia,Zapopan,Jalisco,Zapopan,Caliente,,,,,,,,,,,,,,,,,,,
45187,Lomas Del Centinela,Colonia,Zapopan,Jalisco,Zapopan,Caliente,,,,,,,,,,,,,,,,,,,
45187,Rinconada de Los Sauces,Fraccionamiento,Zapopan,Jalisco,Zapopan,Caliente,,,,,,,,,,,,,,,,,,,
45187,Quintas del Bosque,Fraccionamiento,Zapopan,Jalisco,Zapopan,Caliente,,,,,,,,,,,,,,,,,,,
45187,El Bosque,Colonia,Zapopan,Jalisco,Zapopan,Caliente,,,,,,,,,,,,,,,,,,,
45188,Jardines de Tabachines,Colonia,Zapopan,Jalisco,Zapopan,Caliente,,,,,,,,,,,,,,,,,,,
45188,Lomas Del Vergel,Colonia,Zapopan,Jalisco,Zapopan,Caliente,,,,,,,,,,,,,,,,,,,
45188,Tabachines,Colonia,Zapopan,Jalisco,Zapopan,Caliente,,,,,,,,,,,,,,,,,,,
45188,San Nicolás de los Belenes,Colonia,Zapopan,Jalisco,Zapopan,Caliente,,,,,,,,,,,,,,,,,,,
45188,Rinconadas Tabachines,Colonia,Zapopan,Jalisco,Zapopan,Caliente,,,,,,,,,,,,,,,,,,,
45188,Residencial Tabachines,Fraccionamiento,Zapopan,Jalisco,Zapopan,Caliente,,,,,,,,,,,,,,,,,,,
45189,Villas de Guadalupe,Colonia,Zapopan,Jalisco,Zapopan,Caliente,,,,,,,,,,,,,,,,,,,
45189,Vista Hermosa,Colonia,Zapopan,Jalisco,Zapopan,Caliente,,,,,,,,,,,,,,,,,,,
45189,Crucero de La Mesa,Colonia,Zapopan,Jalisco,Zapopan,Caliente,,,,,,,,,,,,,,,,,,,
45189,Mesa Colorada Oriente,Colonia,Zapopan,Jalisco,Zapopan,Caliente,,,,,,,,,,,,,,,,,,,
45189,Mesa Colorada Poniente,Colonia,Zapopan,Jalisco,Zapopan,Caliente,,,,,,,,,,,,,,,,,,,
45189,Mesa de los Ocotes,Colonia,Zapopan,Jalisco,Zapopan,Caliente,,,,,,,,,,,,,,,,,,,
45189,La Coronilla,Colonia,Zapopan,Jalisco,Zapopan,Caliente,,,,,,,,,,,,,,,,,,,
45189,Pedregal Zapopan,Colonia,Zapopan,Jalisco,Zapopan,Caliente,,,,,,,,,,,,,,,,,,,
45189,La Higuera,Colonia,Zapopan,Jalisco,Zapopan,Caliente,,,,,,,,,,,,,,,,,,,
45189,Coronilla Del Ocote,Colonia,Zapopan,Jalisco,Zapopan,Caliente,,,,,,,,,,,,,,,,,,,
45189,Mirador Escondido,Colonia,Zapopan,Jalisco,Zapopan,Caliente,,,,,,,,,,,,,,,,,,,
45190,Atemajac Del Valle,Colonia,Zapopan,Jalisco,Zapopan,Caliente,,,,,,,,,,,,,,,,,,,
45190,El Batan,Colonia,Zapopan,Jalisco,Zapopan,Caliente,,,,,,,,,,,,,,,,,,,
45190,Gonzalez Ortega,Colonia,Zapopan,Jalisco,Zapopan,Caliente,,,,,,,,,,,,,,,,,,,
45190,Hogares,Colonia,Zapopan,Jalisco,Zapopan,Caliente,,,,,,,,,,,,,,,,,,,
45190,Indígena de Mezquitan,Colonia,Zapopan,Jalisco,Zapopan,Caliente,,,,,,,,,,,,,,,,,,,
45190,Jardines de los Belenes,Colonia,Zapopan,Jalisco,Zapopan,Caliente,,,,,,,,,,,,,,,,,,,
45190,Las Palomas,Unidad habitacional,Zapopan,Jalisco,Zapopan,Caliente,,,,,,,,,,,,,,,,,,,
45190,Lomas Del Batan,Colonia,Zapopan,Jalisco,Zapopan,Caliente,,,,,,,,,,,,,,,,,,,
45190,Los Canteros,Colonia,Zapopan,Jalisco,Zapopan,Caliente,,,,,,,,,,,,,,,,,,,
45190,Conjunto Ritz,Conjunto habitacional,Zapopan,Jalisco,Zapopan,Caliente,,,,,,,,,,,,,,,,,,,
45190,Victor Hugo,Colonia,Zapopan,Jalisco,Zapopan,Caliente,,,,,,,,,,,,,,,,,,,
45190,Villa Atemajac,Condominio,Zapopan,Jalisco,Zapopan,Caliente,,,,,,,,,,,,,,,,,,,
45190,Villas Alcalde,Colonia,Zapopan,Jalisco,Zapopan,Caliente,,,,,,,,,,,,,,,,,,,
45190,Azaleas Del Valle,Fraccionamiento,Zapopan,Jalisco,Zapopan,Caliente,,,,,,,,,,,,,,,,,,,
45190,El Carrizal,Colonia,Zapopan,Jalisco,Zapopan,Caliente,,,,,,,,,,,,,,,,,,,
45198,La Experiencia,Colonia,Zapopan,Jalisco,Zapopan,Caliente,,,,,,,,,,,,,,,,,,,
45198,Molino Del Salvador,Colonia,Zapopan,Jalisco,Zapopan,Caliente,,,,,,,,,,,,,,,,,,,
45199,Benito Juárez,Colonia,Zapopan,Jalisco,Zapopan,Caliente,,,,,,,,,,,,,,,,,,,
45199,Benito Juárez Norte,Colonia,Zapopan,Jalisco,Zapopan,Caliente,,,,,,,,,,,,,,,,,,,
45200,Coto San Francisco,Fraccionamiento,Zapopan,Jalisco,,Caliente,,,,,,,,,,,,,,,,,,,
45200,Cristo Rey,Fraccionamiento,Zapopan,Jalisco,,Caliente,,,,,,,,,,,,,,,,,,,
45200,Ampliación Santa Lucía,Colonia,Zapopan,Jalisco,,Tibio,,,,,,,,,,,,,,,,,,,
45200,El Álamo,Colonia,Zapopan,Jalisco,,Tibio,,,,,,,,,,,,,,,,,,,
45200,Haciendas de Zapopan,Fraccionamiento,Zapopan,Jalisco,,Caliente,,,,,,,,,,,,,,,,,,,
45200,La Joyita,Fraccionamiento,Zapopan,Jalisco,,Tibio,,,,,,,,,,,,,,,,,,,
45200,Los Manzanos,Fraccionamiento,Zapopan,Jalisco,,Caliente,,,,,,,,,,,,,,,,,,,
45200,Los Telares,Fraccionamiento,Zapopan,Jalisco,,Caliente,,,,,,,,,,,,,,,,,,,
45200,Los Tres Vaqueros,Fraccionamiento,Zapopan,Jalisco,,Caliente,,,,,,,,,,,,,,,,,,,
45200,Martell del Valle,Fraccionamiento,Zapopan,Jalisco,,Caliente,,,,,,,,,,,,,,,,,,,
45200,Praderas de Tesistán,Fraccionamiento,Zapopan,Jalisco,,Caliente,,,,,,,,,,,,,,,,,,,
45200,Prados de Nextipac,Colonia,Zapopan,Jalisco,,Caliente,,,,,,,,,,,,,,,,,,,
45200,Real de las Lomas,Fraccionamiento,Zapopan,Jalisco,,Caliente,,,,,,,,,,,,,,,,,,,
45200,Residencial Tesistán,Fraccionamiento,Zapopan,Jalisco,,Caliente,,,,,,,,,,,,,,,,,,,
45200,Villas de Santa Lucía,Fraccionamiento,Zapopan,Jalisco,,Caliente,,,,,,,,,,,,,,,,,,,
45200,Vistas de Tesistán,Fraccionamiento,Zapopan,Jalisco,,Caliente,,,,,,,,,,,,,,,,,,,
45200,Campestre Las Palomas,Fraccionamiento,Zapopan,Jalisco,,Caliente,,,,,,,,,,,,,,,,,,,
45200,Ejido Copalita,Colonia,Zapopan,Jalisco,,Tibio,,,,,,,,,,,,,,,,,,,
45200,Los Flamingos (La Vinatera),Colonia,Zapopan,Jalisco,,Tibio,,,,,,,,,,,,,,,,,,,
45200,El Mesón de Cópala,Colonia,Zapopan,Jalisco,,Tibio,,,,,,,,,,,,,,,,,,,
45200,Fuentecillas,Colonia,Zapopan,Jalisco,,Tibio,,,,,,,,,,,,,,,,,,,
45200,Hacienda Cópala,Fraccionamiento,Zapopan,Jalisco,,Caliente,,,,,,,,,,,,,,,,,,,
45200,Lomas de Montechelo (El Pedregal),Colonia,Zapopan,Jalisco,,Caliente,,,,,,,,,,,,,,,,,,,
45200,La Cúspide,Fraccionamiento,Zapopan,Jalisco,,Caliente,,,,,,,,,,,,,,,,,,,
45200,La Cuchilla (Extramuros de Tesistán),Fraccionamiento,Zapopan,Jalisco,,Tibio,,,,,,,,,,,,,,,,,,,
45200,Los Tréboles,Fraccionamiento,Zapopan,Jalisco,,Caliente,,,,,,,,,,,,,,,,,,,
45200,Callejón del Bosque,Fraccionamiento,Zapopan,Jalisco,,Caliente,,,,,,,,,,,,,,,,,,,
45200,Valle del Sol,Fraccionamiento,Zapopan,Jalisco,,Caliente,,,,,,,,,,,,,,,,,,,
45200,Alviento Residencial,Fraccionamiento,Zapopan,Jalisco,,Caliente,,,,,,,,,,,,,,,,,,,
45200,Privanza de la Ceiba,Fraccionamiento,Zapopan,Jalisco,,Caliente,,,,,,,,,,,,,,,,,,,
45200,Villa Fontana Diamante,Fraccionamiento,Zapopan,Jalisco,,Caliente,,,,,,,,,,,,,,,,,,,
45200,Jardines la Magdalena,Fraccionamiento,Zapopan,Jalisco,,Caliente,,,,,,,,,,,,,,,,,,,
45200,Parque de las Aves,Fraccionamiento,Zapopan,Jalisco,,Caliente,,,,,,,,,,,,,,,,,,,
45200,Belissimo Habitat Residencial,Fraccionamiento,Zapopan,Jalisco,,Caliente,,,,,,,,,,,,,,,,,,,
45200,Altabrisa,Fraccionamiento,Zapopan,Jalisco,,Caliente,,,,,,,,,,,,,,,,,,,
45200,Arboreto Residencial,Fraccionamiento,Zapopan,Jalisco,,Caliente,,,,,,,,,,,,,,,,,,,
45200,Vista Zapopan,Fraccionamiento,Zapopan,Jalisco,,Caliente,,,,,,,,,,,,,,,,,,,
45200,Sotopark,Fraccionamiento,Zapopan,Jalisco,,Caliente,,,,,,,,,,,,,,,,,,,
45200,Valle Norte,Fraccionamiento,Zapopan,Jalisco,,Caliente,,,,,,,,,,,,,,,,,,,
45200,Las Victorias Residencial,Fraccionamiento,Zapopan,Jalisco,,Caliente,,,,,,,,,,,,,,,,,,,
45200,Lomas de Tesistán,Fraccionamiento,Zapopan,Jalisco,,Caliente,,,,,,,,,,,,,,,,,,,
45200,Doctores,Fraccionamiento,Zapopan,Jalisco,,Caliente,,,,,,,,,,,,,,,,,,,
45200,San Rafael Tercero,Colonia,Zapopan,Jalisco,,Tibio,,,,,,,,,,,,,,,,,,,
45200,Alma Terra,Condominio,Zapopan,Jalisco,,Caliente,,,,,,,,,,,,,,,,,,,
45200,Terra Vista,Condominio,Zapopan,Jalisco,,Caliente,,,,,,,,,,,,,,,,,,,
45200,Vista Norte,Condominio,Zapopan,Jalisco,,Caliente,,,,,,,,,,,,,,,,,,,
45200,Camino a las Víboras (La Soledad Chica),Colonia,Zapopan,Jalisco,,Tibio,,,,,,,,,,,,,,,,,,,
45200,La Providencia,Colonia,Zapopan,Jalisco,,Tibio,,,,,,,,,,,,,,,,,,,
45200,El Quemado,Colonia,Zapopan,Jalisco,,Tibio,,,,,,,,,,,,,,,,,,,
45200,Santa Lucia,Colonia,Zapopan,Jalisco,,Tibio,,,,,,,,,,,,,,,,,,,
45200,San Francisco Tesistán,Colonia,Zapopan,Jalisco,,Tibio,,,,,,,,,,,,,,,,,,,
45200,Los Pinos,Condominio,Zapopan,Jalisco,,Caliente,,,,,,,,,,,,,,,,,,,
45200,Santa Mónica de los Chorritos,Colonia,Zapopan,Jalisco,,Tibio,,,,,,,,,,,,,,,,,,,
45200,Prados Santa Lucía,Colonia,Zapopan,Jalisco,,Tibio,,,,,,,,,,,,,,,,,,,
45200,Estrada,Colonia,Zapopan,Jalisco,,Tibio,,,,,,,,,,,,,,,,,,,
45200,Las Agujas,Colonia,Zapopan,Jalisco,,Tibio,,,,,,,,,,,,,,,,,,,
45200,La Magdalena,Colonia,Zapopan,Jalisco,,Tibio,,,,,,,,,,,,,,,,,,,
45200,Copalita,Colonia,Zapopan,Jalisco,,Tibio,,,,,,,,,,,,,,,,,,,
45200,Las Golondrinas,Colonia,Zapopan,Jalisco,,Tibio,,,,,,,,,,,,,,,,,,,
45200,San José Ejidal,Colonia,Zapopan,Jalisco,,Tibio,,,,,,,,,,,,,,,,,,,
45200,Revolución,Colonia,Zapopan,Jalisco,,Tibio,,,,,,,,,,,,,,,,,,,
45200,Loma Chica,Colonia,Zapopan,Jalisco,,Tibio,,,,,,,,,,,,,,,,,,,
45200,El Húmedo de Nextipac,Fraccionamiento,Zapopan,Jalisco,,Tibio,,,,,,,,,,,,,,,,,,,
45200,Los Angeles de Nextipac,Fraccionamiento,Zapopan,Jalisco,,Caliente,,,,,,,,,,,,,,,,,,,
45200,Puerta del Llano,Fraccionamiento,Zapopan,Jalisco,,Caliente,,,,,,,,,,,,,,,,,,,
45200,Hacienda Las Palomas,Fraccionamiento,Zapopan,Jalisco,,Caliente,,,,,,,,,,,,,,,,,,,
45200,Parques de Tesistán,Fraccionamiento,Zapopan,Jalisco,,Caliente,,,,,,,,,,,,,,,,,,,
45200,Villas de Tesistán,Fraccionamiento,Zapopan,Jalisco,,Caliente,,,,,,,,,,,,,,,,,,,
45200,Misión Capistrano,Fraccionamiento,Zapopan,Jalisco,,Caliente,,,,,,,,,,,,,,,,,,,
45200,Real Casa Blanca,Fraccionamiento,Zapopan,Jalisco,,Caliente,,,,,,,,,,,,,,,,,,,
45200,Altus Quintas,Fraccionamiento,Zapopan,Jalisco,,Caliente,,,,,,,,,,,,,,,,,,,
45200,Los Molinos,Fraccionamiento,Zapopan,Jalisco,,Caliente,,,,,,,,,,,,,,,,,,,
45200,Roberto Orozco,Colonia,Zapopan,Jalisco,,Tibio,,,,,,,,,,,,,,,,,,,
45200,Jardines de las Fuentes,Fraccionamiento,Zapopan,Jalisco,,Caliente,,,,,,,,,,,,,,,,,,,
45200,Real de Tesistán,Fraccionamiento,Zapopan,Jalisco,,Caliente,,,,,,,,,,,,,,,,,,,
45200,"Tierra, Aire y Fuego",Fraccionamiento,Zapopan,Jalisco,,Caliente,,,,,,,,,,,,,,,,,,,
45200,Palermo,Fraccionamiento,Zapopan,Jalisco,,Caliente,,,,,,,,,,,,,,,,,,,
45200,Lago Real,Fraccionamiento,Zapopan,Jalisco,,Caliente,,,,,,,,,,,,,,,,,,,
45200,Residencial Parques de Tesistán III,Fraccionamiento,Zapopan,Jalisco,,Caliente,,,,,,,,,,,,,,,,,,,
45200,Mirador del Bosque,Fraccionamiento,Zapopan,Jalisco,,Caliente,,,,,,,,,,,,,,,,,,,
45200,Valle de los Molinos,Fraccionamiento,Zapopan,Jalisco,,Tibio,,,,,,,,,,,,,,,,,,,
45200,Residencial Albaterra,Fraccionamiento,Zapopan,Jalisco,,Caliente,,,,,,,,,,,,,,,,,,,
45200,Sendas del Valle,Fraccionamiento,Zapopan,Jalisco,,Caliente,,,,,,,,,,,,,,,,,,,
45200,Amaranto Residencial,Fraccionamiento,Zapopan,Jalisco,,Caliente,,,,,,,,,,,,,,,,,,,
45200,Senderos de Tesistán,Fraccionamiento,Zapopan,Jalisco,,Caliente,,,,,,,,,,,,,,,,,,,
45205,San Esteban (San Miguel Tateposco),Pueblo,Zapopan,Jalisco,,Tibio,,,,,,,,,,,,,,,,,,,
45210,Los Colorines,Colonia,Zapopan,Jalisco,,Tibio,,,,,,,,,,,,,,,,,,,
45210,El Nuevo Resplandor,Fraccionamiento,Zapopan,Jalisco,,Tibio,,,,,,,,,,,,,,,,,,,
45213,La Mesita,Colonia,Zapopan,Jalisco,,Tibio,,,,,,,,,,,,,,,,,,,
45213,San Jerónimo,Colonia,Zapopan,Jalisco,,Tibio,,,,,,,,,,,,,,,,,,,
45220,Nextipac,Pueblo,Zapopan,Jalisco,,Tibio,,,,,,,,,,,,,,,,,,,
45221,El Campestre,Fraccionamiento,Zapopan,Jalisco,,Caliente,,,,,,,,,,,,,,,,,,,
45221,Parque Industrial San José del Astillero,Zona industrial,Zapopan,Jalisco,,Tibio,,,,,,,,,,,,,,,,,,,
45221,Pinar Industrial III,Zona industrial,Zapopan,Jalisco,,Tibio,,,,,,,,,,,,,,,,,,,
45221,La Venta del Astillero,Colonia,Zapopan,Jalisco,,Tibio,,,,,,,,,,,,,,,,,,,
45221,Pinar de la Venta,Fraccionamiento,Zapopan,Jalisco,,Caliente,,,,,,,,,,,,,,,,,,,
45221,Alianza de Cazadores Diana,Fraccionamiento,Zapopan,Jalisco,,Tibio,,,,,,,,,,,,,,,,,,,
45222,Guadalajara Technology Park,Zona industrial,Zapopan,Jalisco,,Tibio,,,,,,,,,,,,,,,,,,,
45222,Bosques Vallarta,Fraccionamiento,Zapopan,Jalisco,,Caliente,,,,,,,,,,,,,,,,,,,
45222,Los Sueños,Fraccionamiento,Zapopan,Jalisco,,Caliente,,,,,,,,,,,,,,,,,,,
45222,Rancho Contento,Fraccionamiento,Zapopan,Jalisco,,Caliente,,,,,,,,,,,,,,,,,,,
45222,Campo Lago,Fraccionamiento,Zapopan,Jalisco,,Caliente,,,,,,,,,,,,,,,,,,,
45226,La Primavera,Pueblo,Zapopan,Jalisco,,Tibio,,,,,,,,,,,,,,,,,,,
45230,Trento Residencial,Fraccionamiento,Zapopan,Jalisco,,Caliente,,,,,,,,,,,,,,,,,,,
45230,Punta de Otero,Fraccionamiento,Zapopan,Jalisco,,Caliente,,,,,,,,,,,,,,,,,,,
45230,La Haciendita,Colonia,Zapopan,Jalisco,,Tibio,,,,,,,,,,,,,,,,,,,
45230,Santa Ana Tepetitlán,Colonia,Zapopan,Jalisco,,Tibio,,,,,,,,,,,,,,,,,,,
45230,Jardines de Santa Ana,Fraccionamiento,Zapopan,Jalisco,,Caliente,,,,,,,,,,,,,,,,,,,
45233,Los Robles,Fraccionamiento,Zapopan,Jalisco,,Caliente,,,,,,,,,,,,,,,,,,,
45234,Los Cajetes,Colonia,Zapopan,Jalisco,,Tibio,,,,,,,,,,,,,,,,,,,
45234,El Campanario,Colonia,Zapopan,Jalisco,,Tibio,,,,,,,,,,,,,,,,,,,
45234,La Florida,Colonia,Zapopan,Jalisco,,Tibio,,,,,,,,,,,,,,,,,,,
45234,La Palmira,Colonia,Zapopan,Jalisco,,Tibio,,,,,,,,,,,,,,,,,,,
45235,Agua Blanca,Colonia,Zapopan,Jalisco,,Tibio,,,,,,,,,,,,,,,,,,,
45235,Agua Blanca Industrial,Colonia,Zapopan,Jalisco,,Tibio,,,,,,,,,,,,,,,,,,,
45235,Agua Blanca Sur,Colonia,Zapopan,Jalisco,,Tibio,,,,,,,,,,,,,,,,,,,
45235,El Mante,Colonia,Zapopan,Jalisco,,Tibio,,,,,,,,,,,,,,,,,,,
45236,Los Mirasoles,Colonia,Zapopan,Jalisco,,Caliente,,,,,,,,,,,,,,,,,,,
45236,Arboledas Residencial,Fraccionamiento,Zapopan,Jalisco,,Caliente,,,,,,,,,,,,,,,,,,,
45236,Agrícola,Colonia,Zapopan,Jalisco,,Tibio,,,,,,,,,,,,,,,,,,,
45236,El Briceño,Colonia,Zapopan,Jalisco,,Tibio,,,,,,,,,,,,,,,,,,,
45236,Francisco Sarabia,Colonia,Zapopan,Jalisco,,Tibio,,,,,,,,,,,,,,,,,,,
45236,Jardines de Ixtepete,Fraccionamiento,Zapopan,Jalisco,,Caliente,,,,,,,,,,,,,,,,,,,
45236,Paseos Del Briceño,Colonia,Zapopan,Jalisco,,Tibio,,,,,,,,,,,,,,,,,,,
45236,El Garabato,Unidad habitacional,Zapopan,Jalisco,,Tibio,,,,,,,,,,,,,,,,,,,
45236,Villas del Ixtepete,Fraccionamiento,Zapopan,Jalisco,,Caliente,,,,,,,,,,,,,,,,,,,
45236,Villas Perisur,Fraccionamiento,Zapopan,Jalisco,,Caliente,,,,,,,,,,,,,,,,,,,
45237,Cristal,Condominio,Zapopan,Jalisco,,Caliente,,,,,,,,,,,,,,,,,,,
45237,Bugambilias Country,Fraccionamiento,Zapopan,Jalisco,,Caliente,,,,,,,,,,,,,,,,,,,
45237,Ciudad Bugambilia,Colonia,Zapopan,Jalisco,,Caliente,,,,,,,,,,,,,,,,,,,
45237,Residencial el Bosque,Fraccionamiento,Zapopan,Jalisco,,Caliente,,,,,,,,,,,,,,,,,,,
45237,Vistas del Sol,Colonia,Zapopan,Jalisco,,Caliente,,,,,,,,,,,,,,,,,,,
45238,Bugambilias,Fraccionamiento,Zapopan,Jalisco,,Caliente,,,,,,,,,,,,,,,,,,,
45238,La Loma,Condominio,Zapopan,Jalisco,,Caliente,,,,,,,,,,,,,,,,,,,
45239,Villas Esmeralda,Fraccionamiento,Zapopan,Jalisco,,Caliente,,,,,,,,,,,,,,,,,,,
45239,Ébano,Condominio,Zapopan,Jalisco,,Caliente,,,,,,,,,,,,,,,,,,,
45239,Villa Serena,Fraccionamiento,Zapopan,Jalisco,,Caliente,,,,,,,,,,,,,,,,,,,
45239,Hacienda Jacarandas,Fraccionamiento,Zapopan,Jalisco,,Caliente,,,,,,,,,,,,,,,,,,,
45239,Los Pinos Campestre,Colonia,Zapopan,Jalisco,,Caliente,,,,,,,,,,,,,,,,,,,
45239,Miguel de La Madrid Hurtado,Colonia,Zapopan,Jalisco,,Tibio,,,,,,,,,,,,,,,,,,,
45239,Azaleas Residencial,Fraccionamiento,Zapopan,Jalisco,,Caliente,,,,,,,,,,,,,,,,,,,
45239,Rinconada Del Iris,Colonia,Zapopan,Jalisco,,Caliente,,,,,,,,,,,,,,,,,,,
45239,Coto La Joya,Fraccionamiento,Zapopan,Jalisco,,Caliente,,,,,,,,,,,,,,,,,,,
45239,Valle de Bugambilias,Fraccionamiento,Zapopan,Jalisco,,Caliente,,,,,,,,,,,,,,,,,,,
45239,Paraíso Los Pinos,Fraccionamiento,Zapopan,Jalisco,,Caliente,,,,,,,,,,,,,,,,,,,
45242,San Francisco de Ixcatán,Ranchería,Zapopan,Jalisco,,Frio,,,,,,,,,,,,,,,,,,,
45242,La Soledad,Ranchería,Zapopan,Jalisco,,Frio,,,,,,,,,,,,,,,,,,,
45245,Haciendas la Herradura,Fraccionamiento,Zapopan,Jalisco,,Caliente,,,,,,,,,,,,,,,,,,,
45250,San Cristóbal de La Barranca,Pueblo,San Cristóbal de la Barranca,Jalisco,,Frio,,,,,,,,,,,,,,,,,,,
45255,El Escalón,Ranchería,San Cristóbal de la Barranca,Jalisco,,Frio,,,,,,,,,,,,,,,,,,,
45255,Los Pueblitos,Ranchería,San Cristóbal de la Barranca,Jalisco,,Frio,,,,,,,,,,,,,,,,,,,
45256,Techalutla,Ranchería,San Cristóbal de la Barranca,Jalisco,,Frio,,,,,,,,,,,,,,,,,,,
45256,Tepeaca,Ranchería,San Cristóbal de la Barranca,Jalisco,,Frio,,,,,,,,,,,,,,,,,,,
45257,Llano Grande,Ranchería,San Cristóbal de la Barranca,Jalisco,,Frio,,,,,,,,,,,,,,,,,,,
45259,El Sauz,Ranchería,San Cristóbal de la Barranca,Jalisco,,Frio,,,,,,,,,,,,,,,,,,,
45259,Santa Cruz de Atistique,Ranchería,San Cristóbal de la Barranca,Jalisco,,Frio,,,,,,,,,,,,,,,,,,,
45260,Ixtlahuacán del Río,Pueblo,Ixtlahuacán del Río,Jalisco,,Frio,,,,,,,,,,,,,,,,,,,
45270,Palos Altos,Ranchería,Ixtlahuacán del Río,Jalisco,,Frio,,,,,,,,,,,,,,,,,,,
45274,El Jagüeycito,Colonia,Ixtlahuacán del Río,Jalisco,,Frio,,,,,,,,,,,,,,,,,,,
45274,La Garruña,Colonia,Ixtlahuacán del Río,Jalisco,,Frio,,,,,,,,,,,,,,,,,,,
45274,El Pitayito,Ranchería,Ixtlahuacán del Río,Jalisco,,Frio,,,,,,,,,,,,,,,,,,,
45274,Los Llanos,Colonia,Ixtlahuacán del Río,Jalisco,,Frio,,,,,,,,,,,,,,,,,,,
45274,Ánimas de Romero,Ranchería,Ixtlahuacán del Río,Jalisco,,Frio,,,,,,,,,,,,,,,,,,,
45275,El Consuelo,Colonia,Ixtlahuacán del Río,Jalisco,,Frio,,,,,,,,,,,,,,,,,,,
45276,El Jagüey,Ranchería,Ixtlahuacán del Río,Jalisco,,Frio,,,,,,,,,,,,,,,,,,,
45276,La Peña,Ranchería,Ixtlahuacán del Río,Jalisco,,Frio,,,,,,,,,,,,,,,,,,,
45276,San Nicolás de los Abundis,Ranchería,Ixtlahuacán del Río,Jalisco,,Frio,,,,,,,,,,,,,,,,,,,
45277,Agua Prieta,Ranchería,Ixtlahuacán del Río,Jalisco,,Frio,,,,,,,,,,,,,,,,,,,
45277,Agua Colorada,Ranchería,Ixtlahuacán del Río,Jalisco,,Frio,,,,,,,,,,,,,,,,,,,
45277,Los Puentes,Ranchería,Ixtlahuacán del Río,Jalisco,,Frio,,,,,,,,,,,,,,,,,,,
45278,Mesa de Torres,Ranchería,Ixtlahuacán del Río,Jalisco,,Frio,,,,,,,,,,,,,,,,,,,
45278,Cuyután de Arriba,Rancho,Ixtlahuacán del Río,Jalisco,,Frio,,,,,,,,,,,,,,,,,,,
45279,Quelitán el Viejo,Ranchería,Ixtlahuacán del Río,Jalisco,,Frio,,,,,,,,,,,,,,,,,,,
45279,El Rodeo,Ranchería,Ixtlahuacán del Río,Jalisco,,Frio,,,,,,,,,,,,,,,,,,,
45279,Quelitan,Ranchería,Ixtlahuacán del Río,Jalisco,,Frio,,,,,,,,,,,,,,,,,,,
45280,Mascuala,Hacienda,Ixtlahuacán del Río,Jalisco,,Frio,,,,,,,,,,,,,,,,,,,
45280,Trejos,Congregación,Ixtlahuacán del Río,Jalisco,,Frio,,,,,,,,,,,,,,,,,,,
45281,Tacotlan,Pueblo,Ixtlahuacán del Río,Jalisco,,Frio,,,,,,,,,,,,,,,,,,,
45286,El Ancon,Ranchería,Ixtlahuacán del Río,Jalisco,,Frio,,,,,,,,,,,,,,,,,,,
45287,El Chilar,Ranchería,Ixtlahuacán del Río,Jalisco,,Frio,,,,,,,,,,,,,,,,,,,
45290,San Antonio de los Vázquez,Congregación,Ixtlahuacán del Río,Jalisco,,Frio,,,,,,,,,,,,,,,,,,,
45299,Buenavista,Ranchería,Ixtlahuacán del Río,Jalisco,,Frio,,,,,,,,,,,,,,,,,,,
45299,San Jose de Buenavista,Ranchería,Ixtlahuacán del Río,Jalisco,,Frio,,,,,,,,,,,,,,,,,,,
45300,El Venado,Colonia,Tala,Jalisco,Tala,Frio,,,,,,,,,,,,,,,,,,,
45300,Tala Centro,Colonia,Tala,Jalisco,Tala,Tibio,,,,,,,,,,,,,,,,,,,
45300,Los Cerritos,Colonia,Tala,Jalisco,Tala,Tibio,,,,,,,,,,,,,,,,,,,
45300,Jacarandas,Colonia,Tala,Jalisco,Tala,Tibio,,,,,,,,,,,,,,,,,,,
45300,Tempisque,Colonia,Tala,Jalisco,Tala,Tibio,,,,,,,,,,,,,,,,,,,
45300,El Mirador,Colonia,Tala,Jalisco,Tala,Tibio,,,,,,,,,,,,,,,,,,,
45303,Vista Hermosa,Fraccionamiento,Tala,Jalisco,Tala,Tibio,,,,,,,,,,,,,,,,,,,
45303,Camichines,Fraccionamiento,Tala,Jalisco,Tala,Tibio,,,,,,,,,,,,,,,,,,,
45303,Paseos del Sol,Fraccionamiento,Tala,Jalisco,Tala,Tibio,,,,,,,,,,,,,,,,,,,
45303,Milenio,Fraccionamiento,Tala,Jalisco,Tala,Tibio,,,,,,,,,,,,,,,,,,,
45303,La Higuera,Colonia,Tala,Jalisco,Tala,Tibio,,,,,,,,,,,,,,,,,,,
45303,La Higuerita,Colonia,Tala,Jalisco,Tala,Tibio,,,,,,,,,,,,,,,,,,,
45305,La Misión,Fraccionamiento,Tala,Jalisco,Tala,Tibio,,,,,,,,,,,,,,,,,,,
45305,Puerta Sur,Fraccionamiento,Tala,Jalisco,Tala,Tibio,,,,,,,,,,,,,,,,,,,
45305,El Álamo,Colonia,Tala,Jalisco,Tala,Tibio,,,,,,,,,,,,,,,,,,,
45306,La Estancia,Fraccionamiento,Tala,Jalisco,Tala,Tibio,,,,,,,,,,,,,,,,,,,
45306,La Estancia 2da. Sección,Fraccionamiento,Tala,Jalisco,Tala,Tibio,,,,,,,,,,,,,,,,,,,
45306,Encinos,Fraccionamiento,Tala,Jalisco,Tala,Tibio,,,,,,,,,,,,,,,,,,,
45306,El Carrizalito,Fraccionamiento,Tala,Jalisco,Tala,Tibio,,,,,,,,,,,,,,,,,,,
45306,Parque Industrial King Way,Zona industrial,Tala,Jalisco,Tala,Tibio,,,,,,,,,,,,,,,,,,,
45306,Manuel M. Diéguez,Colonia,Tala,Jalisco,Tala,Tibio,,,,,,,,,,,,,,,,,,,
45306,Camino Real,Colonia,Tala,Jalisco,Tala,Tibio,,,,,,,,,,,,,,,,,,,
45307,Jardines de San Javier,Fraccionamiento,Tala,Jalisco,Tala,Tibio,,,,,,,,,,,,,,,,,,,
45307,Jardines del Valle,Fraccionamiento,Tala,Jalisco,Tala,Tibio,,,,,,,,,,,,,,,,,,,
45307,Alfredo V. Bonfil,Colonia,Tala,Jalisco,Tala,Tibio,,,,,,,,,,,,,,,,,,,
45307,Los Fresnos,Colonia,Tala,Jalisco,Tala,Tibio,,,,,,,,,,,,,,,,,,,
45307,El Ranchito,Colonia,Tala,Jalisco,Tala,Tibio,,,,,,,,,,,,,,,,,,,
45307,Guadalupe,Colonia,Tala,Jalisco,Tala,Tibio,,,,,,,,,,,,,,,,,,,
45307,Las Rosas,Fraccionamiento,Tala,Jalisco,Tala,Tibio,,,,,,,,,,,,,,,,,,,
45308,Jardines de Tala,Fraccionamiento,Tala,Jalisco,Tala,Tibio,,,,,,,,,,,,,,,,,,,
45308,Obrera,Colonia,Tala,Jalisco,Tala,Frio,,,,,,,,,,,,,,,,,,,
45308,Los Maestros,Colonia,Tala,Jalisco,Tala,Tibio,,,,,,,,,,,,,,,,,,,
45308,Gamboa,Colonia,Tala,Jalisco,Tala,Tibio,,,,,,,,,,,,,,,,,,,
45308,Libertad,Colonia,Tala,Jalisco,Tala,Tibio,,,,,,,,,,,,,,,,,,,
45308,INFONAVIT Lagunitas,Colonia,Tala,Jalisco,Tala,Frio,,,,,,,,,,,,,,,,,,,
45308,Ingenio de Tala,Colonia,Tala,Jalisco,Tala,Tibio,,,,,,,,,,,,,,,,,,,
45308,San Francisco,Colonia,Tala,Jalisco,Tala,Tibio,,,,,,,,,,,,,,,,,,,
45308,Puerta Grande,Fraccionamiento,Tala,Jalisco,Tala,Tibio,,,,,,,,,,,,,,,,,,,
45310,El Cerrito,Colonia,Tala,Jalisco,,Frio,,,,,,,,,,,,,,,,,,,
45310,El Refugio,Fraccionamiento,Tala,Jalisco,,Tibio,,,,,,,,,,,,,,,,,,,
45310,Acacias,Fraccionamiento,Tala,Jalisco,,Tibio,,,,,,,,,,,,,,,,,,,
45310,La Estación,Fraccionamiento,Tala,Jalisco,,Tibio,,,,,,,,,,,,,,,,,,,
45310,El Refugio,Colonia,Tala,Jalisco,,Tibio,,,,,,,,,,,,,,,,,,,
45314,Los Ruiseñores,Fraccionamiento,Tala,Jalisco,,Tibio,,,,,,,,,,,,,,,,,,,
45320,Cuisillos,Pueblo,Tala,Jalisco,,Tibio,,,,,,,,,,,,,,,,,,,
45325,El Ranchito (San Isidro),Colonia,Tala,Jalisco,,Frio,,,,,,,,,,,,,,,,,,,
45325,Castro Urdiales (Pacana),Colonia,Tala,Jalisco,,Frio,,,,,,,,,,,,,,,,,,,
45330,Ahuisculco,Pueblo,Tala,Jalisco,,Tibio,,,,,,,,,,,,,,,,,,,
45331,San Juan de los Arcos,Colonia,Tala,Jalisco,,Tibio,,,,,,,,,,,,,,,,,,,
45335,Las Navajas,Pueblo,Tala,Jalisco,,Tibio,,,,,,,,,,,,,,,,,,,
45340,Rancho Solo el Rodeo,Colonia,Tala,Jalisco,,Frio,,,,,,,,,,,,,,,,,,,
45340,La Culebra,Colonia,Tala,Jalisco,,Frio,,,,,,,,,,,,,,,,,,,
45340,San Isidro Mazatepec,Colonia,Tala,Jalisco,,Tibio,,,,,,,,,,,,,,,,,,,
45340,San Antonio Mazatepec,Colonia,Tala,Jalisco,,Tibio,,,,,,,,,,,,,,,,,,,
45340,Mazatepec,Colonia,Tala,Jalisco,,Tibio,,,,,,,,,,,,,,,,,,,
45341,Cuspala,Ranchería,Tala,Jalisco,,Frio,,,,,,,,,,,,,,,,,,,
45345,La Villita,Ranchería,Tala,Jalisco,,Frio,,,,,,,,,,,,,,,,,,,
45349,San Ignacio de Carboneras,Pueblo,Tala,Jalisco,,Frio,,,,,,,,,,,,,,,,,,,
45350,El Arenal,Pueblo,El Arenal,Jalisco,,Tibio,,,,,,,,,,,,,,,,,,,
45353,Santa Sofía Hacienda Country Club,Fraccionamiento,El Arenal,Jalisco,,Caliente,,,,,,,,,,,,,,,,,,,
45355,La Cima,Fraccionamiento,El Arenal,Jalisco,,Tibio,,,,,,,,,,,,,,,,,,,
45359,Santa Quitería,Ranchería,El Arenal,Jalisco,,Frio,,,,,,,,,,,,,,,,,,,
45360,Huertas el Zamorano,Fraccionamiento,El Arenal,Jalisco,,Tibio,,,,,,,,,,,,,,,,,,,
45360,Santa Cruz del Astillero,Pueblo,El Arenal,Jalisco,,Tibio,,,,,,,,,,,,,,,,,,,
45364,Emiliano Zapata,Ejido,El Arenal,Jalisco,,Frio,,,,,,,,,,,,,,,,,,,
45368,Cuisillos (Huaxtla de Orendain),Colonia,El Arenal,Jalisco,,Tibio,,,,,,,,,,,,,,,,,,,
45368,Haciendas de Huaxtla,Fraccionamiento,El Arenal,Jalisco,,Tibio,,,,,,,,,,,,,,,,,,,
45368,Huaxtla,Colonia,El Arenal,Jalisco,,Tibio,,,,,,,,,,,,,,,,,,,
45380,Las Norias,Colonia,Amatitán,Jalisco,,Frio,,,,,,,,,,,,,,,,,,,
45380,El Monte,Colonia,Amatitán,Jalisco,,Frio,,,,,,,,,,,,,,,,,,,
45380,Lomas de la Cruz,Colonia,Amatitán,Jalisco,,Frio,,,,,,,,,,,,,,,,,,,
45380,La Cantera,Colonia,Amatitán,Jalisco,,Frio,,,,,,,,,,,,,,,,,,,
45380,Hacienda San José del Refugio,Colonia,Amatitán,Jalisco,,Tibio,,,,,,,,,,,,,,,,,,,
45380,La Orillita,Colonia,Amatitán,Jalisco,,Frio,,,,,,,,,,,,,,,,,,,
45380,La Bolsa,Colonia,Amatitán,Jalisco,,Frio,,,,,,,,,,,,,,,,,,,
45380,5 de Mayo,Colonia,Amatitán,Jalisco,,Frio,,,,,,,,,,,,,,,,,,,
45380,El Cerrito,Colonia,Amatitán,Jalisco,,Frio,,,,,,,,,,,,,,,,,,,
45380,La Loma,Colonia,Amatitán,Jalisco,,Frio,,,,,,,,,,,,,,,,,,,
45380,Amatitán,Pueblo,Amatitán,Jalisco,,Tibio,,,,,,,,,,,,,,,,,,,
45380,Santiaguito,Pueblo,Amatitán,Jalisco,,Frio,,,,,,,,,,,,,,,,,,,
45380,Don Bosco,Fraccionamiento,Amatitán,Jalisco,,Tibio,,,,,,,,,,,,,,,,,,,
45380,Vivienda Popular,Colonia,Amatitán,Jalisco,,Frio,,,,,,,,,,,,,,,,,,,
45380,Venaderos las Norias,Fraccionamiento,Amatitán,Jalisco,,Frio,,,,,,,,,,,,,,,,,,,
45380,Ejidal,Colonia,Amatitán,Jalisco,,Frio,,,,,,,,,,,,,,,,,,,
45380,Godoy,Colonia,Amatitán,Jalisco,,Frio,,,,,,,,,,,,,,,,,,,
45380,Obrera Heliodoro Hernández Loza,Colonia,Amatitán,Jalisco,,Frio,,,,,,,,,,,,,,,,,,,
45380,Jardines de La Cruz,Colonia,Amatitán,Jalisco,,Frio,,,,,,,,,,,,,,,,,,,
45380,Puerta Del Sol,Colonia,Amatitán,Jalisco,,Frio,,,,,,,,,,,,,,,,,,,
45390,Tepetates,Ranchería,Amatitán,Jalisco,,Frio,,,,,,,,,,,,,,,,,,,
45390,La Villa de Cuerámbaro,Colonia,Amatitán,Jalisco,,Tibio,,,,,,,,,,,,,,,,,,,
45398,El Cerrito,Ranchería,Amatitán,Jalisco,,Frio,,,,,,,,,,,,,,,,,,,
45399,Agua Fría,Ranchería,Amatitán,Jalisco,,Frio,,,,,,,,,,,,,,,,,,,
45400,Ricardo Flores Magón,Colonia,Tonalá,Jalisco,Tonalá,Frio,,,,,,,,,,,,,,,,,,,
45400,Rinconada de los Cerezos,Fraccionamiento,Tonalá,Jalisco,Tonalá,Tibio,,,,,,,,,,,,,,,,,,,
45400,Comolca,Colonia,Tonalá,Jalisco,Tonalá,Frio,,,,,,,,,,,,,,,,,,,
45400,Colinas de Altamira,Fraccionamiento,Tonalá,Jalisco,Tonalá,Tibio,,,,,,,,,,,,,,,,,,,
45400,Cihualpilli,Colonia,Tonalá,Jalisco,Tonalá,Frio,,,,,,,,,,,,,,,,,,,
45400,Loma Sur,Fraccionamiento,Tonalá,Jalisco,Tonalá,Tibio,,,,,,,,,,,,,,,,,,,
45400,El Remolino,Fraccionamiento,Tonalá,Jalisco,Tonalá,Frio,,,,,,,,,,,,,,,,,,,
45400,San Mateo,Fraccionamiento,Tonalá,Jalisco,Tonalá,Tibio,,,,,,,,,,,,,,,,,,,
45400,Misión La Castellana,Condominio,Tonalá,Jalisco,Tonalá,Tibio,,,,,,,,,,,,,,,,,,,
45400,El Mirador,Colonia,Tonalá,Jalisco,Tonalá,Tibio,,,,,,,,,,,,,,,,,,,
45400,El Zapote,Colonia,Tonalá,Jalisco,Tonalá,Frio,,,,,,,,,,,,,,,,,,,
45400,Hidalgo de Tonala,Colonia,Tonalá,Jalisco,Tonalá,Frio,,,,,,,,,,,,,,,,,,,
45400,La Cabaña,Colonia,Tonalá,Jalisco,Tonalá,Frio,,,,,,,,,,,,,,,,,,,
45400,Lomas de Tonalá,Colonia,Tonalá,Jalisco,Tonalá,Tibio,,,,,,,,,,,,,,,,,,,
45400,Pachaguillo,Colonia,Tonalá,Jalisco,Tonalá,Frio,,,,,,,,,,,,,,,,,,,
45400,Tonalá Centro,Colonia,Tonalá,Jalisco,Tonalá,Tibio,,,,,,,,,,,,,,,,,,,
45400,La Guadalupana,Colonia,Tonalá,Jalisco,Tonalá,Frio,,,,,,,,,,,,,,,,,,,
45400,El Recodo,Colonia,Tonalá,Jalisco,Tonalá,Frio,,,,,,,,,,,,,,,,,,,
45400,Jardines de Tonala,Fraccionamiento,Tonalá,Jalisco,Tonalá,Tibio,,,,,,,,,,,,,,,,,,,
45400,Praderas Del Sol,Fraccionamiento,Tonalá,Jalisco,Tonalá,Tibio,,,,,,,,,,,,,,,,,,,
45400,Fidel Velázquez,Colonia,Tonalá,Jalisco,Tonalá,Frio,,,,,,,,,,,,,,,,,,,
45400,Sillita Zapote,Colonia,Tonalá,Jalisco,Tonalá,Frio,,,,,,,,,,,,,,,,,,,
45400,Tonaltecas II,Colonia,Tonalá,Jalisco,Tonalá,Frio,,,,,,,,,,,,,,,,,,,
45400,Tonaltecas,Colonia,Tonalá,Jalisco,Tonalá,Frio,,,,,,,,,,,,,,,,,,,
45400,La Alberca,Colonia,Tonalá,Jalisco,Tonalá,Frio,,,,,,,,,,,,,,,,,,,
45400,San Elias,Fraccionamiento,Tonalá,Jalisco,Tonalá,Tibio,,,,,,,,,,,,,,,,,,,
45400,Pueblito Del Sol,Colonia,Tonalá,Jalisco,Tonalá,Tibio,,,,,,,,,,,,,,,,,,,
45400,Tenamaxtle,Colonia,Tonalá,Jalisco,Tonalá,Frio,,,,,,,,,,,,,,,,,,,
45400,La Comolea,Colonia,Tonalá,Jalisco,Tonalá,Frio,,,,,,,,,,,,,,,,,,,
45400,El Amial,Colonia,Tonalá,Jalisco,Tonalá,Frio,,,,,,,,,,,,,,,,,,,
45400,Mirador Del Sol,Colonia,Tonalá,Jalisco,Tonalá,Tibio,,,,,,,,,,,,,,,,,,,
45400,Xicoxochitl,Colonia,Tonalá,Jalisco,Tonalá,Frio,,,,,,,,,,,,,,,,,,,
45400,Colinas de San Carlos,Colonia,Tonalá,Jalisco,Tonalá,Tibio,,,,,,,,,,,,,,,,,,,
45400,La Mesa I,Colonia,Tonalá,Jalisco,Tonalá,Frio,,,,,,,,,,,,,,,,,,,
45400,La Mesa II,Colonia,Tonalá,Jalisco,Tonalá,Frio,,,,,,,,,,,,,,,,,,,
45400,Mirador de La Reyna,Colonia,Tonalá,Jalisco,Tonalá,Tibio,,,,,,,,,,,,,,,,,,,
45400,Cuchara,Colonia,Tonalá,Jalisco,Tonalá,Frio,,,,,,,,,,,,,,,,,,,
45400,Balcones Del Sol,Colonia,Tonalá,Jalisco,Tonalá,Tibio,,,,,,,,,,,,,,,,,,,
45400,Valle Del Sol,Colonia,Tonalá,Jalisco,Tonalá,Tibio,,,,,,,,,,,,,,,,,,,
45400,Concha,Fraccionamiento,Tonalá,Jalisco,Tonalá,Tibio,,,,,,,,,,,,,,,,,,,
45400,Rinconadas Del Sol,Fraccionamiento,Tonalá,Jalisco,Tonalá,Tibio,,,,,,,,,,,,,,,,,,,
45400,Misión Del Campanario,Fraccionamiento,Tonalá,Jalisco,Tonalá,Tibio,,,,,,,,,,,,,,,,,,,
45400,Las Gabrielas,Fraccionamiento,Tonalá,Jalisco,Tonalá,Tibio,,,,,,,,,,,,,,,,,,,
45400,Buenos Aires,Fraccionamiento,Tonalá,Jalisco,Tonalá,Tibio,,,,,,,,,,,,,,,,,,,
45400,La Providencia,Fraccionamiento,Tonalá,Jalisco,Tonalá,Tibio,,,,,,,,,,,,,,,,,,,
45400,Altamira,Colonia,Tonalá,Jalisco,Tonalá,Tibio,,,,,,,,,,,,,,,,,,,
45400,Colonia del Sur,Colonia,Tonalá,Jalisco,Tonalá,Frio,,,,,,,,,,,,,,,,,,,
45400,Vistas del Valle,Fraccionamiento,Tonalá,Jalisco,Tonalá,Tibio,,,,,,,,,,,,,,,,,,,
45400,Arroyos,Colonia,Tonalá,Jalisco,Tonalá,Frio,,,,,,,,,,,,,,,,,,,
45400,Bajío de la Mesa,Colonia,Tonalá,Jalisco,Tonalá,Frio,,,,,,,,,,,,,,,,,,,
45400,Bellavista,Colonia,Tonalá,Jalisco,Tonalá,Tibio,,,,,,,,,,,,,,,,,,,
45400,Cañon,Colonia,Tonalá,Jalisco,Tonalá,Frio,,,,,,,,,,,,,,,,,,,
45400,Colorines,Colonia,Tonalá,Jalisco,Tonalá,Frio,,,,,,,,,,,,,,,,,,,
45400,Pirul,Colonia,Tonalá,Jalisco,Tonalá,Frio,,,,,,,,,,,,,,,,,,,
45400,Potrerito Beccerros,Colonia,Tonalá,Jalisco,Tonalá,Frio,,,,,,,,,,,,,,,,,,,
45400,Prados Tonalá,Colonia,Tonalá,Jalisco,Tonalá,Tibio,,,,,,,,,,,,,,,,,,,
45400,Rinconada Tonalá,Fraccionamiento,Tonalá,Jalisco,Tonalá,Tibio,,,,,,,,,,,,,,,,,,,
45400,Vistas Tonallán,Fraccionamiento,Tonalá,Jalisco,Tonalá,Tibio,,,,,,,,,,,,,,,,,,,
45400,Jardines de San Rafael,Fraccionamiento,Tonalá,Jalisco,Tonalá,Tibio,,,,,,,,,,,,,,,,,,,
45402,Vistas del Rey,Fraccionamiento,Tonalá,Jalisco,Tonalá,Tibio,,,,,,,,,,,,,,,,,,,
45402,Lomas de Aztlán,Fraccionamiento,Tonalá,Jalisco,Tonalá,Tibio,,,,,,,,,,,,,,,,,,,
45402,Nuevo Santa Cruz,Barrio,Tonalá,Jalisco,Tonalá,Frio,,,,,,,,,,,,,,,,,,,
45402,Francisco Villa,Colonia,Tonalá,Jalisco,Tonalá,Frio,,,,,,,,,,,,,,,,,,,
45402,Loma Dorada,Fraccionamiento,Tonalá,Jalisco,Tonalá,Tibio,,,,,,,,,,,,,,,,,,,
45402,Ciudad Aztlán,Colonia,Tonalá,Jalisco,Tonalá,Frio,,,,,,,,,,,,,,,,,,,
45402,Los Músicos,Colonia,Tonalá,Jalisco,Tonalá,Frio,,,,,,,,,,,,,,,,,,,
45402,Rey Xolotl,Condominio,Tonalá,Jalisco,Tonalá,Tibio,,,,,,,,,,,,,,,,,,,
45402,Lomas Del Manantial,Colonia,Tonalá,Jalisco,Tonalá,Tibio,,,,,,,,,,,,,,,,,,,
45402,Santa Cruz de las Huertas,Colonia,Tonalá,Jalisco,Tonalá,Frio,,,,,,,,,,,,,,,,,,,
45402,Los Cuadros,Colonia,Tonalá,Jalisco,Tonalá,Frio,,,,,,,,,,,,,,,,,,,
45402,Linda Vista,Colonia,Tonalá,Jalisco,Tonalá,Tibio,,,,,,,,,,,,,,,,,,,
45402,Quintana Catalina,Colonia,Tonalá,Jalisco,Tonalá,Frio,,,,,,,,,,,,,,,,,,,
45402,Barrio Nuevo,Colonia,Tonalá,Jalisco,Tonalá,Frio,,,,,,,,,,,,,,,,,,,
45402,Rey Xolotl,Colonia,Tonalá,Jalisco,Tonalá,Frio,,,,,,,,,,,,,,,,,,,
45402,Fuentes Del Nilo,Fraccionamiento,Tonalá,Jalisco,Tonalá,Tibio,,,,,,,,,,,,,,,,,,,
45402,Larguero,Colonia,Tonalá,Jalisco,Tonalá,Frio,,,,,,,,,,,,,,,,,,,
45402,Industrial Nueva Central Camionera,Fraccionamiento,Tonalá,Jalisco,Tonalá,Tibio,,,,,,,,,,,,,,,,,,,
45402,Alfareros,Colonia,Tonalá,Jalisco,Tonalá,Frio,,,,,,,,,,,,,,,,,,,
45402,Alpinos,Colonia,Tonalá,Jalisco,Tonalá,Frio,,,,,,,,,,,,,,,,,,,
45402,Amiales Ciudad Aztlán,Colonia,Tonalá,Jalisco,Tonalá,Frio,,,,,,,,,,,,,,,,,,,
45402,Colinas de Tonalá,Colonia,Tonalá,Jalisco,Tonalá,Tibio,,,,,,,,,,,,,,,,,,,
45402,Colonos Ciudad Aztlán,Colonia,Tonalá,Jalisco,Tonalá,Frio,,,,,,,,,,,,,,,,,,,
45402,El Barro,Unidad habitacional,Tonalá,Jalisco,Tonalá,Frio,,,,,,,,,,,,,,,,,,,
45402,El Cerrito,Colonia,Tonalá,Jalisco,Tonalá,Frio,,,,,,,,,,,,,,,,,,,
45402,El Cerro,Unidad habitacional,Tonalá,Jalisco,Tonalá,Frio,,,,,,,,,,,,,,,,,,,
45402,Ladera,Colonia,Tonalá,Jalisco,Tonalá,Frio,,,,,,,,,,,,,,,,,,,
45402,Loma Dorada Ejidal,Fraccionamiento,Tonalá,Jalisco,Tonalá,Tibio,,,,,,,,,,,,,,,,,,,
45402,Los Liberales,Colonia,Tonalá,Jalisco,Tonalá,Frio,,,,,,,,,,,,,,,,,,,
45402,Pedregal,Colonia,Tonalá,Jalisco,Tonalá,Frio,,,,,,,,,,,,,,,,,,,
45402,Villas Artesanos,Fraccionamiento,Tonalá,Jalisco,Tonalá,Tibio,,,,,,,,,,,,,,,,,,,
45403,INFONAVIT La Soledad,Unidad habitacional,Tonalá,Jalisco,Tonalá,Frio,,,,,,,,,,,,,,,,,,,
45403,Lomas de La Soledad,Colonia,Tonalá,Jalisco,Tonalá,Frio,,,,,,,,,,,,,,,,,,,
45403,Maravillas,Colonia,Tonalá,Jalisco,Tonalá,Frio,,,,,,,,,,,,,,,,,,,
45403,El Bajío de Santa Cruz,Colonia,Tonalá,Jalisco,Tonalá,Frio,,,,,,,,,,,,,,,,,,,
45403,Colinas de La Cruz,Colonia,Tonalá,Jalisco,Tonalá,Tibio,,,,,,,,,,,,,,,,,,,
45403,Los Pocitos,Colonia,Tonalá,Jalisco,Tonalá,Frio,,,,,,,,,,,,,,,,,,,
45403,Paseos Del Valle,Colonia,Tonalá,Jalisco,Tonalá,Tibio,,,,,,,,,,,,,,,,,,,
45403,Hacienda San Francisco,Fraccionamiento,Tonalá,Jalisco,Tonalá,Tibio,,,,,,,,,,,,,,,,,,,
45403,Lomas del Camichin,Colonia,Tonalá,Jalisco,Tonalá,Tibio,,,,,,,,,,,,,,,,,,,
45403,Flores Magón,Fraccionamiento,Tonalá,Jalisco,Tonalá,Frio,,,,,,,,,,,,,,,,,,,
45403,Flores Magón II,Colonia,Tonalá,Jalisco,Tonalá,Frio,,,,,,,,,,,,,,,,,,,
45403,INFONAVIT Río Nilo,Unidad habitacional,Tonalá,Jalisco,Tonalá,Frio,,,,,,,,,,,,,,,,,,,
45403,Villas de Oriente,Colonia,Tonalá,Jalisco,Tonalá,Frio,,,,,,,,,,,,,,,,,,,
45403,Villas de Oriente II,Colonia,Tonalá,Jalisco,Tonalá,Frio,,,,,,,,,,,,,,,,,,,
45403,El Doradito,Fraccionamiento,Tonalá,Jalisco,Tonalá,Tibio,,,,,,,,,,,,,,,,,,,
45403,Los Camichines I,Colonia,Tonalá,Jalisco,Tonalá,Frio,,,,,,,,,,,,,,,,,,,
45403,Los Camichines II,Fraccionamiento,Tonalá,Jalisco,Tonalá,Tibio,,,,,,,,,,,,,,,,,,,
45403,Lomas de los Pájaros,Colonia,Tonalá,Jalisco,Tonalá,Tibio,,,,,,,,,,,,,,,,,,,
45403,Real Patria,Fraccionamiento,Tonalá,Jalisco,Tonalá,Tibio,,,,,,,,,,,,,,,,,,,
45403,Cipreses,Fraccionamiento,Tonalá,Jalisco,Tonalá,Tibio,,,,,,,,,,,,,,,,,,,
45403,Rinconada San Francisco,Colonia,Tonalá,Jalisco,Tonalá,Tibio,,,,,,,,,,,,,,,,,,,
45403,Agua Escondida,Colonia,Tonalá,Jalisco,Tonalá,Frio,,,,,,,,,,,,,,,,,,,
45403,Colinas Santa Cruz II,Colonia,Tonalá,Jalisco,Tonalá,Tibio,,,,,,,,,,,,,,,,,,,
45403,Del Valle,Colonia,Tonalá,Jalisco,Tonalá,Tibio,,,,,,,,,,,,,,,,,,,
45403,Rinconada de la Presa,Fraccionamiento,Tonalá,Jalisco,Tonalá,Tibio,,,,,,,,,,,,,,,,,,,
45403,Rinconada del Árbol,Fraccionamiento,Tonalá,Jalisco,Tonalá,Tibio,,,,,,,,,,,,,,,,,,,
45404,Jardines de Elizabeth,Fraccionamiento,Tonalá,Jalisco,Tonalá,Tibio,,,,,,,,,,,,,,,,,,,
45404,Rinconada del Huerto,Fraccionamiento,Tonalá,Jalisco,Tonalá,Tibio,,,,,,,,,,,,,,,,,,,
45404,El Rosario,Colonia,Tonalá,Jalisco,Tonalá,Frio,,,,,,,,,,,,,,,,,,,
45404,La Hortaliza,Colonia,Tonalá,Jalisco,Tonalá,Frio,,,,,,,,,,,,,,,,,,,
45404,Educadores Jaliscienses,Colonia,Tonalá,Jalisco,Tonalá,Frio,,,,,,,,,,,,,,,,,,,
45404,Leyes de Reforma,Colonia,Tonalá,Jalisco,Tonalá,Frio,,,,,,,,,,,,,,,,,,,
45404,20 de Noviembre,Colonia,Tonalá,Jalisco,Tonalá,Frio,,,,,,,,,,,,,,,,,,,
45404,El Rosarito,Fraccionamiento,Tonalá,Jalisco,Tonalá,Tibio,,,,,,,,,,,,,,,,,,,
45404,Jardines Del Rosario,Colonia,Tonalá,Jalisco,Tonalá,Tibio,,,,,,,,,,,,,,,,,,,
45404,Gavilanes,Colonia,Tonalá,Jalisco,Tonalá,Frio,,,,,,,,,,,,,,,,,,,
45404,Bosques de Tonalá,Colonia,Tonalá,Jalisco,Tonalá,Tibio,,,,,,,,,,,,,,,,,,,
45404,Puesta Del Sol,Colonia,Tonalá,Jalisco,Tonalá,Tibio,,,,,,,,,,,,,,,,,,,
45404,Valle Leones,Fraccionamiento,Tonalá,Jalisco,Tonalá,Tibio,,,,,,,,,,,,,,,,,,,
45404,Basilio Badillo II,Colonia,Tonalá,Jalisco,Tonalá,Frio,,,,,,,,,,,,,,,,,,,
45404,Misión Cantera,Colonia,Tonalá,Jalisco,Tonalá,Tibio,,,,,,,,,,,,,,,,,,,
45404,Valle de La Reyna,Fraccionamiento,Tonalá,Jalisco,Tonalá,Tibio,,,,,,,,,,,,,,,,,,,
45404,Adobera,Colonia,Tonalá,Jalisco,Tonalá,Frio,,,,,,,,,,,,,,,,,,,
45404,Aguajomate,Colonia,Tonalá,Jalisco,Tonalá,Frio,,,,,,,,,,,,,,,,,,,
45404,Águilas,Colonia,Tonalá,Jalisco,Tonalá,Frio,,,,,,,,,,,,,,,,,,,
45404,Balcones del Rosario,Colonia,Tonalá,Jalisco,Tonalá,Tibio,,,,,,,,,,,,,,,,,,,
45404,Buenavista I,Colonia,Tonalá,Jalisco,Tonalá,Frio,,,,,,,,,,,,,,,,,,,
45404,Buenavista II,Colonia,Tonalá,Jalisco,Tonalá,Frio,,,,,,,,,,,,,,,,,,,
45404,Huerta,Fraccionamiento,Tonalá,Jalisco,Tonalá,Tibio,,,,,,,,,,,,,,,,,,,
45404,Puerta del Rosario,Colonia,Tonalá,Jalisco,Tonalá,Tibio,,,,,,,,,,,,,,,,,,,
45404,Rinconada del Rosario,Colonia,Tonalá,Jalisco,Tonalá,Tibio,,,,,,,,,,,,,,,,,,,
45405,Altamira,Colonia,Tonalá,Jalisco,Tonalá,Tibio,,,,,,,,,,,,,,,,,,,
45405,Constancio Hernández Alvirde,Fraccionamiento,Tonalá,Jalisco,Tonalá,Frio,,,,,,,,,,,,,,,,,,,
45405,Lomas Del Manantial,Colonia,Tonalá,Jalisco,Tonalá,Tibio,,,,,,,,,,,,,,,,,,,
45405,Zalatitan,Colonia,Tonalá,Jalisco,Tonalá,Frio,,,,,,,,,,,,,,,,,,,
45405,Los Manguitos,Colonia,Tonalá,Jalisco,Tonalá,Frio,,,,,,,,,,,,,,,,,,,
45405,Loma Bonita 1a Sección,Colonia,Tonalá,Jalisco,Tonalá,Frio,,,,,,,,,,,,,,,,,,,
45405,Loma Bonita 2a Sección,Colonia,Tonalá,Jalisco,Tonalá,Frio,,,,,,,,,,,,,,,,,,,
45405,Loma Bonita 3a Sección,Colonia,Tonalá,Jalisco,Tonalá,Frio,,,,,,,,,,,,,,,,,,,
45405,La Pila,Colonia,Tonalá,Jalisco,Tonalá,Frio,,,,,,,,,,,,,,,,,,,
45405,Rinconada Del Mezquital,Fraccionamiento,Tonalá,Jalisco,Tonalá,Tibio,,,,,,,,,,,,,,,,,,,
45405,Ahuacate,Colonia,Tonalá,Jalisco,Tonalá,Frio,,,,,,,,,,,,,,,,,,,
45405,Las Torres,Colonia,Tonalá,Jalisco,Tonalá,Frio,,,,,,,,,,,,,,,,,,,
45406,Jacarandas,Fraccionamiento,Tonalá,Jalisco,Tonalá,Tibio,,,,,,,,,,,,,,,,,,,
45406,Rinconada Paraíso,Fraccionamiento,Tonalá,Jalisco,Tonalá,Tibio,,,,,,,,,,,,,,,,,,,
45406,Rincón del Paraíso,Fraccionamiento,Tonalá,Jalisco,Tonalá,Tibio,,,,,,,,,,,,,,,,,,,
45406,Villas del Pinar,Fraccionamiento,Tonalá,Jalisco,Tonalá,Tibio,,,,,,,,,,,,,,,,,,,
45406,Rinconada del Parque,Condominio,Tonalá,Jalisco,Tonalá,Tibio,,,,,,,,,,,,,,,,,,,
45406,Arcos de Zalatitan,Fraccionamiento,Tonalá,Jalisco,Tonalá,Tibio,,,,,,,,,,,,,,,,,,,
45406,Basilio Badillo,Colonia,Tonalá,Jalisco,Tonalá,Frio,,,,,,,,,,,,,,,,,,,
45406,Paseo de Tonala,Fraccionamiento,Tonalá,Jalisco,Tonalá,Tibio,,,,,,,,,,,,,,,,,,,
45406,Arroyo Seco,Colonia,Tonalá,Jalisco,Tonalá,Frio,,,,,,,,,,,,,,,,,,,
45406,Pinar de las Palomas,Colonia,Tonalá,Jalisco,Tonalá,Tibio,,,,,,,,,,,,,,,,,,,
45406,Arcos de Zalatitan II,Colonia,Tonalá,Jalisco,Tonalá,Tibio,,,,,,,,,,,,,,,,,,,
45406,Villas Zalatitán,Colonia,Tonalá,Jalisco,Tonalá,Tibio,,,,,,,,,,,,,,,,,,,
45406,Los Pinos,Fraccionamiento,Tonalá,Jalisco,Tonalá,Tibio,,,,,,,,,,,,,,,,,,,
45406,Misión de San Francisco,Fraccionamiento,Tonalá,Jalisco,Tonalá,Tibio,,,,,,,,,,,,,,,,,,,
45406,Girasoles,Fraccionamiento,Tonalá,Jalisco,Tonalá,Tibio,,,,,,,,,,,,,,,,,,,
45406,Paraíso,Colonia,Tonalá,Jalisco,Tonalá,Tibio,,,,,,,,,,,,,,,,,,,
45406,Geranios,Colonia,Tonalá,Jalisco,Tonalá,Frio,,,,,,,,,,,,,,,,,,,
45406,Potrero San Francisco,Fraccionamiento,Tonalá,Jalisco,Tonalá,Tibio,,,,,,,,,,,,,,,,,,,
45406,Quintas del Paraíso,Fraccionamiento,Tonalá,Jalisco,Tonalá,Tibio,,,,,,,,,,,,,,,,,,,
45407,La Alameda,Colonia,Tonalá,Jalisco,Tonalá,Frio,,,,,,,,,,,,,,,,,,,
45407,Del Laurel,Colonia,Tonalá,Jalisco,Tonalá,Frio,,,,,,,,,,,,,,,,,,,
45407,El Molino,Colonia,Tonalá,Jalisco,Tonalá,Frio,,,,,,,,,,,,,,,,,,,
45407,Lomas Del Laurel,Colonia,Tonalá,Jalisco,Tonalá,Tibio,,,,,,,,,,,,,,,,,,,
45407,Alamedas de Zalatitán,Colonia,Tonalá,Jalisco,Tonalá,Tibio,,,,,,,,,,,,,,,,,,,
45407,Los Camichines,Colonia,Tonalá,Jalisco,Tonalá,Frio,,,,,,,,,,,,,,,,,,,
45407,La Villa,Colonia,Tonalá,Jalisco,Tonalá,Frio,,,,,,,,,,,,,,,,,,,
45407,La Cruz,Colonia,Tonalá,Jalisco,Tonalá,Frio,,,,,,,,,,,,,,,,,,,
45407,El Caracol,Colonia,Tonalá,Jalisco,Tonalá,Frio,,,,,,,,,,,,,,,,,,,
45407,Lomas de Zalatitan,Colonia,Tonalá,Jalisco,Tonalá,Tibio,,,,,,,,,,,,,,,,,,,
45407,La Arena,Colonia,Tonalá,Jalisco,Tonalá,Frio,,,,,,,,,,,,,,,,,,,
45407,Los Manantiales,Colonia,Tonalá,Jalisco,Tonalá,Frio,,,,,,,,,,,,,,,,,,,
45407,Los Camichines 2,Colonia,Tonalá,Jalisco,Tonalá,Frio,,,,,,,,,,,,,,,,,,,
45407,Los Camichines 3,Colonia,Tonalá,Jalisco,Tonalá,Frio,,,,,,,,,,,,,,,,,,,
45408,Huertas del Valle,Fraccionamiento,Tonalá,Jalisco,Tonalá,Tibio,,,,,,,,,,,,,,,,,,,
45408,López Cotilla,Fraccionamiento,Tonalá,Jalisco,Tonalá,Tibio,,,,,,,,,,,,,,,,,,,
45408,San Gaspar de las Flores,Colonia,Tonalá,Jalisco,Tonalá,Frio,,,,,,,,,,,,,,,,,,,
45408,Arboledas de San Gaspar,Colonia,Tonalá,Jalisco,Tonalá,Tibio,,,,,,,,,,,,,,,,,,,
45408,Huertas de San Gaspar,Colonia,Tonalá,Jalisco,Tonalá,Frio,,,,,,,,,,,,,,,,,,,
45408,La Pila de San Gaspar,Colonia,Tonalá,Jalisco,Tonalá,Frio,,,,,,,,,,,,,,,,,,,
45408,La Perseverancia,Fraccionamiento,Tonalá,Jalisco,Tonalá,Tibio,,,,,,,,,,,,,,,,,,,
45408,La Mojonera,Colonia,Tonalá,Jalisco,Tonalá,Frio,,,,,,,,,,,,,,,,,,,
45408,Alamedas de San Gaspar,Colonia,Tonalá,Jalisco,Tonalá,Tibio,,,,,,,,,,,,,,,,,,,
45408,Bajío San Gaspar,Colonia,Tonalá,Jalisco,Tonalá,Frio,,,,,,,,,,,,,,,,,,,
45408,Jazmín,Colonia,Tonalá,Jalisco,Tonalá,Frio,,,,,,,,,,,,,,,,,,,
45408,La Cañada,Colonia,Tonalá,Jalisco,Tonalá,Frio,,,,,,,,,,,,,,,,,,,
45408,Lomas Gaspar,Colonia,Tonalá,Jalisco,Tonalá,Tibio,,,,,,,,,,,,,,,,,,,
45410,Misión de los Viñedos,Fraccionamiento,Tonalá,Jalisco,Tonalá,Tibio,,,,,,,,,,,,,,,,,,,
45410,Rinconada de San Lorenzo,Fraccionamiento,Tonalá,Jalisco,Tonalá,Tibio,,,,,,,,,,,,,,,,,,,
45410,Buena Mirada,Fraccionamiento,Tonalá,Jalisco,Tonalá,Tibio,,,,,,,,,,,,,,,,,,,
45410,Haciendas de la Reyna,Fraccionamiento,Tonalá,Jalisco,Tonalá,Tibio,,,,,,,,,,,,,,,,,,,
45410,Loma Linda,Fraccionamiento,Tonalá,Jalisco,Tonalá,Tibio,,,,,,,,,,,,,,,,,,,
45410,Villas de Santiago,Fraccionamiento,Tonalá,Jalisco,Tonalá,Tibio,,,,,,,,,,,,,,,,,,,
45410,Valle de Tonantzin,Fraccionamiento,Tonalá,Jalisco,Tonalá,Tibio,,,,,,,,,,,,,,,,,,,
45410,Jardines de la Cañada,Fraccionamiento,Tonalá,Jalisco,Tonalá,Tibio,,,,,,,,,,,,,,,,,,,
45410,Paseos de Santiago,Fraccionamiento,Tonalá,Jalisco,Tonalá,Tibio,,,,,,,,,,,,,,,,,,,
45410,Senderos de Santiago,Fraccionamiento,Tonalá,Jalisco,Tonalá,Tibio,,,,,,,,,,,,,,,,,,,
45410,Puerta Vieja,Fraccionamiento,Tonalá,Jalisco,Tonalá,Tibio,,,,,,,,,,,,,,,,,,,
45410,Verona,Condominio,Tonalá,Jalisco,Tonalá,Tibio,,,,,,,,,,,,,,,,,,,
45410,Despertares,Fraccionamiento,Tonalá,Jalisco,Tonalá,Tibio,,,,,,,,,,,,,,,,,,,
45410,Misión Acueducto,Fraccionamiento,Tonalá,Jalisco,Tonalá,Tibio,,,,,,,,,,,,,,,,,,,
45410,Vía Nova,Fraccionamiento,Tonalá,Jalisco,Tonalá,Tibio,,,,,,,,,,,,,,,,,,,
45410,Reyna Alta,Fraccionamiento,Tonalá,Jalisco,Tonalá,Tibio,,,,,,,,,,,,,,,,,,,
45410,Torres Castilla,Condominio,Tonalá,Jalisco,Tonalá,Tibio,,,,,,,,,,,,,,,,,,,
45410,Misión La Valenciana,Condominio,Tonalá,Jalisco,Tonalá,Tibio,,,,,,,,,,,,,,,,,,,
45410,Valle de Tonantzin III,Fraccionamiento,Tonalá,Jalisco,Tonalá,Tibio,,,,,,,,,,,,,,,,,,,
45410,Vista Reina,Fraccionamiento,Tonalá,Jalisco,Tonalá,Tibio,,,,,,,,,,,,,,,,,,,
45410,Coyula,Colonia,Tonalá,Jalisco,Tonalá,Frio,,,,,,,,,,,,,,,,,,,
45410,Rancho La Cruz,Colonia,Tonalá,Jalisco,Tonalá,Frio,,,,,,,,,,,,,,,,,,,
45410,Cerrito de La Reyna,Colonia,Tonalá,Jalisco,Tonalá,Frio,,,,,,,,,,,,,,,,,,,
45410,Prados de Coyula Sección I,Colonia,Tonalá,Jalisco,Tonalá,Frio,,,,,,,,,,,,,,,,,,,
45410,Prados de Coyula Sección II,Colonia,Tonalá,Jalisco,Tonalá,Frio,,,,,,,,,,,,,,,,,,,
45410,Los Vizcarra (San Isidro),Colonia,Tonalá,Jalisco,Tonalá,Frio,,,,,,,,,,,,,,,,,,,
45410,Mesa de las Gamboas,Colonia,Tonalá,Jalisco,Tonalá,Frio,,,,,,,,,,,,,,,,,,,
45410,Rinconada de Coyula,Colonia,Tonalá,Jalisco,Tonalá,Tibio,,,,,,,,,,,,,,,,,,,
45410,Arboleda Tonala,Fraccionamiento,Tonalá,Jalisco,Tonalá,Tibio,,,,,,,,,,,,,,,,,,,
45410,Jardines de La Reyna,Fraccionamiento,Tonalá,Jalisco,Tonalá,Tibio,,,,,,,,,,,,,,,,,,,
45410,El Panorámico,Fraccionamiento,Tonalá,Jalisco,Tonalá,Tibio,,,,,,,,,,,,,,,,,,,
45410,Urbi Quinta Montecarlo,Fraccionamiento,Tonalá,Jalisco,Tonalá,Tibio,,,,,,,,,,,,,,,,,,,
45410,Vergel,Colonia,Tonalá,Jalisco,Tonalá,Tibio,,,,,,,,,,,,,,,,,,,
45410,Cruz Loma,Colonia,Tonalá,Jalisco,Tonalá,Frio,,,,,,,,,,,,,,,,,,,
45410,Duque,Colonia,Tonalá,Jalisco,Tonalá,Frio,,,,,,,,,,,,,,,,,,,
45410,Juárez,Colonia,Tonalá,Jalisco,Tonalá,Frio,,,,,,,,,,,,,,,,,,,
45410,Prados de la Cruz,Fraccionamiento,Tonalá,Jalisco,Tonalá,Tibio,,,,,,,,,,,,,,,,,,,
45410,Puerta Sol,Fraccionamiento,Tonalá,Jalisco,Tonalá,Tibio,,,,,,,,,,,,,,,,,,,
45410,Urbi Villa del Río,Fraccionamiento,Tonalá,Jalisco,Tonalá,Tibio,,,,,,,,,,,,,,,,,,,
45410,Valle Verde,Fraccionamiento,Tonalá,Jalisco,Tonalá,Tibio,,,,,,,,,,,,,,,,,,,
45410,Villas Cruz,Colonia,Tonalá,Jalisco,Tonalá,Tibio,,,,,,,,,,,,,,,,,,,
45410,Privadas de la Reyna,Fraccionamiento,Tonalá,Jalisco,Tonalá,Tibio,,,,,,,,,,,,,,,,,,,
45412,Jalisco 1a. Sección,Colonia,Tonalá,Jalisco,Tonalá,Frio,,,,,,,,,,,,,,,,,,,
45412,Gallos Viejos,Colonia,Tonalá,Jalisco,Tonalá,Frio,,,,,,,,,,,,,,,,,,,
45412,Loma de San Gaspar,Colonia,Tonalá,Jalisco,Tonalá,Frio,,,,,,,,,,,,,,,,,,,
45412,Colimilla,Colonia,Tonalá,Jalisco,Tonalá,Frio,,,,,,,,,,,,,,,,,,,
45412,Mirador Oriente,Fraccionamiento,Tonalá,Jalisco,Tonalá,Tibio,,,,,,,,,,,,,,,,,,,
45412,La Noria,Fraccionamiento,Tonalá,Jalisco,Tonalá,Tibio,,,,,,,,,,,,,,,,,,,
45412,Los Conejos,Fraccionamiento,Tonalá,Jalisco,Tonalá,Tibio,,,,,,,,,,,,,,,,,,,
45412,Lázaro Cárdenas (Barranquitas),Colonia,Tonalá,Jalisco,Tonalá,Frio,,,,,,,,,,,,,,,,,,,
45412,Francisco Villa,Colonia,Tonalá,Jalisco,Tonalá,Frio,,,,,,,,,,,,,,,,,,,
45412,El Ahuatan,Colonia,Tonalá,Jalisco,Tonalá,Frio,,,,,,,,,,,,,,,,,,,
45412,Emiliano Zapata,Colonia,Tonalá,Jalisco,Tonalá,Frio,,,,,,,,,,,,,,,,,,,
45412,Jalisco 2a. Sección,Colonia,Tonalá,Jalisco,Tonalá,Frio,,,,,,,,,,,,,,,,,,,
45412,Nuevo Israel,Colonia,Tonalá,Jalisco,Tonalá,Frio,,,,,,,,,,,,,,,,,,,
45413,Tulipanes,Colonia,Tonalá,Jalisco,Tonalá,Frio,,,,,,,,,,,,,,,,,,,
45413,Potrero de San José,Fraccionamiento,Tonalá,Jalisco,Tonalá,Tibio,,,,,,,,,,,,,,,,,,,
45413,Surcos Largos,Colonia,Tonalá,Jalisco,Tonalá,Frio,,,,,,,,,,,,,,,,,,,
45413,Colosio,Colonia,Tonalá,Jalisco,Tonalá,Frio,,,,,,,,,,,,,,,,,,,
45413,Lázaro Cárdenas,Colonia,Tonalá,Jalisco,Tonalá,Frio,,,,,,,,,,,,,,,,,,,
45413,Residencias el Prado (Jardines del Prado),Fraccionamiento,Tonalá,Jalisco,Tonalá,Tibio,,,,,,,,,,,,,,,,,,,
45415,Plan de Guajes,Colonia,Tonalá,Jalisco,Tonalá,Frio,,,,,,,,,,,,,,,,,,,
45416,La Cúspide,Condominio,Tonalá,Jalisco,Tonalá,Tibio,,,,,,,,,,,,,,,,,,,
45416,El Moral,Fraccionamiento,Tonalá,Jalisco,Tonalá,Tibio,,,,,,,,,,,,,,,,,,,
45417,Jardines de La Cruz Oriente,Fraccionamiento,Tonalá,Jalisco,Tonalá,Tibio,,,,,,,,,,,,,,,,,,,
45420,La Puerta,Colonia,Tonalá,Jalisco,Tonalá,Frio,,,,,,,,,,,,,,,,,,,
45420,El Bordo,Colonia,Tonalá,Jalisco,Tonalá,Frio,,,,,,,,,,,,,,,,,,,
45420,Residencial Misión de Guadalupe,Fraccionamiento,Tonalá,Jalisco,Tonalá,Tibio,,,,,,,,,,,,,,,,,,,
45420,Rinconada de la Providencia,Fraccionamiento,Tonalá,Jalisco,Tonalá,Tibio,,,,,,,,,,,,,,,,,,,
45420,La Gigantera,Colonia,Tonalá,Jalisco,Tonalá,Frio,,,,,,,,,,,,,,,,,,,
45420,Santa Paula,Colonia,Tonalá,Jalisco,Tonalá,Frio,,,,,,,,,,,,,,,,,,,
45420,Santa Rosa,Colonia,Tonalá,Jalisco,Tonalá,Frio,,,,,,,,,,,,,,,,,,,
45420,Santa Isabel,Colonia,Tonalá,Jalisco,Tonalá,Frio,,,,,,,,,,,,,,,,,,,
45420,La Severiana,Colonia,Tonalá,Jalisco,Tonalá,Frio,,,,,,,,,,,,,,,,,,,
45420,La Pilita,Colonia,Tonalá,Jalisco,Tonalá,Frio,,,,,,,,,,,,,,,,,,,
45420,El Rincón,Colonia,Tonalá,Jalisco,Tonalá,Frio,,,,,,,,,,,,,,,,,,,
45420,La Liga,Colonia,Tonalá,Jalisco,Tonalá,Frio,,,,,,,,,,,,,,,,,,,
45420,Los Puestos,Colonia,Tonalá,Jalisco,Tonalá,Frio,,,,,,,,,,,,,,,,,,,
45420,Ojo de Agua,Colonia,Tonalá,Jalisco,Tonalá,Frio,,,,,,,,,,,,,,,,,,,
45420,Potrerillo,Colonia,Tonalá,Jalisco,Tonalá,Frio,,,,,,,,,,,,,,,,,,,
45422,Vistas del Pedregal,Fraccionamiento,Tonalá,Jalisco,Tonalá,Tibio,,,,,,,,,,,,,,,,,,,
45422,Bosques del Sol,Colonia,Tonalá,Jalisco,Tonalá,Tibio,,,,,,,,,,,,,,,,,,,
45422,Nueva Aurora,Fraccionamiento,Tonalá,Jalisco,Tonalá,Tibio,,,,,,,,,,,,,,,,,,,
45422,Vistas del Pedregal I,Fraccionamiento,Tonalá,Jalisco,Tonalá,Tibio,,,,,,,,,,,,,,,,,,,
45422,Rancho Sánchez,Colonia,Tonalá,Jalisco,Tonalá,Frio,,,,,,,,,,,,,,,,,,,
45422,El Arenal,Colonia,Tonalá,Jalisco,Tonalá,Frio,,,,,,,,,,,,,,,,,,,
45422,Los Amiales,Colonia,Tonalá,Jalisco,Tonalá,Frio,,,,,,,,,,,,,,,,,,,
45422,El Gallo Colorado,Colonia,Tonalá,Jalisco,Tonalá,Frio,,,,,,,,,,,,,,,,,,,
45422,Ocotillo,Colonia,Tonalá,Jalisco,Tonalá,Frio,,,,,,,,,,,,,,,,,,,
45422,Los Encinos,Colonia,Tonalá,Jalisco,Tonalá,Tibio,,,,,,,,,,,,,,,,,,,
45422,Pedregal de Santa Martha,Fraccionamiento,Tonalá,Jalisco,Tonalá,Tibio,,,,,,,,,,,,,,,,,,,
45422,Colinas de Tonalá,Fraccionamiento,Tonalá,Jalisco,Tonalá,Tibio,,,,,,,,,,,,,,,,,,,
45422,La Loma,Colonia,Tonalá,Jalisco,Tonalá,Frio,,,,,,,,,,,,,,,,,,,
45424,San Francisco de la Soledad,Colonia,Tonalá,Jalisco,Tonalá,Frio,,,,,,,,,,,,,,,,,,,
45424,Puente Viejo,Fraccionamiento,Tonalá,Jalisco,Tonalá,Tibio,,,,,,,,,,,,,,,,,,,
45425,Lomas de San Miguel,Fraccionamiento,Tonalá,Jalisco,Tonalá,Tibio,,,,,,,,,,,,,,,,,,,
45425,Lomas de San Miguel III,Fraccionamiento,Tonalá,Jalisco,Tonalá,Tibio,,,,,,,,,,,,,,,,,,,
45425,San Miguel de La Punta,Colonia,Tonalá,Jalisco,Tonalá,Frio,,,,,,,,,,,,,,,,,,,
45425,Guadalupana,Colonia,Tonalá,Jalisco,Tonalá,Frio,,,,,,,,,,,,,,,,,,,
45425,Vasconcelos,Colonia,Tonalá,Jalisco,Tonalá,Frio,,,,,,,,,,,,,,,,,,,
45426,Arroyo de Enmedio,Colonia,Tonalá,Jalisco,Tonalá,Frio,,,,,,,,,,,,,,,,,,,
45427,El Jordan,Fraccionamiento,Tonalá,Jalisco,Tonalá,Tibio,,,,,,,,,,,,,,,,,,,
45427,San Jorge,Fraccionamiento,Tonalá,Jalisco,Tonalá,Tibio,,,,,,,,,,,,,,,,,,,
45427,Puente Grande,Pueblo,Tonalá,Jalisco,Tonalá,Frio,,,,,,,,,,,,,,,,,,,
45427,Agua Blanca,Colonia,Tonalá,Jalisco,Tonalá,Frio,,,,,,,,,,,,,,,,,,,
45427,Tololotlán,Colonia,Tonalá,Jalisco,Tonalá,Frio,,,,,,,,,,,,,,,,,,,
45427,Ejidal del Sol,Fraccionamiento,Tonalá,Jalisco,Tonalá,Tibio,,,,,,,,,,,,,,,,,,,
45427,Real Fresno,Fraccionamiento,Tonalá,Jalisco,Tonalá,Tibio,,,,,,,,,,,,,,,,,,,
45428,La Ladrillera,Colonia,Tonalá,Jalisco,Tonalá,Frio,,,,,,,,,,,,,,,,,,,
45428,Los Pajaritos,Colonia,Tonalá,Jalisco,Tonalá,Frio,,,,,,,,,,,,,,,,,,,
45428,Hipódromo,Colonia,Tonalá,Jalisco,Tonalá,Frio,,,,,,,,,,,,,,,,,,,
45428,La Llave,Fraccionamiento,Tonalá,Jalisco,Tonalá,Tibio,,,,,,,,,,,,,,,,,,,
45428,La Esperanza,Colonia,Tonalá,Jalisco,Tonalá,Frio,,,,,,,,,,,,,,,,,,,
45428,Luis Alonso González,Colonia,Tonalá,Jalisco,Tonalá,Frio,,,,,,,,,,,,,,,,,,,
45428,Hacienda Del Real,Colonia,Tonalá,Jalisco,Tonalá,Tibio,,,,,,,,,,,,,,,,,,,
45428,Jardines de La Hacienda,Fraccionamiento,Tonalá,Jalisco,Tonalá,Tibio,,,,,,,,,,,,,,,,,,,
45428,Jauja,Colonia,Tonalá,Jalisco,Tonalá,Frio,,,,,,,,,,,,,,,,,,,
45428,La Calma,Colonia,Tonalá,Jalisco,Tonalá,Frio,,,,,,,,,,,,,,,,,,,
45428,Jardines Mirador,Colonia,Tonalá,Jalisco,Tonalá,Tibio,,,,,,,,,,,,,,,,,,,
45429,Cañada Real,Fraccionamiento,Tonalá,Jalisco,Tonalá,Tibio,,,,,,,,,,,,,,,,,,,
45429,Paseos del Pedregal,Fraccionamiento,Tonalá,Jalisco,,Tibio,,,,,,,,,,,,,,,,,,,
45429,Villas del Cortijo,Fraccionamiento,Tonalá,Jalisco,,Tibio,,,,,,,,,,,,,,,,,,,
45429,Los Prados,Fraccionamiento,Tonalá,Jalisco,,Tibio,,,,,,,,,,,,,,,,,,,
45429,El Vado,Colonia,Tonalá,Jalisco,,Frio,,,,,,,,,,,,,,,,,,,
45429,Praderas de Tonallan,Fraccionamiento,Tonalá,Jalisco,Tonalá,Tibio,,,,,,,,,,,,,,,,,,,
45429,Haciendas de Tonalá,Colonia,Tonalá,Jalisco,Tonalá,Tibio,,,,,,,,,,,,,,,,,,,
45429,Vistas del Tonallan,Fraccionamiento,Tonalá,Jalisco,Tonalá,Tibio,,,,,,,,,,,,,,,,,,,
45429,Puertas del Sol (Autopista),Fraccionamiento,Tonalá,Jalisco,Tonalá,Tibio,,,,,,,,,,,,,,,,,,,
45429,Paseo de la Cañada,Fraccionamiento,Tonalá,Jalisco,Tonalá,Tibio,,,,,,,,,,,,,,,,,,,
45430,Lomas de Huizquilco,Colonia,Zapotlanejo,Jalisco,,Tibio,,,,,,,,,,,,,,,,,,,
45430,Jardines del Paraíso,Colonia,Zapotlanejo,Jalisco,,Tibio,,,,,,,,,,,,,,,,,,,
45430,Sagrado Corazón,Colonia,Zapotlanejo,Jalisco,,Frio,,,,,,,,,,,,,,,,,,,
45430,El Rosario,Colonia,Zapotlanejo,Jalisco,,Frio,,,,,,,,,,,,,,,,,,,
45430,San Miguel,Colonia,Zapotlanejo,Jalisco,,Frio,,,,,,,,,,,,,,,,,,,
45430,Bella Vista,Colonia,Zapotlanejo,Jalisco,,Tibio,,,,,,,,,,,,,,,,,,,
45430,Loma Dorada,Colonia,Zapotlanejo,Jalisco,,Tibio,,,,,,,,,,,,,,,,,,,
45430,Huisquilco,Colonia,Zapotlanejo,Jalisco,,Frio,,,,,,,,,,,,,,,,,,,
45430,Presidentes,Colonia,Zapotlanejo,Jalisco,,Frio,,,,,,,,,,,,,,,,,,,
45430,Centro de Moda Zapotlanejo,Equipamiento,Zapotlanejo,Jalisco,,Tibio,,,,,,,,,,,,,,,,,,,
45430,El Trapichi,Colonia,Zapotlanejo,Jalisco,,Frio,,,,,,,,,,,,,,,,,,,
45430,San José del Río,Colonia,Zapotlanejo,Jalisco,,Frio,,,,,,,,,,,,,,,,,,,
45430,Santa Cecilia,Colonia,Zapotlanejo,Jalisco,,Frio,,,,,,,,,,,,,,,,,,,
45430,San Martín,Colonia,Zapotlanejo,Jalisco,,Frio,,,,,,,,,,,,,,,,,,,
45430,Santa Teresa,Colonia,Zapotlanejo,Jalisco,,Frio,,,,,,,,,,,,,,,,,,,
45430,San Felipe,Colonia,Zapotlanejo,Jalisco,,Frio,,,,,,,,,,,,,,,,,,,
45430,Constitución,Colonia,Zapotlanejo,Jalisco,,Frio,,,,,,,,,,,,,,,,,,,
45430,La Ceja,Colonia,Zapotlanejo,Jalisco,,Frio,,,,,,,,,,,,,,,,,,,
45430,San Francisco,Colonia,Zapotlanejo,Jalisco,,Frio,,,,,,,,,,,,,,,,,,,
45430,Residencial del Parque,Fraccionamiento,Zapotlanejo,Jalisco,,Tibio,,,,,,,,,,,,,,,,,,,
45430,Las Tres Flores,Fraccionamiento,Zapotlanejo,Jalisco,,Tibio,,,,,,,,,,,,,,,,,,,
45430,Los Tepetates,Colonia,Zapotlanejo,Jalisco,,Frio,,,,,,,,,,,,,,,,,,,
45430,Lomas del Valle,Colonia,Zapotlanejo,Jalisco,,Tibio,,,,,,,,,,,,,,,,,,,
45430,La Cruz (Ciudad Perdida Loma de la Cruz),Colonia,Zapotlanejo,Jalisco,,Frio,,,,,,,,,,,,,,,,,,,
45430,El Bajío,Ranchería,Zapotlanejo,Jalisco,,Frio,,,,,,,,,,,,,,,,,,,
45430,Ocote de Nuño,Ranchería,Zapotlanejo,Jalisco,,Frio,,,,,,,,,,,,,,,,,,,
45430,La Ceja,Ranchería,Zapotlanejo,Jalisco,,Frio,,,,,,,,,,,,,,,,,,,
45430,Zapotlanejo Centro,Colonia,Zapotlanejo,Jalisco,,Tibio,,,,,,,,,,,,,,,,,,,
45430,Macroplaza Zapotlanejo,Zona comercial,Zapotlanejo,Jalisco,,Tibio,,,,,,,,,,,,,,,,,,,
45430,Las Américas,Fraccionamiento,Zapotlanejo,Jalisco,,Tibio,,,,,,,,,,,,,,,,,,,
45434,Colimilla,Hacienda,Zapotlanejo,Jalisco,,Frio,,,,,,,,,,,,,,,,,,,
45434,El Aguacate,Ranchería,Zapotlanejo,Jalisco,,Frio,,,,,,,,,,,,,,,,,,,
45435,El Maestranzo,Ranchería,Zapotlanejo,Jalisco,,Frio,,,,,,,,,,,,,,,,,,,
45435,Matatlan,Pueblo,Zapotlanejo,Jalisco,,Frio,,,,,,,,,,,,,,,,,,,
45435,Noxtla,Ranchería,Zapotlanejo,Jalisco,,Frio,,,,,,,,,,,,,,,,,,,
45436,Los Platos,Ranchería,Zapotlanejo,Jalisco,,Frio,,,,,,,,,,,,,,,,,,,
45437,El Mezquite Grande,Ranchería,Zapotlanejo,Jalisco,,Frio,,,,,,,,,,,,,,,,,,,
45438,Pueblos de la Barranca (El Maestranzo),Colonia,Zapotlanejo,Jalisco,,Frio,,,,,,,,,,,,,,,,,,,
45438,La Loma,Colonia,Zapotlanejo,Jalisco,,Frio,,,,,,,,,,,,,,,,,,,
45438,La Laja,Pueblo,Zapotlanejo,Jalisco,,Frio,,,,,,,,,,,,,,,,,,,
45439,El Salitre (La Mora),Pueblo,Zapotlanejo,Jalisco,,Frio,,,,,,,,,,,,,,,,,,,
45439,Cuchillas,Ranchería,Zapotlanejo,Jalisco,,Frio,,,,,,,,,,,,,,,,,,,
45439,La Mezquitera,Ranchería,Zapotlanejo,Jalisco,,Frio,,,,,,,,,,,,,,,,,,,
45440,El Saucillo de Maldonado,Pueblo,Zapotlanejo,Jalisco,,Frio,,,,,,,,,,,,,,,,,,,
45443,La Joya Chica,Ranchería,Zapotlanejo,Jalisco,,Frio,,,,,,,,,,,,,,,,,,,
45443,La Purísima,Ranchería,Zapotlanejo,Jalisco,,Frio,,,,,,,,,,,,,,,,,,,
45444,San Joaquín Zorrillos,Pueblo,Zapotlanejo,Jalisco,,Frio,,,,,,,,,,,,,,,,,,,
45445,El Calabozo,Ranchería,Zapotlanejo,Jalisco,,Frio,,,,,,,,,,,,,,,,,,,
45445,Agua Bermeja,Ranchería,Zapotlanejo,Jalisco,,Frio,,,,,,,,,,,,,,,,,,,
45445,Joya del Camino (Las Palmitas),Ranchería,Zapotlanejo,Jalisco,,Frio,,,,,,,,,,,,,,,,,,,
45445,San José de las Flores,Ranchería,Zapotlanejo,Jalisco,,Frio,,,,,,,,,,,,,,,,,,,
45446,Tinajeros,Ranchería,Zapotlanejo,Jalisco,,Frio,,,,,,,,,,,,,,,,,,,
45448,Las Tortugas Del Cacalote,Ranchería,Zapotlanejo,Jalisco,,Frio,,,,,,,,,,,,,,,,,,,
45452,Buenos Aires,Ranchería,Zapotlanejo,Jalisco,,Frio,,,,,,,,,,,,,,,,,,,
45452,Cerrito de Buenos Aires,Ranchería,Zapotlanejo,Jalisco,,Frio,,,,,,,,,,,,,,,,,,,
45453,El Carrizo,Ranchería,Zapotlanejo,Jalisco,,Frio,,,,,,,,,,,,,,,,,,,
45453,Salto de Coyotes,Hacienda,Zapotlanejo,Jalisco,,Frio,,,,,,,,,,,,,,,,,,,
45454,El Cebadero,Ranchería,Zapotlanejo,Jalisco,,Frio,,,,,,,,,,,,,,,,,,,
45455,Los Ocotes,Ranchería,Zapotlanejo,Jalisco,,Frio,,,,,,,,,,,,,,,,,,,
45460,Santa Fe,Pueblo,Zapotlanejo,Jalisco,,Frio,,,,,,,,,,,,,,,,,,,
45462,Agua Escondida,Ranchería,Zapotlanejo,Jalisco,,Frio,,,,,,,,,,,,,,,,,,,
45464,Corralillos (San Román),Ranchería,Zapotlanejo,Jalisco,,Frio,,,,,,,,,,,,,,,,,,,
45465,El Escalofrío (San Miguel),Rancho,Zapotlanejo,Jalisco,,Frio,,,,,,,,,,,,,,,,,,,
45465,La Paz (Piedras Negras),Ranchería,Zapotlanejo,Jalisco,,Frio,,,,,,,,,,,,,,,,,,,
45465,San Rafael (La Huizachera),Ranchería,Zapotlanejo,Jalisco,,Frio,,,,,,,,,,,,,,,,,,,
45470,La Prepa,Colonia,Acatic,Jalisco,,Frio,,,,,,,,,,,,,,,,,,,
45470,Agua Prieta,Colonia,Acatic,Jalisco,,Frio,,,,,,,,,,,,,,,,,,,
45470,Acatic,Pueblo,Acatic,Jalisco,,Tibio,,,,,,,,,,,,,,,,,,,
45470,El Capadero (San Miguel de la Loza),Ranchería,Acatic,Jalisco,,Frio,,,,,,,,,,,,,,,,,,,
45473,El Chivatero,Ranchería,Acatic,Jalisco,,Frio,,,,,,,,,,,,,,,,,,,
45474,Ceja de Ramblas,Ranchería,Acatic,Jalisco,,Frio,,,,,,,,,,,,,,,,,,,
45474,El Colomo,Ranchería,Acatic,Jalisco,,Frio,,,,,,,,,,,,,,,,,,,
45474,Chiquihuitillo,Ranchería,Acatic,Jalisco,,Frio,,,,,,,,,,,,,,,,,,,
45475,El Refugio (Paredones),Pueblo,Acatic,Jalisco,,Frio,,,,,,,,,,,,,,,,,,,
45475,Piedra Amarilla,Ranchería,Acatic,Jalisco,,Frio,,,,,,,,,,,,,,,,,,,
45476,El Sáuz,Ranchería,Acatic,Jalisco,,Frio,,,,,,,,,,,,,,,,,,,
45476,La Estancia,Ranchería,Acatic,Jalisco,,Frio,,,,,,,,,,,,,,,,,,,
45476,La Nopalera,Ranchería,Acatic,Jalisco,,Frio,,,,,,,,,,,,,,,,,,,
45477,Las Motas,Ranchería,Acatic,Jalisco,,Frio,,,,,,,,,,,,,,,,,,,
45477,Saltillo de Arriba,Ranchería,Acatic,Jalisco,,Frio,,,,,,,,,,,,,,,,,,,
45477,San Bartolo,Ranchería,Acatic,Jalisco,,Frio,,,,,,,,,,,,,,,,,,,
45477,Tierras Coloradas,Pueblo,Acatic,Jalisco,,Frio,,,,,,,,,,,,,,,,,,,
45478,Tequililla,Ranchería,Acatic,Jalisco,,Frio,,,,,,,,,,,,,,,,,,,
45479,La Leonerita,Ranchería,Acatic,Jalisco,,Frio,,,,,,,,,,,,,,,,,,,
45479,Los Ranchitos,Ranchería,Acatic,Jalisco,,Frio,,,,,,,,,,,,,,,,,,,
45480,Lázaro Cárdenas,Colonia,Cuquío,Jalisco,,Frio,,,,,,,,,,,,,,,,,,,
45480,Mártires del 28,Colonia,Cuquío,Jalisco,,Frio,,,,,,,,,,,,,,,,,,,
45480,Cuquio,Pueblo,Cuquío,Jalisco,,Tibio,,,,,,,,,,,,,,,,,,,
45482,Juchitlan,Pueblo,Cuquío,Jalisco,,Frio,,,,,,,,,,,,,,,,,,,
45482,Contla,Pueblo,Cuquío,Jalisco,,Frio,,,,,,,,,,,,,,,,,,,
45483,Las Cruces,Ranchería,Cuquío,Jalisco,,Frio,,,,,,,,,,,,,,,,,,,
45484,Ocotic,Pueblo,Cuquío,Jalisco,,Frio,,,,,,,,,,,,,,,,,,,
45484,San Jose de los Molina,Ranchería,Cuquío,Jalisco,,Frio,,,,,,,,,,,,,,,,,,,
45485,Los Arcos,Ranchería,Cuquío,Jalisco,,Frio,,,,,,,,,,,,,,,,,,,
45486,Carricillo,Ranchería,Cuquío,Jalisco,,Frio,,,,,,,,,,,,,,,,,,,
45486,El Derramadero,Ranchería,Cuquío,Jalisco,,Frio,,,,,,,,,,,,,,,,,,,
45486,Los Capulines,Ranchería,Cuquío,Jalisco,,Frio,,,,,,,,,,,,,,,,,,,
45486,Los Zapotes,Ranchería,Cuquío,Jalisco,,Frio,,,,,,,,,,,,,,,,,,,
45487,El Terrero,Colonia,Cuquío,Jalisco,,Frio,,,,,,,,,,,,,,,,,,,
45487,Los Sauces de Pérez,Colonia,Cuquío,Jalisco,,Frio,,,,,,,,,,,,,,,,,,,
45488,La Tortuga,Ranchería,Cuquío,Jalisco,,Frio,,,,,,,,,,,,,,,,,,,
45492,El Tepozan,Ranchería,Cuquío,Jalisco,,Frio,,,,,,,,,,,,,,,,,,,
45492,Ojo de Agua Colorada,Ranchería,Cuquío,Jalisco,,Frio,,,,,,,,,,,,,,,,,,,
45492,Varas Dulces,Ranchería,Cuquío,Jalisco,,Frio,,,,,,,,,,,,,,,,,,,
45493,El Llano de Barajas,Ranchería,Cuquío,Jalisco,,Frio,,,,,,,,,,,,,,,,,,,
45493,Tateposco,Ranchería,Cuquío,Jalisco,,Frio,,,,,,,,,,,,,,,,,,,
45493,La Mojarra (Tanque Colorado),Ranchería,Cuquío,Jalisco,,Frio,,,,,,,,,,,,,,,,,,,
45493,Agua Blanca,Ranchería,Cuquío,Jalisco,,Frio,,,,,,,,,,,,,,,,,,,
45493,El Cuatro,Ranchería,Cuquío,Jalisco,,Frio,,,,,,,,,,,,,,,,,,,
45493,La Esperanza,Ranchería,Cuquío,Jalisco,,Frio,,,,,,,,,,,,,,,,,,,
45493,Puerto de Tateposco,Ranchería,Cuquío,Jalisco,,Frio,,,,,,,,,,,,,,,,,,,
45494,Cerrito de Tierra,Ranchería,Cuquío,Jalisco,,Frio,,,,,,,,,,,,,,,,,,,
45494,El Aguacate,Ranchería,Cuquío,Jalisco,,Frio,,,,,,,,,,,,,,,,,,,
45494,Teponahuasco,Ranchería,Cuquío,Jalisco,,Frio,,,,,,,,,,,,,,,,,,,
45495,El Mirador,Ranchería,Cuquío,Jalisco,,Frio,,,,,,,,,,,,,,,,,,,
45495,San Juan Del Monte,Pueblo,Cuquío,Jalisco,,Frio,,,,,,,,,,,,,,,,,,,
45496,La Laguna Grande,Ranchería,Cuquío,Jalisco,,Frio,,,,,,,,,,,,,,,,,,,
45496,Las Cocinas (El Ranchito),Ranchería,Cuquío,Jalisco,,Frio,,,,,,,,,,,,,,,,,,,
45496,Cuacuala,Pueblo,Cuquío,Jalisco,,Frio,,,,,,,,,,,,,,,,,,,
45496,El Llano de Plascencia,Ranchería,Cuquío,Jalisco,,Frio,,,,,,,,,,,,,,,,,,,
45500,Tlaquepaque Centro,Colonia,San Pedro Tlaquepaque,Jalisco,Tlaquepaque,Tibio,,,,,,,,,,,,,,,,,,,
45500,Niños Heroes,Condominio,San Pedro Tlaquepaque,Jalisco,Tlaquepaque,Tibio,,,,,,,,,,,,,,,,,,,
45500,Tlaquepaque Pueblito,Condominio,San Pedro Tlaquepaque,Jalisco,Tlaquepaque,Tibio,,,,,,,,,,,,,,,,,,,
45509,INFONAVIT Revolución,Unidad habitacional,San Pedro Tlaquepaque,Jalisco,Tlaquepaque,Frio,,,,,,,,,,,,,,,,,,,
45510,Los Meseros,Colonia,San Pedro Tlaquepaque,Jalisco,Tlaquepaque,Frio,,,,,,,,,,,,,,,,,,,
45519,Jardines de La Paz,Colonia,San Pedro Tlaquepaque,Jalisco,Tlaquepaque,Tibio,,,,,,,,,,,,,,,,,,,
45520,Tesoros del Nilo,Condominio,San Pedro Tlaquepaque,Jalisco,Tlaquepaque,Tibio,,,,,,,,,,,,,,,,,,,
45520,Lindavista,Colonia,San Pedro Tlaquepaque,Jalisco,Tlaquepaque,Tibio,,,,,,,,,,,,,,,,,,,
45520,Los Altos,Colonia,San Pedro Tlaquepaque,Jalisco,Tlaquepaque,Tibio,,,,,,,,,,,,,,,,,,,
45520,Patria FOVISSSTE,Colonia,San Pedro Tlaquepaque,Jalisco,Tlaquepaque,Tibio,,,,,,,,,,,,,,,,,,,
45525,Residencial La Soledad,Colonia,San Pedro Tlaquepaque,Jalisco,Tlaquepaque,Tibio,,,,,,,,,,,,,,,,,,,
45525,Parque Tlaquepaque,Colonia,San Pedro Tlaquepaque,Jalisco,Tlaquepaque,Tibio,,,,,,,,,,,,,,,,,,,
45525,Real Patria,Colonia,San Pedro Tlaquepaque,Jalisco,Tlaquepaque,Tibio,,,,,,,,,,,,,,,,,,,
45527,La Asunción,Colonia,San Pedro Tlaquepaque,Jalisco,Tlaquepaque,Tibio,,,,,,,,,,,,,,,,,,,
45527,Camichines Alborada 1ra. sección,Fraccionamiento,San Pedro Tlaquepaque,Jalisco,Tlaquepaque,Tibio,,,,,,,,,,,,,,,,,,,
45527,Camichines Alborada 2 Sección,Fraccionamiento,San Pedro Tlaquepaque,Jalisco,Tlaquepaque,Tibio,,,,,,,,,,,,,,,,,,,
45527,Camichines Alborada 3 Sección,Fraccionamiento,San Pedro Tlaquepaque,Jalisco,Tlaquepaque,Tibio,,,,,,,,,,,,,,,,,,,
45527,Residencial Camichines Condomio del Sol,Fraccionamiento,San Pedro Tlaquepaque,Jalisco,Tlaquepaque,Tibio,,,,,,,,,,,,,,,,,,,
45528,Los Altos 3a Secc,Colonia,San Pedro Tlaquepaque,Jalisco,Tlaquepaque,Tibio,,,,,,,,,,,,,,,,,,,
45530,Francisco I. Madero,Colonia,San Pedro Tlaquepaque,Jalisco,Tlaquepaque,Frio,,,,,,,,,,,,,,,,,,,
45530,Guayabitos,Colonia,San Pedro Tlaquepaque,Jalisco,Tlaquepaque,Frio,,,,,,,,,,,,,,,,,,,
45530,Lomas del Tepeyac,Colonia,San Pedro Tlaquepaque,Jalisco,Tlaquepaque,Tibio,,,,,,,,,,,,,,,,,,,
45530,Nuevo Santa María,Colonia,San Pedro Tlaquepaque,Jalisco,Tlaquepaque,Frio,,,,,,,,,,,,,,,,,,,
45530,Arroyo de Las Flores,Colonia,San Pedro Tlaquepaque,Jalisco,Tlaquepaque,Frio,,,,,,,,,,,,,,,,,,,
45535,Industrial El Camino,Fraccionamiento,San Pedro Tlaquepaque,Jalisco,Tlaquepaque,Tibio,,,,,,,,,,,,,,,,,,,
45535,Lomas de Santa María,Colonia,San Pedro Tlaquepaque,Jalisco,Tlaquepaque,Tibio,,,,,,,,,,,,,,,,,,,
45540,Hidalgo,Colonia,San Pedro Tlaquepaque,Jalisco,Tlaquepaque,Frio,,,,,,,,,,,,,,,,,,,
45540,Camichines Residencial 1ra. Sección,Fraccionamiento,San Pedro Tlaquepaque,Jalisco,Tlaquepaque,Tibio,,,,,,,,,,,,,,,,,,,
45540,Residencial La Asunción 1a. Sección,Colonia,San Pedro Tlaquepaque,Jalisco,Tlaquepaque,Tibio,,,,,,,,,,,,,,,,,,,
45540,Camichines Residencial 2da. Sección,Fraccionamiento,San Pedro Tlaquepaque,Jalisco,Tlaquepaque,Tibio,,,,,,,,,,,,,,,,,,,
45550,Quintero,Colonia,San Pedro Tlaquepaque,Jalisco,Tlaquepaque,Frio,,,,,,,,,,,,,,,,,,,
45559,Lomas de Tlaquepaque,Colonia,San Pedro Tlaquepaque,Jalisco,Tlaquepaque,Tibio,,,,,,,,,,,,,,,,,,,
45559,Prados Tlaquepaque,Fraccionamiento,San Pedro Tlaquepaque,Jalisco,Tlaquepaque,Tibio,,,,,,,,,,,,,,,,,,,
45560,Álamo,Colonia,San Pedro Tlaquepaque,Jalisco,Tlaquepaque,Frio,,,,,,,,,,,,,,,,,,,
45560,El Álamo,Fraccionamiento,San Pedro Tlaquepaque,Jalisco,Tlaquepaque,Tibio,,,,,,,,,,,,,,,,,,,
45560,Álamo Oriente,Colonia,San Pedro Tlaquepaque,Jalisco,Tlaquepaque,Frio,,,,,,,,,,,,,,,,,,,
45560,La Capacha,Colonia,San Pedro Tlaquepaque,Jalisco,Tlaquepaque,Frio,,,,,,,,,,,,,,,,,,,
45560,Lomas Del Álamo,Colonia,San Pedro Tlaquepaque,Jalisco,Tlaquepaque,Tibio,,,,,,,,,,,,,,,,,,,
45560,Rancho Blanco,Colonia,San Pedro Tlaquepaque,Jalisco,Tlaquepaque,Frio,,,,,,,,,,,,,,,,,,,
45560,Alfareros,Condominio,San Pedro Tlaquepaque,Jalisco,Tlaquepaque,Tibio,,,,,,,,,,,,,,,,,,,
45560,Jardines del Álamo,Colonia,San Pedro Tlaquepaque,Jalisco,Tlaquepaque,Tibio,,,,,,,,,,,,,,,,,,,
45567,Álamo Super Manzana,Colonia,San Pedro Tlaquepaque,Jalisco,Tlaquepaque,Frio,,,,,,,,,,,,,,,,,,,
45570,Colonial Tlaquepaque,Colonia,San Pedro Tlaquepaque,Jalisco,Tlaquepaque,Tibio,,,,,,,,,,,,,,,,,,,
45579,Hacienda de Tlaquepaque,Colonia,San Pedro Tlaquepaque,Jalisco,Tlaquepaque,Tibio,,,,,,,,,,,,,,,,,,,
45580,Nueva Central Camionera,Zona comercial,San Pedro Tlaquepaque,Jalisco,Tlaquepaque,Tibio,,,,,,,,,,,,,,,,,,,
45580,Canal 58,Colonia,San Pedro Tlaquepaque,Jalisco,Tlaquepaque,Frio,,,,,,,,,,,,,,,,,,,
45580,Hacienda de Vidrios,Colonia,San Pedro Tlaquepaque,Jalisco,Tlaquepaque,Frio,,,,,,,,,,,,,,,,,,,
45580,La Duraznera,Colonia,San Pedro Tlaquepaque,Jalisco,Tlaquepaque,Frio,,,,,,,,,,,,,,,,,,,
45580,Residencial Revolución,Fraccionamiento,San Pedro Tlaquepaque,Jalisco,Tlaquepaque,Frio,,,,,,,,,,,,,,,,,,,
45580,Salvador Portillo López,Colonia,San Pedro Tlaquepaque,Jalisco,Tlaquepaque,Frio,,,,,,,,,,,,,,,,,,,
45580,El Puente,Colonia,San Pedro Tlaquepaque,Jalisco,Tlaquepaque,Frio,,,,,,,,,,,,,,,,,,,
45580,Los Portales,Fraccionamiento,San Pedro Tlaquepaque,Jalisco,Tlaquepaque,Tibio,,,,,,,,,,,,,,,,,,,
45580,Villas Los Cantaros,Fraccionamiento,San Pedro Tlaquepaque,Jalisco,Tlaquepaque,Tibio,,,,,,,,,,,,,,,,,,,
45580,Villas de Loma Grande,Fraccionamiento,San Pedro Tlaquepaque,Jalisco,Tlaquepaque,Tibio,,,,,,,,,,,,,,,,,,,
45580,Solidaridad,Colonia,San Pedro Tlaquepaque,Jalisco,Tlaquepaque,Frio,,,,,,,,,,,,,,,,,,,
45580,Azabache,Condominio,San Pedro Tlaquepaque,Jalisco,Tlaquepaque,Tibio,,,,,,,,,,,,,,,,,,,
45580,El Palomo,Condominio,San Pedro Tlaquepaque,Jalisco,Tlaquepaque,Tibio,,,,,,,,,,,,,,,,,,,
45580,Revolución,Fraccionamiento,San Pedro Tlaquepaque,Jalisco,Tlaquepaque,Frio,,,,,,,,,,,,,,,,,,,
45588,El Órgano,Colonia,San Pedro Tlaquepaque,Jalisco,Tlaquepaque,Frio,,,,,,,,,,,,,,,,,,,
45588,El Tapatío,Colonia,San Pedro Tlaquepaque,Jalisco,Tlaquepaque,Frio,,,,,,,,,,,,,,,,,,,
45588,Jardines Del Tapatío,Colonia,San Pedro Tlaquepaque,Jalisco,Tlaquepaque,Tibio,,,,,,,,,,,,,,,,,,,
45588,Residencial El Tapatío,Fraccionamiento,San Pedro Tlaquepaque,Jalisco,Tlaquepaque,Tibio,,,,,,,,,,,,,,,,,,,
45588,Las Flores,Colonia,San Pedro Tlaquepaque,Jalisco,Tlaquepaque,Frio,,,,,,,,,,,,,,,,,,,
45588,Haciendas San Pedro,Fraccionamiento,San Pedro Tlaquepaque,Jalisco,Tlaquepaque,Tibio,,,,,,,,,,,,,,,,,,,
45588,Paisajes del Tapatío,Colonia,San Pedro Tlaquepaque,Jalisco,Tlaquepaque,Tibio,,,,,,,,,,,,,,,,,,,
45589,Las Huertas,Colonia,San Pedro Tlaquepaque,Jalisco,Tlaquepaque,Frio,,,,,,,,,,,,,,,,,,,
45589,Lomas de San Miguel,Colonia,San Pedro Tlaquepaque,Jalisco,Tlaquepaque,Frio,,,,,,,,,,,,,,,,,,,
45589,Revolución Jardín,Fraccionamiento,San Pedro Tlaquepaque,Jalisco,Tlaquepaque,Frio,,,,,,,,,,,,,,,,,,,
45589,Las Huertas,Fraccionamiento,San Pedro Tlaquepaque,Jalisco,Tlaquepaque,Frio,,,,,,,,,,,,,,,,,,,
45590,Puerta del Prado,Fraccionamiento,San Pedro Tlaquepaque,Jalisco,Tlaquepaque,Tibio,,,,,,,,,,,,,,,,,,,
45590,Canto de Luna,Condominio,San Pedro Tlaquepaque,Jalisco,Tlaquepaque,Tibio,,,,,,,,,,,,,,,,,,,
45590,Cumbres del Prado,Fraccionamiento,San Pedro Tlaquepaque,Jalisco,Tlaquepaque,Tibio,,,,,,,,,,,,,,,,,,,
45590,Brisas de Chapala,Colonia,San Pedro Tlaquepaque,Jalisco,Tlaquepaque,Tibio,,,,,,,,,,,,,,,,,,,
45590,Felipe Ángeles,Colonia,San Pedro Tlaquepaque,Jalisco,Tlaquepaque,Frio,,,,,,,,,,,,,,,,,,,
45590,Las Juntas,Colonia,San Pedro Tlaquepaque,Jalisco,Tlaquepaque,Frio,,,,,,,,,,,,,,,,,,,
45590,Las Juntitas,Colonia,San Pedro Tlaquepaque,Jalisco,Tlaquepaque,Frio,,,,,,,,,,,,,,,,,,,
45590,Las Vegas,Colonia,San Pedro Tlaquepaque,Jalisco,Tlaquepaque,Frio,,,,,,,,,,,,,,,,,,,
45590,Nueva Lázaro Cárdenas,Colonia,San Pedro Tlaquepaque,Jalisco,Tlaquepaque,Frio,,,,,,,,,,,,,,,,,,,
45590,Indígena,Colonia,San Pedro Tlaquepaque,Jalisco,Tlaquepaque,Frio,,,,,,,,,,,,,,,,,,,
45590,Juan Diego,Fraccionamiento,San Pedro Tlaquepaque,Jalisco,Tlaquepaque,Tibio,,,,,,,,,,,,,,,,,,,
45590,Meridiano,Fraccionamiento,San Pedro Tlaquepaque,Jalisco,Tlaquepaque,Tibio,,,,,,,,,,,,,,,,,,,
45590,Lázaro Cárdenas,Colonia,San Pedro Tlaquepaque,Jalisco,Tlaquepaque,Frio,,,,,,,,,,,,,,,,,,,
45590,Barrio de Cemento,Colonia,San Pedro Tlaquepaque,Jalisco,Tlaquepaque,Frio,,,,,,,,,,,,,,,,,,,
45590,Hogares del Álamo,Colonia,San Pedro Tlaquepaque,Jalisco,Tlaquepaque,Frio,,,,,,,,,,,,,,,,,,,
45593,Álamo Industrial,Colonia,San Pedro Tlaquepaque,Jalisco,Tlaquepaque,Tibio,,,,,,,,,,,,,,,,,,,
45594,Terralta,Fraccionamiento,San Pedro Tlaquepaque,Jalisco,Tlaquepaque,Tibio,,,,,,,,,,,,,,,,,,,
45594,INFONAVIT Miravalle,Fraccionamiento,San Pedro Tlaquepaque,Jalisco,Tlaquepaque,Frio,,,,,,,,,,,,,,,,,,,
45594,FOVISSSTE Miravalle,Fraccionamiento,San Pedro Tlaquepaque,Jalisco,Tlaquepaque,Frio,,,,,,,,,,,,,,,,,,,
45595,El Vergel 1ra. Sección,Colonia,San Pedro Tlaquepaque,Jalisco,Tlaquepaque,Frio,,,,,,,,,,,,,,,,,,,
45595,Micaelita,Colonia,San Pedro Tlaquepaque,Jalisco,Tlaquepaque,Frio,,,,,,,,,,,,,,,,,,,
45595,El Vergel 2da. Sección,Colonia,San Pedro Tlaquepaque,Jalisco,Tlaquepaque,Frio,,,,,,,,,,,,,,,,,,,
45595,El Vergelito,Colonia,San Pedro Tlaquepaque,Jalisco,Tlaquepaque,Frio,,,,,,,,,,,,,,,,,,,
45596,La Guadalupana,Colonia,San Pedro Tlaquepaque,Jalisco,Tlaquepaque,Frio,,,,,,,,,,,,,,,,,,,
45597,El Campesino,Colonia,San Pedro Tlaquepaque,Jalisco,Tlaquepaque,Frio,,,,,,,,,,,,,,,,,,,
45598,Artesanos,Colonia,San Pedro Tlaquepaque,Jalisco,Tlaquepaque,Frio,,,,,,,,,,,,,,,,,,,
45598,Compositores,Colonia,San Pedro Tlaquepaque,Jalisco,Tlaquepaque,Frio,,,,,,,,,,,,,,,,,,,
45598,La Romita,Colonia,San Pedro Tlaquepaque,Jalisco,Tlaquepaque,Frio,,,,,,,,,,,,,,,,,,,
45598,Salvador Vidrio,Colonia,San Pedro Tlaquepaque,Jalisco,Tlaquepaque,Frio,,,,,,,,,,,,,,,,,,,
45598,Artesanos Oriente,Colonia,San Pedro Tlaquepaque,Jalisco,Tlaquepaque,Frio,,,,,,,,,,,,,,,,,,,
45599,Las Terrazas Residencial,Fraccionamiento,San Pedro Tlaquepaque,Jalisco,Tlaquepaque,Tibio,,,,,,,,,,,,,,,,,,,
45599,Cerro del Cuatro,Colonia,San Pedro Tlaquepaque,Jalisco,Tlaquepaque,Frio,,,,,,,,,,,,,,,,,,,
45599,El Refugio,Colonia,San Pedro Tlaquepaque,Jalisco,Tlaquepaque,Frio,,,,,,,,,,,,,,,,,,,
45599,Lomas del Cuatro,Colonia,San Pedro Tlaquepaque,Jalisco,Tlaquepaque,Frio,,,,,,,,,,,,,,,,,,,
45599,Huerta de Peña,Colonia,San Pedro Tlaquepaque,Jalisco,Tlaquepaque,Frio,,,,,,,,,,,,,,,,,,,
45599,Lomas de Curiel,Fraccionamiento,San Pedro Tlaquepaque,Jalisco,Tlaquepaque,Tibio,,,,,,,,,,,,,,,,,,,
45599,Guadalupe Ejidal,Colonia,San Pedro Tlaquepaque,Jalisco,Tlaquepaque,Frio,,,,,,,,,,,,,,,,,,,
45600,Quintanova Residencial,Fraccionamiento,San Pedro Tlaquepaque,Jalisco,Tlaquepaque,Tibio,,,,,,,,,,,,,,,,,,,
45600,Los Naranjos,Fraccionamiento,San Pedro Tlaquepaque,Jalisco,Tlaquepaque,Tibio,,,,,,,,,,,,,,,,,,,
45600,Santa Anita Camino Real,Fraccionamiento,San Pedro Tlaquepaque,Jalisco,Tlaquepaque,Tibio,,,,,,,,,,,,,,,,,,,
45600,España,Colonia,San Pedro Tlaquepaque,Jalisco,Tlaquepaque,Tibio,,,,,,,,,,,,,,,,,,,
45600,El Mirador Juan Arias,Colonia,San Pedro Tlaquepaque,Jalisco,Tlaquepaque,Tibio,,,,,,,,,,,,,,,,,,,
45600,La Caridad,Colonia,San Pedro Tlaquepaque,Jalisco,Tlaquepaque,Frio,,,,,,,,,,,,,,,,,,,
45600,Ponciano Arriaga,Colonia,San Pedro Tlaquepaque,Jalisco,Tlaquepaque,Frio,,,,,,,,,,,,,,,,,,,
45600,Santa Anita,Pueblo,San Pedro Tlaquepaque,Jalisco,Tlaquepaque,Tibio,,,,,,,,,,,,,,,,,,,
45600,Ojo de Agua,Fraccionamiento,San Pedro Tlaquepaque,Jalisco,Tlaquepaque,Tibio,,,,,,,,,,,,,,,,,,,
45600,La Candelaria,Fraccionamiento,San Pedro Tlaquepaque,Jalisco,Tlaquepaque,Tibio,,,,,,,,,,,,,,,,,,,
45600,Santa Anita Residencial,Fraccionamiento,San Pedro Tlaquepaque,Jalisco,Tlaquepaque,Tibio,,,,,,,,,,,,,,,,,,,
45600,San Francisco,Fraccionamiento,San Pedro Tlaquepaque,Jalisco,Tlaquepaque,Tibio,,,,,,,,,,,,,,,,,,,
45600,INFONAVIT Santa Anita,Fraccionamiento,San Pedro Tlaquepaque,Jalisco,Tlaquepaque,Frio,,,,,,,,,,,,,,,,,,,
45601,Amaneceres,Fraccionamiento,San Pedro Tlaquepaque,Jalisco,Tlaquepaque,Tibio,,,,,,,,,,,,,,,,,,,
45601,Coto Arezzo,Fraccionamiento,San Pedro Tlaquepaque,Jalisco,Tlaquepaque,Tibio,,,,,,,,,,,,,,,,,,,
45601,El Real,Fraccionamiento,San Pedro Tlaquepaque,Jalisco,Tlaquepaque,Tibio,,,,,,,,,,,,,,,,,,,
45601,Prados de Santa María,Colonia,San Pedro Tlaquepaque,Jalisco,Tlaquepaque,Tibio,,,,,,,,,,,,,,,,,,,
45601,Santa María Tequepexpan,Colonia,San Pedro Tlaquepaque,Jalisco,Tlaquepaque,Tibio,,,,,,,,,,,,,,,,,,,
45601,San Sebastianito,Colonia,San Pedro Tlaquepaque,Jalisco,Tlaquepaque,Tibio,,,,,,,,,,,,,,,,,,,
45601,Loma Verde,Colonia,San Pedro Tlaquepaque,Jalisco,Tlaquepaque,Tibio,,,,,,,,,,,,,,,,,,,
45601,Hacienda del Real,Fraccionamiento,San Pedro Tlaquepaque,Jalisco,Tlaquepaque,Tibio,,,,,,,,,,,,,,,,,,,
45601,Riveras de San Sebastianito,Fraccionamiento,San Pedro Tlaquepaque,Jalisco,Tlaquepaque,Tibio,,,,,,,,,,,,,,,,,,,
45601,Jardines de Miraflores,Fraccionamiento,San Pedro Tlaquepaque,Jalisco,Tlaquepaque,Tibio,,,,,,,,,,,,,,,,,,,
45601,Geovillas Los Olivos,Fraccionamiento,San Pedro Tlaquepaque,Jalisco,Tlaquepaque,Tibio,,,,,,,,,,,,,,,,,,,
45601,Valle de San Sebastianito,Colonia,San Pedro Tlaquepaque,Jalisco,Tlaquepaque,Tibio,,,,,,,,,,,,,,,,,,,
45601,Valle de las Heras,Fraccionamiento,San Pedro Tlaquepaque,Jalisco,Tlaquepaque,Tibio,,,,,,,,,,,,,,,,,,,
45601,Los Olivos de Tlaquepaque,Fraccionamiento,San Pedro Tlaquepaque,Jalisco,Tlaquepaque,Tibio,,,,,,,,,,,,,,,,,,,
45601,Barrio de San Miguel,Colonia,San Pedro Tlaquepaque,Jalisco,Tlaquepaque,Tibio,,,,,,,,,,,,,,,,,,,
45601,Indígena San Sebastianito,Colonia,San Pedro Tlaquepaque,Jalisco,Tlaquepaque,Frio,,,,,,,,,,,,,,,,,,,
45601,La Gigantera,Colonia,San Pedro Tlaquepaque,Jalisco,Tlaquepaque,Frio,,,,,,,,,,,,,,,,,,,
45601,Tulipanes,Fraccionamiento,San Pedro Tlaquepaque,Jalisco,Tlaquepaque,Tibio,,,,,,,,,,,,,,,,,,,
45601,Valle del Sur,Colonia,San Pedro Tlaquepaque,Jalisco,Tlaquepaque,Tibio,,,,,,,,,,,,,,,,,,,
45602,Las Pomas,Colonia,San Pedro Tlaquepaque,Jalisco,Tlaquepaque,Tibio,,,,,,,,,,,,,,,,,,,
45602,La Bella,Fraccionamiento,San Pedro Tlaquepaque,Jalisco,Tlaquepaque,Tibio,,,,,,,,,,,,,,,,,,,
45602,Áurea Residencial,Fraccionamiento,San Pedro Tlaquepaque,Jalisco,Tlaquepaque,Tibio,,,,,,,,,,,,,,,,,,,
45602,La Calerilla,Colonia,San Pedro Tlaquepaque,Jalisco,Tlaquepaque,Frio,,,,,,,,,,,,,,,,,,,
45602,Antares,Fraccionamiento,San Pedro Tlaquepaque,Jalisco,Tlaquepaque,Tibio,,,,,,,,,,,,,,,,,,,
45602,Loreto,Fraccionamiento,San Pedro Tlaquepaque,Jalisco,Tlaquepaque,Tibio,,,,,,,,,,,,,,,,,,,
45602,Geovillas del Real,Fraccionamiento,San Pedro Tlaquepaque,Jalisco,Tlaquepaque,Tibio,,,,,,,,,,,,,,,,,,,
45602,El Sereno,Fraccionamiento,San Pedro Tlaquepaque,Jalisco,Tlaquepaque,Tibio,,,,,,,,,,,,,,,,,,,
45604,ITESO,Equipamiento,San Pedro Tlaquepaque,Jalisco,Tlaquepaque,Tibio,,,,,,,,,,,,,,,,,,,
45605,Antigua Santa María,Colonia,San Pedro Tlaquepaque,Jalisco,Tlaquepaque,Tibio,,,,,,,,,,,,,,,,,,,
45605,Mezquitera,Colonia,San Pedro Tlaquepaque,Jalisco,Tlaquepaque,Frio,,,,,,,,,,,,,,,,,,,
45606,Buenos Aires,Colonia,San Pedro Tlaquepaque,Jalisco,Tlaquepaque,Tibio,,,,,,,,,,,,,,,,,,,
45606,Loma Linda,Colonia,San Pedro Tlaquepaque,Jalisco,Tlaquepaque,Frio,,,,,,,,,,,,,,,,,,,
45606,Balcones de Santa María,Colonia,San Pedro Tlaquepaque,Jalisco,Tlaquepaque,Tibio,,,,,,,,,,,,,,,,,,,
45606,Jardines de Santa María,Colonia,San Pedro Tlaquepaque,Jalisco,Tlaquepaque,Tibio,,,,,,,,,,,,,,,,,,,
45606,Villas Colón,Fraccionamiento,San Pedro Tlaquepaque,Jalisco,Tlaquepaque,Tibio,,,,,,,,,,,,,,,,,,,
45607,Loma Bonita Poniente,Colonia,San Pedro Tlaquepaque,Jalisco,Tlaquepaque,Tibio,,,,,,,,,,,,,,,,,,,
45607,Lomas de La Victoria,Colonia,San Pedro Tlaquepaque,Jalisco,Tlaquepaque,Tibio,,,,,,,,,,,,,,,,,,,
45607,Parque Industrial El Bosque I,Zona industrial,San Pedro Tlaquepaque,Jalisco,Tlaquepaque,Frio,,,,,,,,,,,,,,,,,,,
45607,El Mante,Colonia,San Pedro Tlaquepaque,Jalisco,Tlaquepaque,Frio,,,,,,,,,,,,,,,,,,,
45608,Parque Industrial Tecnológico,Zona industrial,San Pedro Tlaquepaque,Jalisco,Tlaquepaque,Frio,,,,,,,,,,,,,,,,,,,
45608,Paisajes del Tesoro,Fraccionamiento,San Pedro Tlaquepaque,Jalisco,Tlaquepaque,Tibio,,,,,,,,,,,,,,,,,,,
45608,Cerro Del Tesoro,Colonia,San Pedro Tlaquepaque,Jalisco,Tlaquepaque,Tibio,,,,,,,,,,,,,,,,,,,
45608,El Sáuz,Colonia,San Pedro Tlaquepaque,Jalisco,Tlaquepaque,Frio,,,,,,,,,,,,,,,,,,,
45608,Parques de Colon,Colonia,San Pedro Tlaquepaque,Jalisco,Tlaquepaque,Tibio,,,,,,,,,,,,,,,,,,,
45608,Loma Bonita Ejidal,Colonia,San Pedro Tlaquepaque,Jalisco,Tlaquepaque,Frio,,,,,,,,,,,,,,,,,,,
45608,Mirador del Tesoro,Colonia,San Pedro Tlaquepaque,Jalisco,Tlaquepaque,Tibio,,,,,,,,,,,,,,,,,,,
45609,Los Cajetes,Colonia,San Pedro Tlaquepaque,Jalisco,Tlaquepaque,Frio,,,,,,,,,,,,,,,,,,,
45609,Arroyo Seco,Colonia,San Pedro Tlaquepaque,Jalisco,Tlaquepaque,Frio,,,,,,,,,,,,,,,,,,,
45609,Parques de Santa María,Fraccionamiento,San Pedro Tlaquepaque,Jalisco,Tlaquepaque,Tibio,,,,,,,,,,,,,,,,,,,
45609,Haciendas de San José,Fraccionamiento,San Pedro Tlaquepaque,Jalisco,Tlaquepaque,Caliente,,,,,,,,,,,,,,,,,,,
45609,Parques del Bosque,Fraccionamiento,San Pedro Tlaquepaque,Jalisco,Tlaquepaque,Tibio,,,,,,,,,,,,,,,,,,,
45610,Pedregal del Bosque,Fraccionamiento,San Pedro Tlaquepaque,Jalisco,Tlaquepaque,Tibio,,,,,,,,,,,,,,,,,,,
45610,Toluquilla,Colonia,San Pedro Tlaquepaque,Jalisco,Tlaquepaque,Frio,,,,,,,,,,,,,,,,,,,
45610,Tres Pinos,Fraccionamiento,San Pedro Tlaquepaque,Jalisco,Tlaquepaque,Tibio,,,,,,,,,,,,,,,,,,,
45610,Real Tulipanes,Fraccionamiento,San Pedro Tlaquepaque,Jalisco,Tlaquepaque,Caliente,,,,,,,,,,,,,,,,,,,
45613,Paseo del Prado,Fraccionamiento,San Pedro Tlaquepaque,Jalisco,Tlaquepaque,Tibio,,,,,,,,,,,,,,,,,,,
45615,Paseo de los Parques,Fraccionamiento,San Pedro Tlaquepaque,Jalisco,Tlaquepaque,Tibio,,,,,,,,,,,,,,,,,,,
45615,López Cotilla,Colonia,San Pedro Tlaquepaque,Jalisco,Tlaquepaque,Tibio,,,,,,,,,,,,,,,,,,,
45615,Valle de La Misericordia,Colonia,San Pedro Tlaquepaque,Jalisco,Tlaquepaque,Frio,,,,,,,,,,,,,,,,,,,
45615,Parques de Santa Cruz del Valle,Fraccionamiento,San Pedro Tlaquepaque,Jalisco,Tlaquepaque,Tibio,,,,,,,,,,,,,,,,,,,
45615,Villa Fontana,Fraccionamiento,San Pedro Tlaquepaque,Jalisco,Tlaquepaque,Tibio,,,,,,,,,,,,,,,,,,,
45615,Misión Magnolia,Fraccionamiento,San Pedro Tlaquepaque,Jalisco,Tlaquepaque,Caliente,,,,,,,,,,,,,,,,,,,
45615,Coto Del Carmen,Fraccionamiento,San Pedro Tlaquepaque,Jalisco,Tlaquepaque,Tibio,,,,,,,,,,,,,,,,,,,
45615,Parque Industrial El Bosque II,Zona industrial,San Pedro Tlaquepaque,Jalisco,Tlaquepaque,Frio,,,,,,,,,,,,,,,,,,,
45618,Parques del Palmar,Fraccionamiento,San Pedro Tlaquepaque,Jalisco,Tlaquepaque,Tibio,,,,,,,,,,,,,,,,,,,
45618,Juan de La Barrera,Colonia,San Pedro Tlaquepaque,Jalisco,Tlaquepaque,Frio,,,,,,,,,,,,,,,,,,,
45618,Ojo de Agua,Colonia,San Pedro Tlaquepaque,Jalisco,Tlaquepaque,Frio,,,,,,,,,,,,,,,,,,,
45618,Valle Verde,Fraccionamiento,San Pedro Tlaquepaque,Jalisco,Tlaquepaque,Tibio,,,,,,,,,,,,,,,,,,,
45618,Vista Hermosa,Colonia,San Pedro Tlaquepaque,Jalisco,Tlaquepaque,Tibio,,,,,,,,,,,,,,,,,,,
45618,San Clemente,Colonia,San Pedro Tlaquepaque,Jalisco,Tlaquepaque,Frio,,,,,,,,,,,,,,,,,,,
45618,Ex-haciendas del Cuatro,Colonia,San Pedro Tlaquepaque,Jalisco,Tlaquepaque,Frio,,,,,,,,,,,,,,,,,,,
45618,Haciendas Vista Hermosa,Fraccionamiento,San Pedro Tlaquepaque,Jalisco,Tlaquepaque,Caliente,,,,,,,,,,,,,,,,,,,
45618,Senderos de Tlaquepaque,Fraccionamiento,San Pedro Tlaquepaque,Jalisco,Tlaquepaque,Tibio,,,,,,,,,,,,,,,,,,,
45619,Paseos del Lago,Colonia,San Pedro Tlaquepaque,Jalisco,Tlaquepaque,Tibio,,,,,,,,,,,,,,,,,,,
45619,Las Pintas de Abajo,Colonia,San Pedro Tlaquepaque,Jalisco,Tlaquepaque,Frio,,,,,,,,,,,,,,,,,,,
45620,Plan de Río,Fraccionamiento,San Pedro Tlaquepaque,Jalisco,Tlaquepaque,Tibio,,,,,,,,,,,,,,,,,,,
45620,Plan de Oriente,Colonia,San Pedro Tlaquepaque,Jalisco,Tlaquepaque,Frio,,,,,,,,,,,,,,,,,,,
45620,Plan del Sur,Colonia,San Pedro Tlaquepaque,Jalisco,Tlaquepaque,Frio,,,,,,,,,,,,,,,,,,,
45623,Las Liebres,Colonia,San Pedro Tlaquepaque,Jalisco,Tlaquepaque,Frio,,,,,,,,,,,,,,,,,,,
45623,El Manantial,Fraccionamiento,San Pedro Tlaquepaque,Jalisco,Tlaquepaque,Tibio,,,,,,,,,,,,,,,,,,,
45623,Portillo Blanco,Colonia,San Pedro Tlaquepaque,Jalisco,Tlaquepaque,Frio,,,,,,,,,,,,,,,,,,,
45623,Iberoamericano,Fraccionamiento,San Pedro Tlaquepaque,Jalisco,Tlaquepaque,Tibio,,,,,,,,,,,,,,,,,,,
45625,Lomas de San Pedrito,Colonia,San Pedro Tlaquepaque,Jalisco,Tlaquepaque,Tibio,,,,,,,,,,,,,,,,,,,
45625,San Pedrito,Colonia,San Pedro Tlaquepaque,Jalisco,Tlaquepaque,Frio,,,,,,,,,,,,,,,,,,,
45625,Rinconadas de Los Encinos,Colonia,San Pedro Tlaquepaque,Jalisco,Tlaquepaque,Tibio,,,,,,,,,,,,,,,,,,,
45625,Villas de San Miguel,Colonia,San Pedro Tlaquepaque,Jalisco,Tlaquepaque,Tibio,,,,,,,,,,,,,,,,,,,
45626,Parque Industrial Prologistic,Zona industrial,San Pedro Tlaquepaque,Jalisco,Tlaquepaque,Frio,,,,,,,,,,,,,,,,,,,
45627,Abadía San Martín,Fraccionamiento,San Pedro Tlaquepaque,Jalisco,Tlaquepaque,Tibio,,,,,,,,,,,,,,,,,,,
45627,El Zalate,Colonia,San Pedro Tlaquepaque,Jalisco,Tlaquepaque,Frio,,,,,,,,,,,,,,,,,,,
45627,Los Amiales,Colonia,San Pedro Tlaquepaque,Jalisco,Tlaquepaque,Frio,,,,,,,,,,,,,,,,,,,
45627,Verde Valle,Colonia,San Pedro Tlaquepaque,Jalisco,Tlaquepaque,Tibio,,,,,,,,,,,,,,,,,,,
45628,Alfredo Barba,Colonia,San Pedro Tlaquepaque,Jalisco,Tlaquepaque,Frio,,,,,,,,,,,,,,,,,,,
45628,Lomas Del Tapatío,Colonia,San Pedro Tlaquepaque,Jalisco,Tlaquepaque,Tibio,,,,,,,,,,,,,,,,,,,
45628,Jardines de San Martín,Colonia,San Pedro Tlaquepaque,Jalisco,Tlaquepaque,Tibio,,,,,,,,,,,,,,,,,,,
45629,López Mateos,Colonia,San Pedro Tlaquepaque,Jalisco,Tlaquepaque,Frio,,,,,,,,,,,,,,,,,,,
45629,Álvaro Obregón,Colonia,San Pedro Tlaquepaque,Jalisco,Tlaquepaque,Frio,,,,,,,,,,,,,,,,,,,
45629,El Cerrito,Colonia,San Pedro Tlaquepaque,Jalisco,Tlaquepaque,Frio,,,,,,,,,,,,,,,,,,,
45629,San Martín de las Flores de Abajo,Colonia,San Pedro Tlaquepaque,Jalisco,Tlaquepaque,Frio,,,,,,,,,,,,,,,,,,,
45629,San Martín de las Flores de Arriba,Colonia,San Pedro Tlaquepaque,Jalisco,Tlaquepaque,Frio,,,,,,,,,,,,,,,,,,,
45629,El Morito,Colonia,San Pedro Tlaquepaque,Jalisco,Tlaquepaque,Frio,,,,,,,,,,,,,,,,,,,
45629,Villas del Tapatío,Colonia,San Pedro Tlaquepaque,Jalisco,Tlaquepaque,Tibio,,,,,,,,,,,,,,,,,,,
45629,Mirador de San Martín,Colonia,San Pedro Tlaquepaque,Jalisco,Tlaquepaque,Tibio,,,,,,,,,,,,,,,,,,,
45629,Jardines del Órgano,Colonia,San Pedro Tlaquepaque,Jalisco,Tlaquepaque,Tibio,,,,,,,,,,,,,,,,,,,
45629,Quintas de Tlaquepaque,Fraccionamiento,San Pedro Tlaquepaque,Jalisco,Tlaquepaque,Tibio,,,,,,,,,,,,,,,,,,,
45630,Residencial Las Lomas,Fraccionamiento,San Pedro Tlaquepaque,Jalisco,Tlaquepaque,Tibio,,,,,,,,,,,,,,,,,,,
45630,Tateposco,Colonia,San Pedro Tlaquepaque,Jalisco,Tlaquepaque,Frio,,,,,,,,,,,,,,,,,,,
45630,Alameda,Colonia,San Pedro Tlaquepaque,Jalisco,Tlaquepaque,Tibio,,,,,,,,,,,,,,,,,,,
45630,Tinajitas,Colonia,San Pedro Tlaquepaque,Jalisco,Tlaquepaque,Frio,,,,,,,,,,,,,,,,,,,
45630,Cantera Colorada,Fraccionamiento,San Pedro Tlaquepaque,Jalisco,Tlaquepaque,Tibio,,,,,,,,,,,,,,,,,,,
45630,Cerro del Jagüey,Colonia,San Pedro Tlaquepaque,Jalisco,Tlaquepaque,Frio,,,,,,,,,,,,,,,,,,,
45630,Laderita,Colonia,San Pedro Tlaquepaque,Jalisco,Tlaquepaque,Frio,,,,,,,,,,,,,,,,,,,
45638,Parques de la Victoria,Fraccionamiento,San Pedro Tlaquepaque,Jalisco,Tlaquepaque,Tibio,,,,,,,,,,,,,,,,,,,
45638,Arboledas de San Martín,Fraccionamiento,San Pedro Tlaquepaque,Jalisco,Tlaquepaque,Tibio,,,,,,,,,,,,,,,,,,,
45638,Haciendas de San Martín,Fraccionamiento,San Pedro Tlaquepaque,Jalisco,Tlaquepaque,Caliente,,,,,,,,,,,,,,,,,,,
45638,Emiliano Zapata,Colonia,San Pedro Tlaquepaque,Jalisco,Tlaquepaque,Frio,,,,,,,,,,,,,,,,,,,
45638,Francisco Silva Romero,Colonia,San Pedro Tlaquepaque,Jalisco,Tlaquepaque,Frio,,,,,,,,,,,,,,,,,,,
45638,Los Hornos,Colonia,San Pedro Tlaquepaque,Jalisco,Tlaquepaque,Frio,,,,,,,,,,,,,,,,,,,
45638,Los Puestos,Colonia,San Pedro Tlaquepaque,Jalisco,Tlaquepaque,Frio,,,,,,,,,,,,,,,,,,,
45638,La Cofradia,Colonia,San Pedro Tlaquepaque,Jalisco,Tlaquepaque,Frio,,,,,,,,,,,,,,,,,,,
45638,Horizontes de Tlaquepaque,Colonia,San Pedro Tlaquepaque,Jalisco,Tlaquepaque,Tibio,,,,,,,,,,,,,,,,,,,
45638,Barrios Unidos de Intercolonias,Colonia,San Pedro Tlaquepaque,Jalisco,Tlaquepaque,Frio,,,,,,,,,,,,,,,,,,,
45638,Santibáñez,Colonia,San Pedro Tlaquepaque,Jalisco,Tlaquepaque,Frio,,,,,,,,,,,,,,,,,,,
45638,Sentimientos de La Nación,Colonia,San Pedro Tlaquepaque,Jalisco,Tlaquepaque,Frio,,,,,,,,,,,,,,,,,,,
45638,Valle del Paraíso,Colonia,San Pedro Tlaquepaque,Jalisco,Tlaquepaque,Tibio,,,,,,,,,,,,,,,,,,,
45638,Cantares del Paraíso,Colonia,San Pedro Tlaquepaque,Jalisco,Tlaquepaque,Tibio,,,,,,,,,,,,,,,,,,,
45638,San Juan,Colonia,San Pedro Tlaquepaque,Jalisco,Tlaquepaque,Frio,,,,,,,,,,,,,,,,,,,
45638,El Canelo,Fraccionamiento,San Pedro Tlaquepaque,Jalisco,Tlaquepaque,Tibio,,,,,,,,,,,,,,,,,,,
45638,La Arena,Colonia,San Pedro Tlaquepaque,Jalisco,Tlaquepaque,Frio,,,,,,,,,,,,,,,,,,,
45638,Los Naranjos,Fraccionamiento,San Pedro Tlaquepaque,Jalisco,Tlaquepaque,Tibio,,,,,,,,,,,,,,,,,,,
45638,Residentes de San Martín,Colonia,San Pedro Tlaquepaque,Jalisco,Tlaquepaque,Frio,,,,,,,,,,,,,,,,,,,
45638,El Nogal,Colonia,San Pedro Tlaquepaque,Jalisco,Tlaquepaque,Frio,,,,,,,,,,,,,,,,,,,
45638,El Sauz,Colonia,San Pedro Tlaquepaque,Jalisco,Tlaquepaque,Frio,,,,,,,,,,,,,,,,,,,
45638,La Severiana,Colonia,San Pedro Tlaquepaque,Jalisco,Tlaquepaque,Frio,,,,,,,,,,,,,,,,,,,
45640,Rinconadas del Sol,Fraccionamiento,Tlajomulco de Zúñiga,Jalisco,Tlajomulco de Zúñiga,Tibio,,,,,,,,,,,,,,,,,,,
45640,El Cortijo,Colonia,Tlajomulco de Zúñiga,Jalisco,,Tibio,,,,,,,,,,,,,,,,,,,
45640,Vista Sur Residencial,Fraccionamiento,Tlajomulco de Zúñiga,Jalisco,Tlajomulco de Zúñiga,Tibio,,,,,,,,,,,,,,,,,,,
45640,Valle de Santa Cruz,Colonia,Tlajomulco de Zúñiga,Jalisco,Tlajomulco de Zúñiga,Tibio,,,,,,,,,,,,,,,,,,,
45640,Altiplano,Fraccionamiento,Tlajomulco de Zúñiga,Jalisco,Tlajomulco de Zúñiga,Caliente,,,,,,,,,,,,,,,,,,,
45640,Los Ranchitos (Los Charcos),Colonia,Tlajomulco de Zúñiga,Jalisco,Tlajomulco de Zúñiga,Frio,,,,,,,,,,,,,,,,,,,
45640,Puerta Real,Fraccionamiento,Tlajomulco de Zúñiga,Jalisco,Tlajomulco de Zúñiga,Caliente,,,,,,,,,,,,,,,,,,,
45640,Real del Parque,Fraccionamiento,Tlajomulco de Zúñiga,Jalisco,Tlajomulco de Zúñiga,Tibio,,,,,,,,,,,,,,,,,,,
45640,Buenavista,Colonia,Tlajomulco de Zúñiga,Jalisco,Tlajomulco de Zúñiga,Tibio,,,,,,,,,,,,,,,,,,,
45640,Santa Cruz de las Flores,Colonia,Tlajomulco de Zúñiga,Jalisco,Tlajomulco de Zúñiga,Tibio,,,,,,,,,,,,,,,,,,,
45640,Tlajomulco Centro,Colonia,Tlajomulco de Zúñiga,Jalisco,Tlajomulco de Zúñiga,Tibio,,,,,,,,,,,,,,,,,,,
45640,Lomas de Santa Anita,Colonia,Tlajomulco de Zúñiga,Jalisco,Tlajomulco de Zúñiga,Tibio,,,,,,,,,,,,,,,,,,,
45640,Jardines de Tlajomulco,Colonia,Tlajomulco de Zúñiga,Jalisco,Tlajomulco de Zúñiga,Tibio,,,,,,,,,,,,,,,,,,,
45640,Huertas Productivas de Jalisco,Fraccionamiento,Tlajomulco de Zúñiga,Jalisco,Tlajomulco de Zúñiga,Frio,,,,,,,,,,,,,,,,,,,
45640,El Tecolote,Ranchería,Tlajomulco de Zúñiga,Jalisco,,Frio,,,,,,,,,,,,,,,,,,,
45640,La Teja,Ranchería,Tlajomulco de Zúñiga,Jalisco,,Frio,,,,,,,,,,,,,,,,,,,
45640,Cima Del Sol,Fraccionamiento,Tlajomulco de Zúñiga,Jalisco,Tlajomulco de Zúñiga,Caliente,,,,,,,,,,,,,,,,,,,
45640,La Providencia,Fraccionamiento,Tlajomulco de Zúñiga,Jalisco,Tlajomulco de Zúñiga,Tibio,,,,,,,,,,,,,,,,,,,
45640,Valle de las Flores,Fraccionamiento,Tlajomulco de Zúñiga,Jalisco,Tlajomulco de Zúñiga,Tibio,,,,,,,,,,,,,,,,,,,
45640,Banús,Fraccionamiento,Tlajomulco de Zúñiga,Jalisco,Tlajomulco de Zúñiga,Caliente,,,,,,,,,,,,,,,,,,,
45640,Colinas de Santa Anita,Colonia,Tlajomulco de Zúñiga,Jalisco,Tlajomulco de Zúñiga,Tibio,,,,,,,,,,,,,,,,,,,
45640,Cofradía,Colonia,Tlajomulco de Zúñiga,Jalisco,Tlajomulco de Zúñiga,Frio,,,,,,,,,,,,,,,,,,,
45640,La Lomita,Colonia,Tlajomulco de Zúñiga,Jalisco,Tlajomulco de Zúñiga,Frio,,,,,,,,,,,,,,,,,,,
45640,Larios,Colonia,Tlajomulco de Zúñiga,Jalisco,Tlajomulco de Zúñiga,Frio,,,,,,,,,,,,,,,,,,,
45640,Las Flores,Colonia,Tlajomulco de Zúñiga,Jalisco,Tlajomulco de Zúñiga,Frio,,,,,,,,,,,,,,,,,,,
45640,La Purísima,Equipamiento,Tlajomulco de Zúñiga,Jalisco,Tlajomulco de Zúñiga,Frio,,,,,,,,,,,,,,,,,,,
45640,Héroes de Nacozari,Colonia,Tlajomulco de Zúñiga,Jalisco,Tlajomulco de Zúñiga,Frio,,,,,,,,,,,,,,,,,,,
45640,Prados de La Higuera,Colonia,Tlajomulco de Zúñiga,Jalisco,Tlajomulco de Zúñiga,Tibio,,,,,,,,,,,,,,,,,,,
45640,Las Galeanas,Colonia,Tlajomulco de Zúñiga,Jalisco,Tlajomulco de Zúñiga,Frio,,,,,,,,,,,,,,,,,,,
45640,Los Mezquites,Colonia,Tlajomulco de Zúñiga,Jalisco,Tlajomulco de Zúñiga,Frio,,,,,,,,,,,,,,,,,,,
45640,Mirador del Valle,Colonia,Tlajomulco de Zúñiga,Jalisco,Tlajomulco de Zúñiga,Tibio,,,,,,,,,,,,,,,,,,,
45640,Los Álamos,Colonia,Tlajomulco de Zúñiga,Jalisco,Tlajomulco de Zúñiga,Tibio,,,,,,,,,,,,,,,,,,,
45640,Arcos de la Cruz,Colonia,Tlajomulco de Zúñiga,Jalisco,Tlajomulco de Zúñiga,Frio,,,,,,,,,,,,,,,,,,,
45640,Bosques de la Esperanza,Colonia,Tlajomulco de Zúñiga,Jalisco,Tlajomulco de Zúñiga,Tibio,,,,,,,,,,,,,,,,,,,
45640,Colinas Desarrollo,Colonia,Tlajomulco de Zúñiga,Jalisco,Tlajomulco de Zúñiga,Tibio,,,,,,,,,,,,,,,,,,,
45640,Rancho el Derramadero,Colonia,Tlajomulco de Zúñiga,Jalisco,Tlajomulco de Zúñiga,Frio,,,,,,,,,,,,,,,,,,,
45640,Rancho el Zapote,Colonia,Tlajomulco de Zúñiga,Jalisco,Tlajomulco de Zúñiga,Frio,,,,,,,,,,,,,,,,,,,
45640,Hacienda Real,Colonia,Tlajomulco de Zúñiga,Jalisco,Tlajomulco de Zúñiga,Caliente,,,,,,,,,,,,,,,,,,,
45640,Rancho los Ocampo,Colonia,Tlajomulco de Zúñiga,Jalisco,Tlajomulco de Zúñiga,Frio,,,,,,,,,,,,,,,,,,,
45640,Los Pinos,Fraccionamiento,Tlajomulco de Zúñiga,Jalisco,Tlajomulco de Zúñiga,Tibio,,,,,,,,,,,,,,,,,,,
45640,Nuevo Tlajomulco,Fraccionamiento,Tlajomulco de Zúñiga,Jalisco,Tlajomulco de Zúñiga,Tibio,,,,,,,,,,,,,,,,,,,
45640,Patria,Fraccionamiento,Tlajomulco de Zúñiga,Jalisco,Tlajomulco de Zúñiga,Tibio,,,,,,,,,,,,,,,,,,,
45640,Rinconada las Auroras,Fraccionamiento,Tlajomulco de Zúñiga,Jalisco,Tlajomulco de Zúñiga,Tibio,,,,,,,,,,,,,,,,,,,
45640,Valle de Tlajomulco,Fraccionamiento,Tlajomulco de Zúñiga,Jalisco,Tlajomulco de Zúñiga,Tibio,,,,,,,,,,,,,,,,,,,
45640,Villanova,Fraccionamiento,Tlajomulco de Zúñiga,Jalisco,Tlajomulco de Zúñiga,Caliente,,,,,,,,,,,,,,,,,,,
45640,El Esquivel,Fraccionamiento,Tlajomulco de Zúñiga,Jalisco,Tlajomulco de Zúñiga,Tibio,,,,,,,,,,,,,,,,,,,
45640,Lomas del Pedregal,Colonia,Tlajomulco de Zúñiga,Jalisco,Tlajomulco de Zúñiga,Tibio,,,,,,,,,,,,,,,,,,,
45641,Valle de los Emperadores,Fraccionamiento,Tlajomulco de Zúñiga,Jalisco,Tlajomulco de Zúñiga,Caliente,,,,,,,,,,,,,,,,,,,
45641,Villas de San Gilberto,Fraccionamiento,Tlajomulco de Zúñiga,Jalisco,Tlajomulco de Zúñiga,Caliente,,,,,,,,,,,,,,,,,,,
45641,La Victoria,Fraccionamiento,Tlajomulco de Zúñiga,Jalisco,Tlajomulco de Zúñiga,Tibio,,,,,,,,,,,,,,,,,,,
45641,Real de Navarra,Fraccionamiento,Tlajomulco de Zúñiga,Jalisco,Tlajomulco de Zúñiga,Caliente,,,,,,,,,,,,,,,,,,,
45641,Villa Galicia,Fraccionamiento,Tlajomulco de Zúñiga,Jalisco,Tlajomulco de Zúñiga,Caliente,,,,,,,,,,,,,,,,,,,
45641,Lomas del Carmen,Fraccionamiento,Tlajomulco de Zúñiga,Jalisco,Tlajomulco de Zúñiga,Tibio,,,,,,,,,,,,,,,,,,,
45641,Lomas de Tejeda,Colonia,Tlajomulco de Zúñiga,Jalisco,Tlajomulco de Zúñiga,Tibio,,,,,,,,,,,,,,,,,,,
45641,Lomas Habitacional,Colonia,Tlajomulco de Zúñiga,Jalisco,Tlajomulco de Zúñiga,Tibio,,,,,,,,,,,,,,,,,,,
45641,Residencial Lomas de Tejeda,Colonia,Tlajomulco de Zúñiga,Jalisco,Tlajomulco de Zúñiga,Tibio,,,,,,,,,,,,,,,,,,,
45641,Tierra de la Esperanza,Colonia,Tlajomulco de Zúñiga,Jalisco,Tlajomulco de Zúñiga,Tibio,,,,,,,,,,,,,,,,,,,
45641,Los Tapia,Colonia,Tlajomulco de Zúñiga,Jalisco,Tlajomulco de Zúñiga,Frio,,,,,,,,,,,,,,,,,,,
45641,Hacienda La Noria,Colonia,Tlajomulco de Zúñiga,Jalisco,Tlajomulco de Zúñiga,Caliente,,,,,,,,,,,,,,,,,,,
45641,Rinconada de los Nogales,Colonia,Tlajomulco de Zúñiga,Jalisco,Tlajomulco de Zúñiga,Tibio,,,,,,,,,,,,,,,,,,,
45643,El Palomar,Fraccionamiento,Tlajomulco de Zúñiga,Jalisco,Tlajomulco de Zúñiga,Tibio,,,,,,,,,,,,,,,,,,,
45643,Cielo Contry Club,Fraccionamiento,Tlajomulco de Zúñiga,Jalisco,Tlajomulco de Zúñiga,Caliente,,,,,,,,,,,,,,,,,,,
45643,Las Villas,Colonia,Tlajomulco de Zúñiga,Jalisco,Tlajomulco de Zúñiga,Tibio,,,,,,,,,,,,,,,,,,,
45643,San Martin Del Tajo,Colonia,Tlajomulco de Zúñiga,Jalisco,Tlajomulco de Zúñiga,Frio,,,,,,,,,,,,,,,,,,,
45644,Soledad de Cruz Vieja,Colonia,Tlajomulco de Zúñiga,Jalisco,Tlajomulco de Zúñiga,Frio,,,,,,,,,,,,,,,,,,,
45644,Santa Cruz de la Loma (Tepetates),Colonia,Tlajomulco de Zúñiga,Jalisco,Tlajomulco de Zúñiga,Frio,,,,,,,,,,,,,,,,,,,
45645,Las Varitas,Colonia,Tlajomulco de Zúñiga,Jalisco,Tlajomulco de Zúñiga,Frio,,,,,,,,,,,,,,,,,,,
45645,Hacienda del Oro,Fraccionamiento,Tlajomulco de Zúñiga,Jalisco,Tlajomulco de Zúñiga,Caliente,,,,,,,,,,,,,,,,,,,
45645,Bellaterra,Fraccionamiento,Tlajomulco de Zúñiga,Jalisco,Tlajomulco de Zúñiga,Caliente,,,,,,,,,,,,,,,,,,,
45645,La Loma Residencial,Fraccionamiento,Tlajomulco de Zúñiga,Jalisco,Tlajomulco de Zúñiga,Tibio,,,,,,,,,,,,,,,,,,,
45645,Naturezza,Fraccionamiento,Tlajomulco de Zúñiga,Jalisco,Tlajomulco de Zúñiga,Caliente,,,,,,,,,,,,,,,,,,,
45645,La Rioja,Fraccionamiento,Tlajomulco de Zúñiga,Jalisco,Tlajomulco de Zúñiga,Caliente,,,,,,,,,,,,,,,,,,,
45645,Foresta Santa Anita,Fraccionamiento,Tlajomulco de Zúñiga,Jalisco,Tlajomulco de Zúñiga,Caliente,,,,,,,,,,,,,,,,,,,
45645,El Origen,Fraccionamiento,Tlajomulco de Zúñiga,Jalisco,Tlajomulco de Zúñiga,Tibio,,,,,,,,,,,,,,,,,,,
45645,Pontevedra,Fraccionamiento,Tlajomulco de Zúñiga,Jalisco,Tlajomulco de Zúñiga,Caliente,,,,,,,,,,,,,,,,,,,
45645,Punto Sur,Fraccionamiento,Tlajomulco de Zúñiga,Jalisco,Tlajomulco de Zúñiga,Tibio,,,,,,,,,,,,,,,,,,,
45645,Triventi Residencial,Fraccionamiento,Tlajomulco de Zúñiga,Jalisco,Tlajomulco de Zúñiga,Caliente,,,,,,,,,,,,,,,,,,,
45645,Residencial Bosque Cedros,Fraccionamiento,Tlajomulco de Zúñiga,Jalisco,Tlajomulco de Zúñiga,Caliente,,,,,,,,,,,,,,,,,,,
45645,Residencial Encinares,Fraccionamiento,Tlajomulco de Zúñiga,Jalisco,Tlajomulco de Zúñiga,Caliente,,,,,,,,,,,,,,,,,,,
45645,Los Laureles,Fraccionamiento,Tlajomulco de Zúñiga,Jalisco,Tlajomulco de Zúñiga,Tibio,,,,,,,,,,,,,,,,,,,
45645,La Cibela,Fraccionamiento,Tlajomulco de Zúñiga,Jalisco,Tlajomulco de Zúñiga,Caliente,,,,,,,,,,,,,,,,,,,
45645,Los Manzanos,Fraccionamiento,Tlajomulco de Zúñiga,Jalisco,Tlajomulco de Zúñiga,Tibio,,,,,,,,,,,,,,,,,,,
45645,Orbara,Fraccionamiento,Tlajomulco de Zúñiga,Jalisco,Tlajomulco de Zúñiga,Caliente,,,,,,,,,,,,,,,,,,,
45645,Quintas Santa Anita,Fraccionamiento,Tlajomulco de Zúñiga,Jalisco,Tlajomulco de Zúñiga,Caliente,,,,,,,,,,,,,,,,,,,
45645,Real San Ignacio,Fraccionamiento,Tlajomulco de Zúñiga,Jalisco,Tlajomulco de Zúñiga,Caliente,,,,,,,,,,,,,,,,,,,
45645,Residencial Sorrento,Fraccionamiento,Tlajomulco de Zúñiga,Jalisco,Tlajomulco de Zúñiga,Caliente,,,,,,,,,,,,,,,,,,,
45645,Hacienda Real de Colima,Fraccionamiento,Tlajomulco de Zúñiga,Jalisco,Tlajomulco de Zúñiga,Caliente,,,,,,,,,,,,,,,,,,,
45645,San Juan del Río,Colonia,Tlajomulco de Zúñiga,Jalisco,Tlajomulco de Zúñiga,Tibio,,,,,,,,,,,,,,,,,,,
45645,Altea,Fraccionamiento,Tlajomulco de Zúñiga,Jalisco,Tlajomulco de Zúñiga,Caliente,,,,,,,,,,,,,,,,,,,
45645,Element,Fraccionamiento,Tlajomulco de Zúñiga,Jalisco,Tlajomulco de Zúñiga,Caliente,,,,,,,,,,,,,,,,,,,
45645,Bosques California,Fraccionamiento,Tlajomulco de Zúñiga,Jalisco,Tlajomulco de Zúñiga,Caliente,,,,,,,,,,,,,,,,,,,
45645,Las Grullas,Fraccionamiento,Tlajomulco de Zúñiga,Jalisco,Tlajomulco de Zúñiga,Tibio,,,,,,,,,,,,,,,,,,,
45645,Atmósfera,Fraccionamiento,Tlajomulco de Zúñiga,Jalisco,Tlajomulco de Zúñiga,Caliente,,,,,,,,,,,,,,,,,,,
45645,Hábitat San Millán,Fraccionamiento,Tlajomulco de Zúñiga,Jalisco,Tlajomulco de Zúñiga,Caliente,,,,,,,,,,,,,,,,,,,
45645,Bella Vicenza,Fraccionamiento,Tlajomulco de Zúñiga,Jalisco,Tlajomulco de Zúñiga,Caliente,,,,,,,,,,,,,,,,,,,
45645,El Edén,Fraccionamiento,Tlajomulco de Zúñiga,Jalisco,Tlajomulco de Zúñiga,Tibio,,,,,,,,,,,,,,,,,,,
45645,Paraíso,Fraccionamiento,Tlajomulco de Zúñiga,Jalisco,Tlajomulco de Zúñiga,Tibio,,,,,,,,,,,,,,,,,,,
45645,Hacienda San Agustin,Fraccionamiento,Tlajomulco de Zúñiga,Jalisco,Tlajomulco de Zúñiga,Caliente,,,,,,,,,,,,,,,,,,,
45645,Los Gavilanes,Colonia,Tlajomulco de Zúñiga,Jalisco,Tlajomulco de Zúñiga,Frio,,,,,,,,,,,,,,,,,,,
45645,San Agustín,Colonia,Tlajomulco de Zúñiga,Jalisco,Tlajomulco de Zúñiga,Tibio,,,,,,,,,,,,,,,,,,,
45645,Santa Anita,Condominio,Tlajomulco de Zúñiga,Jalisco,Tlajomulco de Zúñiga,Caliente,,,,,,,,,,,,,,,,,,,
45645,Santa Isabel,Colonia,Tlajomulco de Zúñiga,Jalisco,Tlajomulco de Zúñiga,Tibio,,,,,,,,,,,,,,,,,,,
45645,Villas de San Agustin,Colonia,Tlajomulco de Zúñiga,Jalisco,Tlajomulco de Zúñiga,Tibio,,,,,,,,,,,,,,,,,,,
45645,Lago Nogal,Colonia,Tlajomulco de Zúñiga,Jalisco,Tlajomulco de Zúñiga,Caliente,,,,,,,,,,,,,,,,,,,
45645,Los Laureles,Condominio,Tlajomulco de Zúñiga,Jalisco,Tlajomulco de Zúñiga,Caliente,,,,,,,,,,,,,,,,,,,
45645,Villas de Santa Anita,Colonia,Tlajomulco de Zúñiga,Jalisco,Tlajomulco de Zúñiga,Caliente,,,,,,,,,,,,,,,,,,,
45645,Vistas de San Agustin,Colonia,Tlajomulco de Zúñiga,Jalisco,Tlajomulco de Zúñiga,Tibio,,,,,,,,,,,,,,,,,,,
45645,San José del Tajo,Fraccionamiento,Tlajomulco de Zúñiga,Jalisco,Tlajomulco de Zúñiga,Tibio,,,,,,,,,,,,,,,,,,,
45645,Bosques Santa Anita,Fraccionamiento,Tlajomulco de Zúñiga,Jalisco,Tlajomulco de Zúñiga,Caliente,,,,,,,,,,,,,,,,,,,
45645,Los Gavilanes Poniente,Colonia,Tlajomulco de Zúñiga,Jalisco,Tlajomulco de Zúñiga,Frio,,,,,,,,,,,,,,,,,,,
45645,Club de Golf Santa Anita,Fraccionamiento,Tlajomulco de Zúñiga,Jalisco,Tlajomulco de Zúñiga,Caliente,,,,,,,,,,,,,,,,,,,
45645,San Antonio Lagunitas,Colonia,Tlajomulco de Zúñiga,Jalisco,Tlajomulco de Zúñiga,Frio,,,,,,,,,,,,,,,,,,,
45645,Residencial Provenza (La Romana),Fraccionamiento,Tlajomulco de Zúñiga,Jalisco,Tlajomulco de Zúñiga,Caliente,,,,,,,,,,,,,,,,,,,
45645,Del Pilar Residencial,Fraccionamiento,Tlajomulco de Zúñiga,Jalisco,Tlajomulco de Zúñiga,Caliente,,,,,,,,,,,,,,,,,,,
45645,Nueva Galicia Residencial,Fraccionamiento,Tlajomulco de Zúñiga,Jalisco,Tlajomulco de Zúñiga,Caliente,,,,,,,,,,,,,,,,,,,
45645,Sendero las Moras,Fraccionamiento,Tlajomulco de Zúñiga,Jalisco,Tlajomulco de Zúñiga,Tibio,,,,,,,,,,,,,,,,,,,
45645,Cortijo de San Agustin,Fraccionamiento,Tlajomulco de Zúñiga,Jalisco,Tlajomulco de Zúñiga,Caliente,,,,,,,,,,,,,,,,,,,
45645,Arbolada Bosques de Santa Anita,Colonia,Tlajomulco de Zúñiga,Jalisco,Tlajomulco de Zúñiga,Tibio,,,,,,,,,,,,,,,,,,,
45645,El Alcázar (Casa Fuerte),Fraccionamiento,Tlajomulco de Zúñiga,Jalisco,Tlajomulco de Zúñiga,Frio,,,,,,,,,,,,,,,,,,,
45645,Bonanza Residencial,Fraccionamiento,Tlajomulco de Zúñiga,Jalisco,Tlajomulco de Zúñiga,Caliente,,,,,,,,,,,,,,,,,,,
45645,El Manantial,Fraccionamiento,Tlajomulco de Zúñiga,Jalisco,Tlajomulco de Zúñiga,Caliente,,,,,,,,,,,,,,,,,,,
45645,Real del Bosque,Colonia,Tlajomulco de Zúñiga,Jalisco,Tlajomulco de Zúñiga,Caliente,,,,,,,,,,,,,,,,,,,
45645,Rinconada Santa Anita,Colonia,Tlajomulco de Zúñiga,Jalisco,Tlajomulco de Zúñiga,Tibio,,,,,,,,,,,,,,,,,,,
45645,Campo Nogal,Colonia,Tlajomulco de Zúñiga,Jalisco,Tlajomulco de Zúñiga,Tibio,,,,,,,,,,,,,,,,,,,
45645,Jade,Condominio,Tlajomulco de Zúñiga,Jalisco,Tlajomulco de Zúñiga,Caliente,,,,,,,,,,,,,,,,,,,
45645,Real de Santa Anita,Fraccionamiento,Tlajomulco de Zúñiga,Jalisco,Tlajomulco de Zúñiga,Caliente,,,,,,,,,,,,,,,,,,,
45645,Villa California,Fraccionamiento,Tlajomulco de Zúñiga,Jalisco,Tlajomulco de Zúñiga,Caliente,,,,,,,,,,,,,,,,,,,
45645,Bosque Real,Fraccionamiento,Tlajomulco de Zúñiga,Jalisco,Tlajomulco de Zúñiga,Caliente,,,,,,,,,,,,,,,,,,,
45646,Senderos de Monte Verde,Fraccionamiento,Tlajomulco de Zúñiga,Jalisco,Tlajomulco de Zúñiga,Caliente,,,,,,,,,,,,,,,,,,,
45646,Jardines de Santa Anita,Colonia,Tlajomulco de Zúñiga,Jalisco,Tlajomulco de Zúñiga,Tibio,,,,,,,,,,,,,,,,,,,
45646,Adamar,Fraccionamiento,Tlajomulco de Zúñiga,Jalisco,Tlajomulco de Zúñiga,Caliente,,,,,,,,,,,,,,,,,,,
45646,Rincón de los Copales,Colonia,Tlajomulco de Zúñiga,Jalisco,Tlajomulco de Zúñiga,Tibio,,,,,,,,,,,,,,,,,,,
45646,Residencial Bambú,Fraccionamiento,Tlajomulco de Zúñiga,Jalisco,Tlajomulco de Zúñiga,Caliente,,,,,,,,,,,,,,,,,,,
45646,Residencial Boskia,Fraccionamiento,Tlajomulco de Zúñiga,Jalisco,Tlajomulco de Zúñiga,Caliente,,,,,,,,,,,,,,,,,,,
45646,Privanza Camino Real,Fraccionamiento,Tlajomulco de Zúñiga,Jalisco,Tlajomulco de Zúñiga,Caliente,,,,,,,,,,,,,,,,,,,
45646,Hacienda Mirage,Fraccionamiento,Tlajomulco de Zúñiga,Jalisco,Tlajomulco de Zúñiga,Caliente,,,,,,,,,,,,,,,,,,,
45646,Haciendas Del Sur,Colonia,Tlajomulco de Zúñiga,Jalisco,Tlajomulco de Zúñiga,Caliente,,,,,,,,,,,,,,,,,,,
45646,Acueducto San Javier,Fraccionamiento,Tlajomulco de Zúñiga,Jalisco,Tlajomulco de Zúñiga,Caliente,,,,,,,,,,,,,,,,,,,
45646,El Renacimiento,Condominio,Tlajomulco de Zúñiga,Jalisco,Tlajomulco de Zúñiga,Caliente,,,,,,,,,,,,,,,,,,,
45646,Villas Camino Real de Colima,Colonia,Tlajomulco de Zúñiga,Jalisco,Tlajomulco de Zúñiga,Caliente,,,,,,,,,,,,,,,,,,,
45646,Acueducto San Agustín,Fraccionamiento,Tlajomulco de Zúñiga,Jalisco,Tlajomulco de Zúñiga,Caliente,,,,,,,,,,,,,,,,,,,
45646,Villas Santa Sofía,Colonia,Tlajomulco de Zúñiga,Jalisco,Tlajomulco de Zúñiga,Caliente,,,,,,,,,,,,,,,,,,,
45647,Tulipanes,Colonia,Tlajomulco de Zúñiga,Jalisco,Tlajomulco de Zúñiga,Tibio,,,,,,,,,,,,,,,,,,,
45647,La Tijera,Colonia,Tlajomulco de Zúñiga,Jalisco,Tlajomulco de Zúñiga,Tibio,,,,,,,,,,,,,,,,,,,
45647,Hacienda La Tijera,Fraccionamiento,Tlajomulco de Zúñiga,Jalisco,Tlajomulco de Zúñiga,Caliente,,,,,,,,,,,,,,,,,,,
45647,Las Moras,Fraccionamiento,Tlajomulco de Zúñiga,Jalisco,Tlajomulco de Zúñiga,Caliente,,,,,,,,,,,,,,,,,,,
45647,Villas de La Tijera,Colonia,Tlajomulco de Zúñiga,Jalisco,Tlajomulco de Zúñiga,Caliente,,,,,,,,,,,,,,,,,,,
45647,Jardín de Las Moras,Colonia,Tlajomulco de Zúñiga,Jalisco,Tlajomulco de Zúñiga,Caliente,,,,,,,,,,,,,,,,,,,
45647,Las Amapas,Colonia,Tlajomulco de Zúñiga,Jalisco,Tlajomulco de Zúñiga,Tibio,,,,,,,,,,,,,,,,,,,
45650,Villas Terranova,Fraccionamiento,Tlajomulco de Zúñiga,Jalisco,Tlajomulco de Zúñiga,Caliente,,,,,,,,,,,,,,,,,,,
45650,Valle de Los Encinos,Fraccionamiento,Tlajomulco de Zúñiga,Jalisco,Tlajomulco de Zúñiga,Caliente,,,,,,,,,,,,,,,,,,,
45650,Los Abedúles,Fraccionamiento,Tlajomulco de Zúñiga,Jalisco,Tlajomulco de Zúñiga,Caliente,,,,,,,,,,,,,,,,,,,
45650,La Roca,Colonia,Tlajomulco de Zúñiga,Jalisco,Tlajomulco de Zúñiga,Tibio,,,,,,,,,,,,,,,,,,,
45650,La Fortuna,Fraccionamiento,Tlajomulco de Zúñiga,Jalisco,Tlajomulco de Zúñiga,Caliente,,,,,,,,,,,,,,,,,,,
45650,San Antonio,Fraccionamiento,Tlajomulco de Zúñiga,Jalisco,Tlajomulco de Zúñiga,Caliente,,,,,,,,,,,,,,,,,,,
45650,La Mora Residencial,Fraccionamiento,Tlajomulco de Zúñiga,Jalisco,Tlajomulco de Zúñiga,Caliente,,,,,,,,,,,,,,,,,,,
45650,Residencial Alta California,Fraccionamiento,Tlajomulco de Zúñiga,Jalisco,Tlajomulco de Zúñiga,Caliente,,,,,,,,,,,,,,,,,,,
45650,Colina Real (Benito Villaseñor),Fraccionamiento,Tlajomulco de Zúñiga,Jalisco,Tlajomulco de Zúñiga,Caliente,,,,,,,,,,,,,,,,,,,
45650,Las Trojes,Fraccionamiento,Tlajomulco de Zúñiga,Jalisco,Tlajomulco de Zúñiga,Caliente,,,,,,,,,,,,,,,,,,,
45650,Colinas del Valle,Fraccionamiento,Tlajomulco de Zúñiga,Jalisco,Tlajomulco de Zúñiga,Caliente,,,,,,,,,,,,,,,,,,,
45650,Lomas del Pedregal,Colonia,Tlajomulco de Zúñiga,Jalisco,Tlajomulco de Zúñiga,Caliente,,,,,,,,,,,,,,,,,,,
45650,El Colibrí,Fraccionamiento,Tlajomulco de Zúñiga,Jalisco,Tlajomulco de Zúñiga,Caliente,,,,,,,,,,,,,,,,,,,
45650,Vistas del Valle,Fraccionamiento,Tlajomulco de Zúñiga,Jalisco,Tlajomulco de Zúñiga,Caliente,,,,,,,,,,,,,,,,,,,
45650,La Coladera,Colonia,Tlajomulco de Zúñiga,Jalisco,Tlajomulco de Zúñiga,Tibio,,,,,,,,,,,,,,,,,,,
45650,Ojo de Agua,Fraccionamiento,Tlajomulco de Zúñiga,Jalisco,Tlajomulco de Zúñiga,Caliente,,,,,,,,,,,,,,,,,,,
45650,Jardines de Primavera,Fraccionamiento,Tlajomulco de Zúñiga,Jalisco,Tlajomulco de Zúñiga,Caliente,,,,,,,,,,,,,,,,,,,
45650,San Sebastián El Grande,Colonia,Tlajomulco de Zúñiga,Jalisco,Tlajomulco de Zúñiga,Tibio,,,,,,,,,,,,,,,,,,,
45650,Lomas de San Agustín,Colonia,Tlajomulco de Zúñiga,Jalisco,Tlajomulco de Zúñiga,Caliente,,,,,,,,,,,,,,,,,,,
45650,Jardines de Verano,Colonia,Tlajomulco de Zúñiga,Jalisco,Tlajomulco de Zúñiga,Caliente,,,,,,,,,,,,,,,,,,,
45650,Villas de Zapotepec,Colonia,Tlajomulco de Zúñiga,Jalisco,Tlajomulco de Zúñiga,Caliente,,,,,,,,,,,,,,,,,,,
45650,El Arroyo,Colonia,Tlajomulco de Zúñiga,Jalisco,Tlajomulco de Zúñiga,Tibio,,,,,,,,,,,,,,,,,,,
45650,Valle de San Sebastián,Fraccionamiento,Tlajomulco de Zúñiga,Jalisco,Tlajomulco de Zúñiga,Caliente,,,,,,,,,,,,,,,,,,,
45650,Villas de San Sebastián,Colonia,Tlajomulco de Zúñiga,Jalisco,Tlajomulco de Zúñiga,Caliente,,,,,,,,,,,,,,,,,,,
45650,El Chirimoyo,Colonia,Tlajomulco de Zúñiga,Jalisco,Tlajomulco de Zúñiga,Tibio,,,,,,,,,,,,,,,,,,,
45650,El Paraíso,Colonia,Tlajomulco de Zúñiga,Jalisco,Tlajomulco de Zúñiga,Tibio,,,,,,,,,,,,,,,,,,,
45650,Residencial San Pablo,Fraccionamiento,Tlajomulco de Zúñiga,Jalisco,Tlajomulco de Zúñiga,Caliente,,,,,,,,,,,,,,,,,,,
45650,Balcones de Santa Anita,Fraccionamiento,Tlajomulco de Zúñiga,Jalisco,Tlajomulco de Zúñiga,Caliente,,,,,,,,,,,,,,,,,,,
45650,Lomas del Sur,Fraccionamiento,Tlajomulco de Zúñiga,Jalisco,Tlajomulco de Zúñiga,Caliente,,,,,,,,,,,,,,,,,,,
45650,La Loma,Rancho,Tlajomulco de Zúñiga,Jalisco,,Frio,,,,,,,,,,,,,,,,,,,
45650,El Ojo de Agua,Colonia,Tlajomulco de Zúñiga,Jalisco,Tlajomulco de Zúñiga,Tibio,,,,,,,,,,,,,,,,,,,
45650,Rinconada de San Sebastián,Colonia,Tlajomulco de Zúñiga,Jalisco,Tlajomulco de Zúñiga,Caliente,,,,,,,,,,,,,,,,,,,
45650,Villas del Edén,Colonia,Tlajomulco de Zúñiga,Jalisco,Tlajomulco de Zúñiga,Caliente,,,,,,,,,,,,,,,,,,,
45650,Jardines de San Sebastián,Colonia,Tlajomulco de Zúñiga,Jalisco,Tlajomulco de Zúñiga,Caliente,,,,,,,,,,,,,,,,,,,
45650,Paseo de las Aves,Colonia,Tlajomulco de Zúñiga,Jalisco,Tlajomulco de Zúñiga,Caliente,,,,,,,,,,,,,,,,,,,
45650,Rancho San Antonio,Colonia,Tlajomulco de Zúñiga,Jalisco,,Frio,,,,,,,,,,,,,,,,,,,
45650,Los Arcos de San Sebastián,Colonia,Tlajomulco de Zúñiga,Jalisco,Tlajomulco de Zúñiga,Caliente,,,,,,,,,,,,,,,,,,,
45650,Las Casas de San Sebastián,Fraccionamiento,Tlajomulco de Zúñiga,Jalisco,Tlajomulco de Zúñiga,Caliente,,,,,,,,,,,,,,,,,,,
45650,San Miguel Residencial,Fraccionamiento,Tlajomulco de Zúñiga,Jalisco,Tlajomulco de Zúñiga,Caliente,,,,,,,,,,,,,,,,,,,
45650,Colinas del Roble,Fraccionamiento,Tlajomulco de Zúñiga,Jalisco,Tlajomulco de Zúñiga,Caliente,,,,,,,,,,,,,,,,,,,
45650,Los Encinos,Fraccionamiento,Tlajomulco de Zúñiga,Jalisco,Tlajomulco de Zúñiga,Caliente,,,,,,,,,,,,,,,,,,,
45653,Villalta,Fraccionamiento,Tlajomulco de Zúñiga,Jalisco,Tlajomulco de Zúñiga,Caliente,,,,,,,,,,,,,,,,,,,
45653,Villa Fontana Aqua,Fraccionamiento,Tlajomulco de Zúñiga,Jalisco,Tlajomulco de Zúñiga,Caliente,,,,,,,,,,,,,,,,,,,
45653,Lomas del Mirador,Fraccionamiento,Tlajomulco de Zúñiga,Jalisco,Tlajomulco de Zúñiga,Caliente,,,,,,,,,,,,,,,,,,,
45653,Colina de la Cruz,Fraccionamiento,Tlajomulco de Zúñiga,Jalisco,Tlajomulco de Zúñiga,Caliente,,,,,,,,,,,,,,,,,,,
45653,Valle de Tejeda,Fraccionamiento,Tlajomulco de Zúñiga,Jalisco,Tlajomulco de Zúñiga,Caliente,,,,,,,,,,,,,,,,,,,
45653,Geovillas La Arbolada,Fraccionamiento,Tlajomulco de Zúñiga,Jalisco,Tlajomulco de Zúñiga,Caliente,,,,,,,,,,,,,,,,,,,
45653,Las Luces,Fraccionamiento,Tlajomulco de Zúñiga,Jalisco,Tlajomulco de Zúñiga,Caliente,,,,,,,,,,,,,,,,,,,
45653,4 Estaciones,Fraccionamiento,Tlajomulco de Zúñiga,Jalisco,Tlajomulco de Zúñiga,Caliente,,,,,,,,,,,,,,,,,,,
45653,Cañadas del Bosque,Fraccionamiento,Tlajomulco de Zúñiga,Jalisco,Tlajomulco de Zúñiga,Caliente,,,,,,,,,,,,,,,,,,,
45653,Las Orquídeas,Fraccionamiento,Tlajomulco de Zúñiga,Jalisco,Tlajomulco de Zúñiga,Caliente,,,,,,,,,,,,,,,,,,,
45653,Las Moras,Fraccionamiento,Tlajomulco de Zúñiga,Jalisco,Tlajomulco de Zúñiga,Caliente,,,,,,,,,,,,,,,,,,,
45653,Jardines de La Hacienda,Fraccionamiento,Tlajomulco de Zúñiga,Jalisco,Tlajomulco de Zúñiga,Caliente,,,,,,,,,,,,,,,,,,,
45653,Novaterra Residencial,Fraccionamiento,Tlajomulco de Zúñiga,Jalisco,Tlajomulco de Zúñiga,Caliente,,,,,,,,,,,,,,,,,,,
45653,Los Alcatraces,Fraccionamiento,Tlajomulco de Zúñiga,Jalisco,Tlajomulco de Zúñiga,Caliente,,,,,,,,,,,,,,,,,,,
45653,Concepción del Valle,Colonia,Tlajomulco de Zúñiga,Jalisco,Tlajomulco de Zúñiga,Caliente,,,,,,,,,,,,,,,,,,,
45653,Valle Dorado,Colonia,Tlajomulco de Zúñiga,Jalisco,Tlajomulco de Zúñiga,Caliente,,,,,,,,,,,,,,,,,,,
45653,Hacienda Santa Fe,Fraccionamiento,Tlajomulco de Zúñiga,Jalisco,Tlajomulco de Zúñiga,Caliente,,,,,,,,,,,,,,,,,,,
45653,El Mirador,Colonia,Tlajomulco de Zúñiga,Jalisco,,Frio,,,,,,,,,,,,,,,,,,,
45653,Chulavista,Fraccionamiento,Tlajomulco de Zúñiga,Jalisco,Tlajomulco de Zúñiga,Caliente,,,,,,,,,,,,,,,,,,,
45653,Los Cantaros,Fraccionamiento,Tlajomulco de Zúñiga,Jalisco,Tlajomulco de Zúñiga,Caliente,,,,,,,,,,,,,,,,,,,
45654,Villa Esmeralda,Fraccionamiento,Tlajomulco de Zúñiga,Jalisco,Tlajomulco de Zúñiga,Caliente,,,,,,,,,,,,,,,,,,,
45654,Belcanto,Fraccionamiento,Tlajomulco de Zúñiga,Jalisco,Tlajomulco de Zúñiga,Caliente,,,,,,,,,,,,,,,,,,,
45654,Punta Coral Aqua,Fraccionamiento,Tlajomulco de Zúñiga,Jalisco,Tlajomulco de Zúñiga,Caliente,,,,,,,,,,,,,,,,,,,
45654,Las Palmas,Fraccionamiento,Tlajomulco de Zúñiga,Jalisco,Tlajomulco de Zúñiga,Caliente,,,,,,,,,,,,,,,,,,,
45654,Hacienda San Miguel,Fraccionamiento,Tlajomulco de Zúñiga,Jalisco,Tlajomulco de Zúñiga,Caliente,,,,,,,,,,,,,,,,,,,
45654,La Gigantera,Colonia,Tlajomulco de Zúñiga,Jalisco,Tlajomulco de Zúñiga,Tibio,,,,,,,,,,,,,,,,,,,
45654,La Nueva Aurora,Colonia,Tlajomulco de Zúñiga,Jalisco,Tlajomulco de Zúñiga,Tibio,,,,,,,,,,,,,,,,,,,
45654,Residencial Summus,Fraccionamiento,Tlajomulco de Zúñiga,Jalisco,Tlajomulco de Zúñiga,Caliente,,,,,,,,,,,,,,,,,,,
45654,Sendero Real,Fraccionamiento,Tlajomulco de Zúñiga,Jalisco,Tlajomulco de Zúñiga,Caliente,,,,,,,,,,,,,,,,,,,
45654,La Unión del Cuatro,Colonia,Tlajomulco de Zúñiga,Jalisco,Tlajomulco de Zúñiga,Tibio,,,,,,,,,,,,,,,,,,,
45654,San José del Valle,Colonia,Tlajomulco de Zúñiga,Jalisco,Tlajomulco de Zúñiga,Tibio,,,,,,,,,,,,,,,,,,,
45654,La Concha,Colonia,Tlajomulco de Zúñiga,Jalisco,Tlajomulco de Zúñiga,Tibio,,,,,,,,,,,,,,,,,,,
45654,Los Sauces,Colonia,Tlajomulco de Zúñiga,Jalisco,Tlajomulco de Zúñiga,Tibio,,,,,,,,,,,,,,,,,,,
45654,Villas de La Hacienda,Fraccionamiento,Tlajomulco de Zúñiga,Jalisco,Tlajomulco de Zúñiga,Caliente,,,,,,,,,,,,,,,,,,,
45654,Real Del Valle,Fraccionamiento,Tlajomulco de Zúñiga,Jalisco,Tlajomulco de Zúñiga,Caliente,,,,,,,,,,,,,,,,,,,
45654,Jardines Del Edén,Fraccionamiento,Tlajomulco de Zúñiga,Jalisco,Tlajomulco de Zúñiga,Caliente,,,,,,,,,,,,,,,,,,,
45654,San José Residencial,Fraccionamiento,Tlajomulco de Zúñiga,Jalisco,Tlajomulco de Zúñiga,Caliente,,,,,,,,,,,,,,,,,,,
45654,Los Fresnos,Fraccionamiento,Tlajomulco de Zúñiga,Jalisco,Tlajomulco de Zúñiga,Caliente,,,,,,,,,,,,,,,,,,,
45654,El Paraíso,Fraccionamiento,Tlajomulco de Zúñiga,Jalisco,Tlajomulco de Zúñiga,Caliente,,,,,,,,,,,,,,,,,,,
45654,La Arbolada Plus,Fraccionamiento,Tlajomulco de Zúñiga,Jalisco,Tlajomulco de Zúñiga,Caliente,,,,,,,,,,,,,,,,,,,
45654,Senderos Del Valle,Fraccionamiento,Tlajomulco de Zúñiga,Jalisco,Tlajomulco de Zúñiga,Caliente,,,,,,,,,,,,,,,,,,,
45654,La Esperanza,Colonia,Tlajomulco de Zúñiga,Jalisco,Tlajomulco de Zúñiga,Tibio,,,,,,,,,,,,,,,,,,,
45654,Multiplaza,Zona comercial,Tlajomulco de Zúñiga,Jalisco,Tlajomulco de Zúñiga,Caliente,,,,,,,,,,,,,,,,,,,
45654,Altus Bosques,Fraccionamiento,Tlajomulco de Zúñiga,Jalisco,Tlajomulco de Zúñiga,Caliente,,,,,,,,,,,,,,,,,,,
45654,Real del Sol,Fraccionamiento,Tlajomulco de Zúñiga,Jalisco,Tlajomulco de Zúñiga,Caliente,,,,,,,,,,,,,,,,,,,
45655,Quintas del Valle,Fraccionamiento,Tlajomulco de Zúñiga,Jalisco,Tlajomulco de Zúñiga,Caliente,,,,,,,,,,,,,,,,,,,
45655,Hacienda Santa Cruz,Fraccionamiento,Tlajomulco de Zúñiga,Jalisco,Tlajomulco de Zúñiga,Caliente,,,,,,,,,,,,,,,,,,,
45655,Las Villas,Fraccionamiento,Tlajomulco de Zúñiga,Jalisco,Tlajomulco de Zúñiga,Caliente,,,,,,,,,,,,,,,,,,,
45655,La Reserva,Fraccionamiento,Tlajomulco de Zúñiga,Jalisco,Tlajomulco de Zúñiga,Caliente,,,,,,,,,,,,,,,,,,,
45655,La Antigua,Fraccionamiento,Tlajomulco de Zúñiga,Jalisco,Tlajomulco de Zúñiga,Caliente,,,,,,,,,,,,,,,,,,,
45655,Santa Cruz del Valle,Colonia,Tlajomulco de Zúñiga,Jalisco,Tlajomulco de Zúñiga,Tibio,,,,,,,,,,,,,,,,,,,
45656,Hacienda los Eucaliptos,Colonia,Tlajomulco de Zúñiga,Jalisco,Tlajomulco de Zúñiga,Caliente,,,,,,,,,,,,,,,,,,,
45656,Campo Sur,Fraccionamiento,Tlajomulco de Zúñiga,Jalisco,Tlajomulco de Zúñiga,Caliente,,,,,,,,,,,,,,,,,,,
45659,Guadalajara (Miguel Hidalgo y Costilla),Aeropuerto,Tlajomulco de Zúñiga,Jalisco,Tlajomulco de Zúñiga,Frio,,,,,,,,,,,,,,,,,,,
45660,Renaceres,Fraccionamiento,Tlajomulco de Zúñiga,Jalisco,Tlajomulco de Zúñiga,Caliente,,,,,,,,,,,,,,,,,,,
45660,San Miguel Cuyutlán,Pueblo,Tlajomulco de Zúñiga,Jalisco,Tlajomulco de Zúñiga,Frio,,,,,,,,,,,,,,,,,,,
45660,San Diego,Fraccionamiento,Tlajomulco de Zúñiga,Jalisco,Tlajomulco de Zúñiga,Caliente,,,,,,,,,,,,,,,,,,,
45660,Lomas de San Diego,Fraccionamiento,Tlajomulco de Zúñiga,Jalisco,Tlajomulco de Zúñiga,Caliente,,,,,,,,,,,,,,,,,,,
45660,Pedregal de San Miguel,Colonia,Tlajomulco de Zúñiga,Jalisco,Tlajomulco de Zúñiga,Caliente,,,,,,,,,,,,,,,,,,,
45660,Nuevo San Miguel,Colonia,Tlajomulco de Zúñiga,Jalisco,Tlajomulco de Zúñiga,Tibio,,,,,,,,,,,,,,,,,,,
45663,San Lucas Evangelista,Pueblo,Tlajomulco de Zúñiga,Jalisco,Tlajomulco de Zúñiga,Frio,,,,,,,,,,,,,,,,,,,
45663,Las Gaviotas,Fraccionamiento,Tlajomulco de Zúñiga,Jalisco,Tlajomulco de Zúñiga,Caliente,,,,,,,,,,,,,,,,,,,
45664,Cuexcomatitlán,Colonia,Tlajomulco de Zúñiga,Jalisco,Tlajomulco de Zúñiga,Tibio,,,,,,,,,,,,,,,,,,,
45665,San Juan Evangelista (San Juan),Pueblo,Tlajomulco de Zúñiga,Jalisco,Tlajomulco de Zúñiga,Frio,,,,,,,,,,,,,,,,,,,
45670,Cajititlán,Pueblo,Tlajomulco de Zúñiga,Jalisco,Tlajomulco de Zúñiga,Frio,,,,,,,,,,,,,,,,,,,
45670,Tres Reyes,Fraccionamiento,Tlajomulco de Zúñiga,Jalisco,Tlajomulco de Zúñiga,Caliente,,,,,,,,,,,,,,,,,,,
45670,Colinas de Cajititlán,Colonia,Tlajomulco de Zúñiga,Jalisco,Tlajomulco de Zúñiga,Caliente,,,,,,,,,,,,,,,,,,,
45670,Arvento,Fraccionamiento,Tlajomulco de Zúñiga,Jalisco,Tlajomulco de Zúñiga,Caliente,,,,,,,,,,,,,,,,,,,
45672,Las Asturias,Fraccionamiento,Tlajomulco de Zúñiga,Jalisco,Tlajomulco de Zúñiga,Caliente,,,,,,,,,,,,,,,,,,,
45672,Zapote Del Valle,Colonia,Tlajomulco de Zúñiga,Jalisco,Tlajomulco de Zúñiga,Tibio,,,,,,,,,,,,,,,,,,,
45672,Paseos del Valle,Fraccionamiento,Tlajomulco de Zúñiga,Jalisco,Tlajomulco de Zúñiga,Caliente,,,,,,,,,,,,,,,,,,,
45675,Los Silos,Fraccionamiento,Tlajomulco de Zúñiga,Jalisco,Tlajomulco de Zúñiga,Caliente,,,,,,,,,,,,,,,,,,,
45675,Los Sauces,Fraccionamiento,Tlajomulco de Zúñiga,Jalisco,Tlajomulco de Zúñiga,Caliente,,,,,,,,,,,,,,,,,,,
45675,La Purísima,Fraccionamiento,Tlajomulco de Zúñiga,Jalisco,Tlajomulco de Zúñiga,Caliente,,,,,,,,,,,,,,,,,,,
45675,El Lago,Fraccionamiento,Tlajomulco de Zúñiga,Jalisco,Tlajomulco de Zúñiga,Caliente,,,,,,,,,,,,,,,,,,,
45675,Albereda Residencial,Fraccionamiento,Tlajomulco de Zúñiga,Jalisco,Tlajomulco de Zúñiga,Caliente,,,,,,,,,,,,,,,,,,,
45675,El Capulín,Colonia,Tlajomulco de Zúñiga,Jalisco,Tlajomulco de Zúñiga,Tibio,,,,,,,,,,,,,,,,,,,
45675,Rancho Alegre,Fraccionamiento,Tlajomulco de Zúñiga,Jalisco,Tlajomulco de Zúñiga,,,,,,,,,,,,,,,,,,,,
45675,Jardines del Capulín,Colonia,Tlajomulco de Zúñiga,Jalisco,Tlajomulco de Zúñiga,Caliente,,,,,,,,,,,,,,,,,,,
45675,Paseo de Los Agaves,Fraccionamiento,Tlajomulco de Zúñiga,Jalisco,Tlajomulco de Zúñiga,Caliente,,,,,,,,,,,,,,,,,,,
45676,Jardines de la Calera,Colonia,Tlajomulco de Zúñiga,Jalisco,Tlajomulco de Zúñiga,Caliente,,,,,,,,,,,,,,,,,,,
45677,Balcones de la Calera,Fraccionamiento,Tlajomulco de Zúñiga,Jalisco,Tlajomulco de Zúñiga,Caliente,,,,,,,,,,,,,,,,,,,
45678,Parque Industrial Prologis Arrayanes,Zona industrial,Tlajomulco de Zúñiga,Jalisco,Tlajomulco de Zúñiga,Frio,,,,,,,,,,,,,,,,,,,
45678,La Calera,Colonia,Tlajomulco de Zúñiga,Jalisco,Tlajomulco de Zúñiga,Tibio,,,,,,,,,,,,,,,,,,,
45679,Parque Industrial Aeropuerto,Zona industrial,Tlajomulco de Zúñiga,Jalisco,Tlajomulco de Zúñiga,Frio,,,,,,,,,,,,,,,,,,,
45679,Villas de la Alameda,Fraccionamiento,Tlajomulco de Zúñiga,Jalisco,Tlajomulco de Zúñiga,Caliente,,,,,,,,,,,,,,,,,,,
45679,Alameda,Colonia,Tlajomulco de Zúñiga,Jalisco,Tlajomulco de Zúñiga,Tibio,,,,,,,,,,,,,,,,,,,
45679,El Refugio,Colonia,Tlajomulco de Zúñiga,Jalisco,Tlajomulco de Zúñiga,Tibio,,,,,,,,,,,,,,,,,,,
45679,Jardines de La Alameda,Colonia,Tlajomulco de Zúñiga,Jalisco,Tlajomulco de Zúñiga,Caliente,,,,,,,,,,,,,,,,,,,
45679,Los Ciruelos,Colonia,Tlajomulco de Zúñiga,Jalisco,Tlajomulco de Zúñiga,Tibio,,,,,,,,,,,,,,,,,,,
45680,Las Lilas,Fraccionamiento,El Salto,Jalisco,El Salto,Caliente,,,,,,,,,,,,,,,,,,,
45680,El Salto Centro,Pueblo,El Salto,Jalisco,El Salto,Frio,,,,,,,,,,,,,,,,,,,
45680,Álvarez del Castillo,Colonia,El Salto,Jalisco,El Salto,Tibio,,,,,,,,,,,,,,,,,,,
45680,Ampelio,Colonia,El Salto,Jalisco,El Salto,Tibio,,,,,,,,,,,,,,,,,,,
45680,Balcones del Salto,Colonia,El Salto,Jalisco,El Salto,Caliente,,,,,,,,,,,,,,,,,,,
45680,La Mesa INFONAVIT,Fraccionamiento,El Salto,Jalisco,El Salto,Tibio,,,,,,,,,,,,,,,,,,,
45680,El Sabino,Colonia,El Salto,Jalisco,El Salto,Tibio,,,,,,,,,,,,,,,,,,,
45680,Jesús María,Colonia,El Salto,Jalisco,El Salto,Tibio,,,,,,,,,,,,,,,,,,,
45680,Los Arrayanes,Colonia,El Salto,Jalisco,El Salto,Tibio,,,,,,,,,,,,,,,,,,,
45680,Obrera,Colonia,El Salto,Jalisco,El Salto,Tibio,,,,,,,,,,,,,,,,,,,
45680,Mesa de los Laureles,Colonia,El Salto,Jalisco,El Salto,Tibio,,,,,,,,,,,,,,,,,,,
45680,Los Laureles,Colonia,El Salto,Jalisco,El Salto,Tibio,,,,,,,,,,,,,,,,,,,
45680,Palo Dulce,Colonia,El Salto,Jalisco,El Salto,Tibio,,,,,,,,,,,,,,,,,,,
45680,La Azucena,Colonia,El Salto,Jalisco,El Salto,Tibio,,,,,,,,,,,,,,,,,,,
45680,Potrero Nuevo,Colonia,El Salto,Jalisco,El Salto,Tibio,,,,,,,,,,,,,,,,,,,
45680,El Pedregal,Colonia,El Salto,Jalisco,El Salto,Tibio,,,,,,,,,,,,,,,,,,,
45683,Colinas del Sol,Colonia,El Salto,Jalisco,,Tibio,,,,,,,,,,,,,,,,,,,
45683,La Muralla,Fraccionamiento,El Salto,Jalisco,,Caliente,,,,,,,,,,,,,,,,,,,
45683,Galaxia Bonito Jalisco,Fraccionamiento,El Salto,Jalisco,,Caliente,,,,,,,,,,,,,,,,,,,
45683,El Muey,Colonia,El Salto,Jalisco,,Tibio,,,,,,,,,,,,,,,,,,,
45685,Parque Industrial El Salto,Zona industrial,El Salto,Jalisco,,Frio,,,,,,,,,,,,,,,,,,,
45685,Cima Serena,Fraccionamiento,El Salto,Jalisco,,Caliente,,,,,,,,,,,,,,,,,,,
45685,La Alameda,Fraccionamiento,El Salto,Jalisco,,Caliente,,,,,,,,,,,,,,,,,,,
45685,INFONAVIT El Castillo,Fraccionamiento,El Salto,Jalisco,,Tibio,,,,,,,,,,,,,,,,,,,
45685,Villas de Guadalupe,Colonia,El Salto,Jalisco,,Caliente,,,,,,,,,,,,,,,,,,,
45685,Campo Bello,Fraccionamiento,El Salto,Jalisco,,Caliente,,,,,,,,,,,,,,,,,,,
45685,Vista California,Fraccionamiento,El Salto,Jalisco,,Caliente,,,,,,,,,,,,,,,,,,,
45685,San José del Castillo,Colonia,El Salto,Jalisco,,Tibio,,,,,,,,,,,,,,,,,,,
45685,Parques del Castillo,Fraccionamiento,El Salto,Jalisco,,Caliente,,,,,,,,,,,,,,,,,,,
45685,Jardines del Castillo,Fraccionamiento,El Salto,Jalisco,,Caliente,,,,,,,,,,,,,,,,,,,
45686,CIMEG,Zona industrial,El Salto,Jalisco,,Frio,,,,,,,,,,,,,,,,,,,
45686,Hacienda Vieja del Castillo (Castillo Viejo),Ranchería,El Salto,Jalisco,,Frio,,,,,,,,,,,,,,,,,,,
45687,Centro de Readaptación Social,Equipamiento,El Salto,Jalisco,,Frio,,,,,,,,,,,,,,,,,,,
45687,Rinconada de San Antonio,Fraccionamiento,El Salto,Jalisco,,Caliente,,,,,,,,,,,,,,,,,,,
45687,Lomas del Salto,Fraccionamiento,El Salto,Jalisco,,Caliente,,,,,,,,,,,,,,,,,,,
45687,Lomas de San Miguel II,Fraccionamiento,El Salto,Jalisco,,Caliente,,,,,,,,,,,,,,,,,,,
45687,Villas de Agua Blanca,Fraccionamiento,El Salto,Jalisco,,Caliente,,,,,,,,,,,,,,,,,,,
45687,Agua Blanca,Colonia,El Salto,Jalisco,,Tibio,,,,,,,,,,,,,,,,,,,
45687,Parques del Triunfo,Fraccionamiento,El Salto,Jalisco,,Caliente,,,,,,,,,,,,,,,,,,,
45690,Parque Industrial Guadalajara,Zona industrial,El Salto,Jalisco,,Frio,,,,,,,,,,,,,,,,,,,
45690,Pintitas Poniente,Colonia,El Salto,Jalisco,,Tibio,,,,,,,,,,,,,,,,,,,
45690,Las Pintas,Colonia,El Salto,Jalisco,,Tibio,,,,,,,,,,,,,,,,,,,
45690,Guadalupe Montenegro,Colonia,El Salto,Jalisco,,Tibio,,,,,,,,,,,,,,,,,,,
45690,La Esmeralda,Colonia,El Salto,Jalisco,,Tibio,,,,,,,,,,,,,,,,,,,
45690,Pacifico,Colonia,El Salto,Jalisco,,Tibio,,,,,,,,,,,,,,,,,,,
45690,Santa Rosa del Valle,Colonia,El Salto,Jalisco,,Tibio,,,,,,,,,,,,,,,,,,,
45690,La Huizachera,Colonia,El Salto,Jalisco,,Tibio,,,,,,,,,,,,,,,,,,,
45690,Cárdenas Del Rio,Colonia,El Salto,Jalisco,,Tibio,,,,,,,,,,,,,,,,,,,
45690,Insurgentes Sur,Colonia,El Salto,Jalisco,,Tibio,,,,,,,,,,,,,,,,,,,
45690,Nuevo Paraíso,Colonia,El Salto,Jalisco,,Tibio,,,,,,,,,,,,,,,,,,,
45690,La Piedrera,Colonia,El Salto,Jalisco,,Tibio,,,,,,,,,,,,,,,,,,,
45692,Los Gigantes,Colonia,El Salto,Jalisco,,Tibio,,,,,,,,,,,,,,,,,,,
45693,Las Pintitas Centro,Colonia,El Salto,Jalisco,Las Pintitas,Tibio,,,,,,,,,,,,,,,,,,,
45693,Club de Golf Atlas,Fraccionamiento,El Salto,Jalisco,Las Pintitas,Caliente,,,,,,,,,,,,,,,,,,,
45693,Ermita,Colonia,El Salto,Jalisco,Las Pintitas,Tibio,,,,,,,,,,,,,,,,,,,
45693,Del Carmen,Colonia,El Salto,Jalisco,Las Pintitas,Tibio,,,,,,,,,,,,,,,,,,,
45693,Baja California,Colonia,El Salto,Jalisco,Las Pintitas,Tibio,,,,,,,,,,,,,,,,,,,
45693,Lomas del Aeropuerto,Colonia,El Salto,Jalisco,Las Pintitas,Tibio,,,,,,,,,,,,,,,,,,,
45694,Loma del Verde,Fraccionamiento,El Salto,Jalisco,San José el Verde (El Verde),Caliente,,,,,,,,,,,,,,,,,,,
45694,Jardines del Verde,Colonia,El Salto,Jalisco,San José el Verde (El Verde),Caliente,,,,,,,,,,,,,,,,,,,
45694,La Loma,Colonia,El Salto,Jalisco,San José el Verde (El Verde),Tibio,,,,,,,,,,,,,,,,,,,
45694,Los Maestros,Colonia,El Salto,Jalisco,San José el Verde (El Verde),Tibio,,,,,,,,,,,,,,,,,,,
45694,Buenos Aires,Colonia,El Salto,Jalisco,San José el Verde (El Verde),Tibio,,,,,,,,,,,,,,,,,,,
45694,La Purísima,Colonia,El Salto,Jalisco,San José el Verde (El Verde),Tibio,,,,,,,,,,,,,,,,,,,
45694,La Guadalupana,Colonia,El Salto,Jalisco,San José el Verde (El Verde),Tibio,,,,,,,,,,,,,,,,,,,
45694,El Verde,Colonia,El Salto,Jalisco,San José el Verde (El Verde),Tibio,,,,,,,,,,,,,,,,,,,
45694,Minerales,Colonia,El Salto,Jalisco,San José el Verde (El Verde),Tibio,,,,,,,,,,,,,,,,,,,
45694,Loma de San Juan,Colonia,El Salto,Jalisco,San José el Verde (El Verde),Tibio,,,,,,,,,,,,,,,,,,,
45694,Loma Bonita,Colonia,El Salto,Jalisco,San José el Verde (El Verde),Tibio,,,,,,,,,,,,,,,,,,,
45694,San Lorenzo,Colonia,El Salto,Jalisco,San José el Verde (El Verde),Tibio,,,,,,,,,,,,,,,,,,,
45696,San José del Quince,Colonia,El Salto,Jalisco,El Quince (San José el Quince),Tibio,,,,,,,,,,,,,,,,,,,
45696,La Higuera,Colonia,El Salto,Jalisco,El Quince (San José el Quince),Tibio,,,,,,,,,,,,,,,,,,,
45696,Felipe Ángeles,Colonia,El Salto,Jalisco,El Quince (San José el Quince),Tibio,,,,,,,,,,,,,,,,,,,
45696,El Diamante,Colonia,El Salto,Jalisco,El Quince (San José el Quince),Tibio,,,,,,,,,,,,,,,,,,,
45696,Prados del Salto,Colonia,El Salto,Jalisco,El Quince (San José el Quince),Tibio,,,,,,,,,,,,,,,,,,,
45696,El Terrero,Colonia,El Salto,Jalisco,El Quince (San José el Quince),Tibio,,,,,,,,,,,,,,,,,,,
45696,La Esperanza,Colonia,El Salto,Jalisco,El Quince (San José el Quince),Tibio,,,,,,,,,,,,,,,,,,,
45696,El Seminario,Colonia,El Salto,Jalisco,El Quince (San José el Quince),Tibio,,,,,,,,,,,,,,,,,,,
45700,Acatlán de Juárez Centro,Colonia,Acatlán de Juárez,Jalisco,Acatlán de Juárez,Frio,,,,,,,,,,,,,,,,,,,
45700,Los Granados,Fraccionamiento,Acatlán de Juárez,Jalisco,Acatlán de Juárez,Caliente,,,,,,,,,,,,,,,,,,,
45710,Miravalle,Colonia,Acatlán de Juárez,Jalisco,Acatlán de Juárez,Tibio,,,,,,,,,,,,,,,,,,,
45710,La Resolana,Colonia,Acatlán de Juárez,Jalisco,Acatlán de Juárez,Tibio,,,,,,,,,,,,,,,,,,,
45712,Villa de los Niños,Pueblo,Acatlán de Juárez,Jalisco,,Frio,,,,,,,,,,,,,,,,,,,
45713,Crucero de los Pozos,Ranchería,Acatlán de Juárez,Jalisco,,Frio,,,,,,,,,,,,,,,,,,,
45713,San José de los Pozos,Pueblo,Acatlán de Juárez,Jalisco,,Frio,,,,,,,,,,,,,,,,,,,
45713,Centro Lógistico Jalisco,Zona industrial,Acatlán de Juárez,Jalisco,,Frio,,,,,,,,,,,,,,,,,,,
45718,El Plan (El Cerrito),Colonia,Acatlán de Juárez,Jalisco,,Tibio,,,,,,,,,,,,,,,,,,,
45720,Rosendo G. Castro,Colonia,Acatlán de Juárez,Jalisco,,Tibio,,,,,,,,,,,,,,,,,,,
45720,Bellavista,Colonia,Acatlán de Juárez,Jalisco,,Tibio,,,,,,,,,,,,,,,,,,,
45723,San Pedro Valencia,Ranchería,Acatlán de Juárez,Jalisco,,Frio,,,,,,,,,,,,,,,,,,,
45724,Tepetatitos,Rancho,Acatlán de Juárez,Jalisco,,Frio,,,,,,,,,,,,,,,,,,,
45730,Potrero del Campo Santo (Agua Caliente),Colonia,Villa Corona,Jalisco,Villa Corona,Tibio,,,,,,,,,,,,,,,,,,,
45730,Villa Corona Centro,Colonia,Villa Corona,Jalisco,Villa Corona,Frio,,,,,,,,,,,,,,,,,,,
45730,Niños Héroes,Fraccionamiento,Villa Corona,Jalisco,Villa Corona,Caliente,,,,,,,,,,,,,,,,,,,
45737,El Barro,Ranchería,Villa Corona,Jalisco,,Frio,,,,,,,,,,,,,,,,,,,
45740,Estipac,Pueblo,Villa Corona,Jalisco,,Frio,,,,,,,,,,,,,,,,,,,
45740,Juan Gil Preciado (La Loma),Pueblo,Villa Corona,Jalisco,,Frio,,,,,,,,,,,,,,,,,,,
45744,El Tecuan,Ranchería,Villa Corona,Jalisco,,Frio,,,,,,,,,,,,,,,,,,,
45745,Nueva la Loma,Colonia,Villa Corona,Jalisco,,Tibio,,,,,,,,,,,,,,,,,,,
45745,Atotonilco El Bajo,Pueblo,Villa Corona,Jalisco,,Frio,,,,,,,,,,,,,,,,,,,
45746,Buenavista,Ranchería,Villa Corona,Jalisco,,Frio,,,,,,,,,,,,,,,,,,,
45750,Zacoalco de Torres Centro,Colonia,Zacoalco de Torres,Jalisco,Zacoalco de Torres,Frio,,,,,,,,,,,,,,,,,,,
45752,Las Cebollas,Barrio,Zacoalco de Torres,Jalisco,Zacoalco de Torres,Frio,,,,,,,,,,,,,,,,,,,
45752,Camino Real,Fraccionamiento,Zacoalco de Torres,Jalisco,Zacoalco de Torres,Caliente,,,,,,,,,,,,,,,,,,,
45753,Flores Magón,Fraccionamiento,Zacoalco de Torres,Jalisco,Zacoalco de Torres,Caliente,,,,,,,,,,,,,,,,,,,
45753,San Juan,Barrio,Zacoalco de Torres,Jalisco,Zacoalco de Torres,Frio,,,,,,,,,,,,,,,,,,,
45753,De los Castillos,Barrio,Zacoalco de Torres,Jalisco,Zacoalco de Torres,Frio,,,,,,,,,,,,,,,,,,,
45753,De los Camichines,Barrio,Zacoalco de Torres,Jalisco,Zacoalco de Torres,Frio,,,,,,,,,,,,,,,,,,,
45753,Magisterio,Fraccionamiento,Zacoalco de Torres,Jalisco,Zacoalco de Torres,Caliente,,,,,,,,,,,,,,,,,,,
45753,Alto,Barrio,Zacoalco de Torres,Jalisco,Zacoalco de Torres,Frio,,,,,,,,,,,,,,,,,,,
45753,Bugambilias,Colonia,Zacoalco de Torres,Jalisco,Zacoalco de Torres,Caliente,,,,,,,,,,,,,,,,,,,
45753,Dorados de Villa,Colonia,Zacoalco de Torres,Jalisco,Zacoalco de Torres,Caliente,,,,,,,,,,,,,,,,,,,
45754,El Calvario,Fraccionamiento,Zacoalco de Torres,Jalisco,Zacoalco de Torres,Caliente,,,,,,,,,,,,,,,,,,,
45754,San Miguel,Fraccionamiento,Zacoalco de Torres,Jalisco,Zacoalco de Torres,Caliente,,,,,,,,,,,,,,,,,,,
45754,Emiliano Zapata,Colonia,Zacoalco de Torres,Jalisco,Zacoalco de Torres,Tibio,,,,,,,,,,,,,,,,,,,
45754,Cruz Verde,Barrio,Zacoalco de Torres,Jalisco,Zacoalco de Torres,Frio,,,,,,,,,,,,,,,,,,,
45754,Polillas de Zacoalco,Colonia,Zacoalco de Torres,Jalisco,Zacoalco de Torres,Tibio,,,,,,,,,,,,,,,,,,,
45755,Pueblo Nuevo,Ranchería,Zacoalco de Torres,Jalisco,,Frio,,,,,,,,,,,,,,,,,,,
45755,Barranca de Santa Clara,Ranchería,Zacoalco de Torres,Jalisco,,Frio,,,,,,,,,,,,,,,,,,,
45755,Benito Juárez (Catarina Uno),Congregación,Zacoalco de Torres,Jalisco,,Frio,,,,,,,,,,,,,,,,,,,
45755,Arroyo Prieto (Montecillos),Congregación,Zacoalco de Torres,Jalisco,,Frio,,,,,,,,,,,,,,,,,,,
45755,Potrero del Nogal,Congregación,Zacoalco de Torres,Jalisco,,Frio,,,,,,,,,,,,,,,,,,,
45755,Zamoranas,Congregación,Zacoalco de Torres,Jalisco,,Frio,,,,,,,,,,,,,,,,,,,
45756,Barranca de los Laureles,Ranchería,Zacoalco de Torres,Jalisco,,Frio,,,,,,,,,,,,,,,,,,,
45756,El Crucero de la Vía,Congregación,Zacoalco de Torres,Jalisco,,Frio,,,,,,,,,,,,,,,,,,,
45756,El Tlacuache (El Valle),Congregación,Zacoalco de Torres,Jalisco,,Frio,,,,,,,,,,,,,,,,,,,
45757,El Briseño (Los Briseño),Ranchería,Zacoalco de Torres,Jalisco,,Frio,,,,,,,,,,,,,,,,,,,
45757,La Piedra Grande,Congregación,Zacoalco de Torres,Jalisco,,Frio,,,,,,,,,,,,,,,,,,,
45757,Rancho Bonanza (Rancho San Gabriel),Congregación,Zacoalco de Torres,Jalisco,,Frio,,,,,,,,,,,,,,,,,,,
45757,Zacoalco (Capilla del Cerrito),Congregación,Zacoalco de Torres,Jalisco,,Frio,,,,,,,,,,,,,,,,,,,
45758,Barrio Alto (Boruconsa),Congregación,Zacoalco de Torres,Jalisco,,Frio,,,,,,,,,,,,,,,,,,,
45758,El Centenario,Congregación,Zacoalco de Torres,Jalisco,,Frio,,,,,,,,,,,,,,,,,,,
45758,El Llano,Congregación,Zacoalco de Torres,Jalisco,,Frio,,,,,,,,,,,,,,,,,,,
45758,El Triángulo (Ex-Hacienda el Camichín),Congregación,Zacoalco de Torres,Jalisco,,Frio,,,,,,,,,,,,,,,,,,,
45758,Los Castillos,Congregación,Zacoalco de Torres,Jalisco,,Frio,,,,,,,,,,,,,,,,,,,
45760,Barranca de Otates (Barranca de Otatán),Pueblo,Zacoalco de Torres,Jalisco,,Frio,,,,,,,,,,,,,,,,,,,
45763,Las Guásimas (Los Castro),Congregación,Zacoalco de Torres,Jalisco,,Frio,,,,,,,,,,,,,,,,,,,
45764,Los Ureña (La Ureñita),Congregación,Zacoalco de Torres,Jalisco,,Frio,,,,,,,,,,,,,,,,,,,
45765,General Andrés Figueroa (Catarina Dos),Pueblo,Zacoalco de Torres,Jalisco,,Frio,,,,,,,,,,,,,,,,,,,
45766,Ureña,Ranchería,Zacoalco de Torres,Jalisco,,Frio,,,,,,,,,,,,,,,,,,,
45767,El Gancho (La Manga),Congregación,Zacoalco de Torres,Jalisco,,Frio,,,,,,,,,,,,,,,,,,,
45770,San Marcos,Pueblo,Zacoalco de Torres,Jalisco,,Frio,,,,,,,,,,,,,,,,,,,
45770,Beny,Congregación,Zacoalco de Torres,Jalisco,,Frio,,,,,,,,,,,,,,,,,,,
45770,Hacienda de la Esperanza,Rancho,Zacoalco de Torres,Jalisco,,Frio,,,,,,,,,,,,,,,,,,,
45773,El Agua Caliente (El Pantano),Congregación,Zacoalco de Torres,Jalisco,,Frio,,,,,,,,,,,,,,,,,,,
45774,El Tecolote,Congregación,Zacoalco de Torres,Jalisco,,Frio,,,,,,,,,,,,,,,,,,,
45775,El Zapote (La Guitarra),Congregación,Zacoalco de Torres,Jalisco,,Frio,,,,,,,,,,,,,,,,,,,
45776,La Cruz,Congregación,Zacoalco de Torres,Jalisco,,Frio,,,,,,,,,,,,,,,,,,,
45776,La Playita,Congregación,Zacoalco de Torres,Jalisco,,Frio,,,,,,,,,,,,,,,,,,,
45777,Centro Logistico Jalisco II,Zona industrial,Zacoalco de Torres,Jalisco,,Frio,,,,,,,,,,,,,,,,,,,
45777,El Verde,Ranchería,Zacoalco de Torres,Jalisco,,Frio,,,,,,,,,,,,,,,,,,,
45777,Potrero de los Pozos,Ranchería,Zacoalco de Torres,Jalisco,,Frio,,,,,,,,,,,,,,,,,,,
45777,Las Ánimas,Rancho,Zacoalco de Torres,Jalisco,,Frio,,,,,,,,,,,,,,,,,,,
45780,Verdía,Ranchería,Zacoalco de Torres,Jalisco,,Frio,,,,,,,,,,,,,,,,,,,
45780,El Canelo,Congregación,Zacoalco de Torres,Jalisco,,Frio,,,,,,,,,,,,,,,,,,,
45783,El Clarón,Congregación,Zacoalco de Torres,Jalisco,,Frio,,,,,,,,,,,,,,,,,,,
45783,La Tierra Colorada (La Carricera),Congregación,Zacoalco de Torres,Jalisco,,Frio,,,,,,,,,,,,,,,,,,,
45784,El Carrizal,Congregación,Zacoalco de Torres,Jalisco,,Frio,,,,,,,,,,,,,,,,,,,
45785,Sayulapan,Ranchería,Zacoalco de Torres,Jalisco,,Frio,,,,,,,,,,,,,,,,,,,
45786,Las Moras,Congregación,Zacoalco de Torres,Jalisco,,Frio,,,,,,,,,,,,,,,,,,,
45786,Las Moras (Las Mesas),Congregación,Zacoalco de Torres,Jalisco,,Frio,,,,,,,,,,,,,,,,,,,
45786,San Antonio,Congregación,Zacoalco de Torres,Jalisco,,Frio,,,,,,,,,,,,,,,,,,,
45787,El Arroz,Congregación,Zacoalco de Torres,Jalisco,,Frio,,,,,,,,,,,,,,,,,,,
45787,La Milpilla,Congregación,Zacoalco de Torres,Jalisco,,Frio,,,,,,,,,,,,,,,,,,,
45788,Cacaluta (La Villita),Ranchería,Zacoalco de Torres,Jalisco,,Frio,,,,,,,,,,,,,,,,,,,
45788,El Ramireño (El Coyote),Congregación,Zacoalco de Torres,Jalisco,,Frio,,,,,,,,,,,,,,,,,,,
45788,La Sábila,Congregación,Zacoalco de Torres,Jalisco,,Frio,,,,,,,,,,,,,,,,,,,
45789,El Crucero de San Isidro,Ranchería,Zacoalco de Torres,Jalisco,,Frio,,,,,,,,,,,,,,,,,,,
45789,El Chivato,Congregación,Zacoalco de Torres,Jalisco,,Frio,,,,,,,,,,,,,,,,,,,
45789,La Calera,Congregación,Zacoalco de Torres,Jalisco,,Frio,,,,,,,,,,,,,,,,,,,
45790,Atemajac de Brizuela,Pueblo,Atemajac de Brizuela,Jalisco,,Frio,,,,,,,,,,,,,,,,,,,
45796,Las Varillas,Ranchería,Atemajac de Brizuela,Jalisco,,Frio,,,,,,,,,,,,,,,,,,,
45798,Lagunillas,Ranchería,Atemajac de Brizuela,Jalisco,,Frio,,,,,,,,,,,,,,,,,,,
45799,Tierra Blanca,Ranchería,Atemajac de Brizuela,Jalisco,,Frio,,,,,,,,,,,,,,,,,,,
45800,Jocotepec Centro,Colonia,Jocotepec,Jalisco,Jocotepec,Frio,,,,,,,,,,,,,,,,,,,
45802,Puerta del Lago,Fraccionamiento,Jocotepec,Jalisco,Jocotepec,Caliente,,,,,,,,,,,,,,,,,,,
45802,La Hielera,Colonia,Jocotepec,Jalisco,Jocotepec,Tibio,,,,,,,,,,,,,,,,,,,
45802,Los Herrera,Colonia,Jocotepec,Jalisco,Jocotepec,Tibio,,,,,,,,,,,,,,,,,,,
45802,Nextipac,Colonia,Jocotepec,Jalisco,Jocotepec,Tibio,,,,,,,,,,,,,,,,,,,
45803,La Laguna,Colonia,Jocotepec,Jalisco,Jocotepec,Tibio,,,,,,,,,,,,,,,,,,,
45803,Cruz Verde,Colonia,Jocotepec,Jalisco,Jocotepec,Tibio,,,,,,,,,,,,,,,,,,,
45803,Virgen de Guadalupe,Fraccionamiento,Jocotepec,Jalisco,Jocotepec,Caliente,,,,,,,,,,,,,,,,,,,
45804,Unidad Deportiva,Colonia,Jocotepec,Jalisco,Jocotepec,Tibio,,,,,,,,,,,,,,,,,,,
45805,El Sanjón,Colonia,Jocotepec,Jalisco,Jocotepec,Tibio,,,,,,,,,,,,,,,,,,,
45805,La Loma,Colonia,Jocotepec,Jalisco,Jocotepec,Tibio,,,,,,,,,,,,,,,,,,,
45806,La Unidad Deportiva,Colonia,Jocotepec,Jalisco,Jocotepec,Tibio,,,,,,,,,,,,,,,,,,,
45806,Jalisco,Colonia,Jocotepec,Jalisco,Jocotepec,Tibio,,,,,,,,,,,,,,,,,,,
45806,La Campana,Colonia,Jocotepec,Jalisco,Jocotepec,Tibio,,,,,,,,,,,,,,,,,,,
45806,Ánima Sola,Colonia,Jocotepec,Jalisco,Jocotepec,Tibio,,,,,,,,,,,,,,,,,,,
45806,Los Mangos,Colonia,Jocotepec,Jalisco,Jocotepec,Tibio,,,,,,,,,,,,,,,,,,,
45806,La Calabaza,Colonia,Jocotepec,Jalisco,Jocotepec,Tibio,,,,,,,,,,,,,,,,,,,
45806,El Panteón,Colonia,Jocotepec,Jalisco,Jocotepec,Tibio,,,,,,,,,,,,,,,,,,,
45806,Camino Real,Fraccionamiento,Jocotepec,Jalisco,Jocotepec,Caliente,,,,,,,,,,,,,,,,,,,
45806,El Crucero,Colonia,Jocotepec,Jalisco,Jocotepec,Tibio,,,,,,,,,,,,,,,,,,,
45810,Zapotitan de Hidalgo,Ejido,Jocotepec,Jalisco,,Frio,,,,,,,,,,,,,,,,,,,
45811,Huejotitan,Ejido,Jocotepec,Jalisco,,Frio,,,,,,,,,,,,,,,,,,,
45812,El Molino,Ejido,Jocotepec,Jalisco,,Frio,,,,,,,,,,,,,,,,,,,
45815,Potrerillos,Ejido,Jocotepec,Jalisco,,Frio,,,,,,,,,,,,,,,,,,,
45816,Las Trojes,Ejido,Jocotepec,Jalisco,,Frio,,,,,,,,,,,,,,,,,,,
45820,San Juan Cosalá,Pueblo,Jocotepec,Jalisco,,Frio,,,,,,,,,,,,,,,,,,,
45822,San Pablo,Colonia,Jocotepec,Jalisco,,Tibio,,,,,,,,,,,,,,,,,,,
45822,La Cristina,Fraccionamiento,Jocotepec,Jalisco,,Caliente,,,,,,,,,,,,,,,,,,,
45825,Jaltepec,Fraccionamiento,Jocotepec,Jalisco,,Caliente,,,,,,,,,,,,,,,,,,,
45825,Senderos del Lago,Fraccionamiento,Jocotepec,Jalisco,,Caliente,,,,,,,,,,,,,,,,,,,
45825,Sierra Lake,Fraccionamiento,Jocotepec,Jalisco,,Caliente,,,,,,,,,,,,,,,,,,,
45825,Chantepec (El Chante),Colonia,Jocotepec,Jalisco,,Tibio,,,,,,,,,,,,,,,,,,,
45830,San Pedro Tesistán,Pueblo,Jocotepec,Jalisco,,Frio,,,,,,,,,,,,,,,,,,,
45840,San Cristóbal Zapotitlán,Pueblo,Jocotepec,Jalisco,,Frio,,,,,,,,,,,,,,,,,,,
45850,Rinconada las Aguilillas,Fraccionamiento,Ixtlahuacán de los Membrillos,Jalisco,,Caliente,,,,,,,,,,,,,,,,,,,
45850,Luis García,Pueblo,Ixtlahuacán de los Membrillos,Jalisco,,Frio,,,,,,,,,,,,,,,,,,,
45850,Buenavista,Pueblo,Ixtlahuacán de los Membrillos,Jalisco,,Frio,,,,,,,,,,,,,,,,,,,
45850,Ixtlahuacan de los Membrillos,Pueblo,Ixtlahuacán de los Membrillos,Jalisco,,Frio,,,,,,,,,,,,,,,,,,,
45850,Los Cedros,Pueblo,Ixtlahuacán de los Membrillos,Jalisco,,Frio,,,,,,,,,,,,,,,,,,,
45850,Santa Rosa (La Hacienda de Santa Rosa),Pueblo,Ixtlahuacán de los Membrillos,Jalisco,,Frio,,,,,,,,,,,,,,,,,,,
45850,Agua Escondida,Fraccionamiento,Ixtlahuacán de los Membrillos,Jalisco,,Caliente,,,,,,,,,,,,,,,,,,,
45857,La Cañada,Colonia,Ixtlahuacán de los Membrillos,Jalisco,,Tibio,,,,,,,,,,,,,,,,,,,
45860,Prados de Atequiza,Fraccionamiento,Ixtlahuacán de los Membrillos,Jalisco,,Caliente,,,,,,,,,,,,,,,,,,,
45860,Atequiza,Pueblo,Ixtlahuacán de los Membrillos,Jalisco,,Frio,,,,,,,,,,,,,,,,,,,
45860,La Florida,Fraccionamiento,Ixtlahuacán de los Membrillos,Jalisco,,Caliente,,,,,,,,,,,,,,,,,,,
45870,Valle de los Girasoles,Fraccionamiento,Ixtlahuacán de los Membrillos,Jalisco,,Caliente,,,,,,,,,,,,,,,,,,,
45870,Residencial la Capilla,Fraccionamiento,Ixtlahuacán de los Membrillos,Jalisco,,Caliente,,,,,,,,,,,,,,,,,,,
45870,La Capilla del Refugio,Pueblo,Ixtlahuacán de los Membrillos,Jalisco,,Frio,,,,,,,,,,,,,,,,,,,
45875,Rinconada la Loma,Fraccionamiento,Ixtlahuacán de los Membrillos,Jalisco,,Caliente,,,,,,,,,,,,,,,,,,,
45875,Lomas de la Capilla,Fraccionamiento,Ixtlahuacán de los Membrillos,Jalisco,,Caliente,,,,,,,,,,,,,,,,,,,
45876,Valle de los Sabinos,Fraccionamiento,Ixtlahuacán de los Membrillos,Jalisco,,Caliente,,,,,,,,,,,,,,,,,,,
45876,El Sacrificio,Colonia,Ixtlahuacán de los Membrillos,Jalisco,,Tibio,,,,,,,,,,,,,,,,,,,
45876,El Rodeo,Colonia,Ixtlahuacán de los Membrillos,Jalisco,,Tibio,,,,,,,,,,,,,,,,,,,
45877,Huerta Vieja,Fraccionamiento,Ixtlahuacán de los Membrillos,Jalisco,,Caliente,,,,,,,,,,,,,,,,,,,
45877,Puerta del Sol,Fraccionamiento,Ixtlahuacán de los Membrillos,Jalisco,,Caliente,,,,,,,,,,,,,,,,,,,
45877,Las Carretas,Fraccionamiento,Ixtlahuacán de los Membrillos,Jalisco,,Caliente,,,,,,,,,,,,,,,,,,,
45877,Valle de los Olivos,Fraccionamiento,Ixtlahuacán de los Membrillos,Jalisco,,Caliente,,,,,,,,,,,,,,,,,,,
45880,Juanacatlán Centro,Colonia,Juanacatlán,Jalisco,,Frio,,,,,,,,,,,,,,,,,,,
45880,San Antonio Juanacaxtle,Colonia,Juanacatlán,Jalisco,,Tibio,,,,,,,,,,,,,,,,,,,
45880,La Cofradia,Colonia,Juanacatlán,Jalisco,,Tibio,,,,,,,,,,,,,,,,,,,
45883,Zapotlanejo,Exhacienda,Juanacatlán,Jalisco,,Frio,,,,,,,,,,,,,,,,,,,
45884,Estancia de Guadalupe,Ranchería,Juanacatlán,Jalisco,,Frio,,,,,,,,,,,,,,,,,,,
45887,Villas Andalucía,Fraccionamiento,Juanacatlán,Jalisco,,Caliente,,,,,,,,,,,,,,,,,,,
45887,El Faro,Fraccionamiento,Juanacatlán,Jalisco,,Caliente,,,,,,,,,,,,,,,,,,,
45887,Club Náutico Puente Viejo,Fraccionamiento,Juanacatlán,Jalisco,,Caliente,,,,,,,,,,,,,,,,,,,
45887,La Aurora,Colonia,Juanacatlán,Jalisco,,Tibio,,,,,,,,,,,,,,,,,,,
45890,Miraflores,Ranchería,Juanacatlán,Jalisco,,Frio,,,,,,,,,,,,,,,,,,,
45896,San Isidro (El Jabalí),Ranchería,Juanacatlán,Jalisco,,Frio,,,,,,,,,,,,,,,,,,,
45896,Casa de Teja,Ranchería,Juanacatlán,Jalisco,,Frio,,,,,,,,,,,,,,,,,,,
45899,El Saucillo,Ranchería,Juanacatlán,Jalisco,,Frio,,,,,,,,,,,,,,,,,,,
45900,Chapala Centro,Colonia,Chapala,Jalisco,Chapala,Frio,,,,,,,,,,,,,,,,,,,
45902,Guadalupe,Colonia,Chapala,Jalisco,Chapala,Tibio,,,,,,,,,,,,,,,,,,,
45903,Las Redes,Colonia,Chapala,Jalisco,Chapala,Tibio,,,,,,,,,,,,,,,,,,,
45903,San Juditas Tadeo,Colonia,Chapala,Jalisco,Chapala,Tibio,,,,,,,,,,,,,,,,,,,
45905,Los Coyotes,Colonia,Chapala,Jalisco,Chapala,Tibio,,,,,,,,,,,,,,,,,,,
45905,El Cuije,Colonia,Chapala,Jalisco,Chapala,Tibio,,,,,,,,,,,,,,,,,,,
45906,Ribera del Pilar,Fraccionamiento,Chapala,Jalisco,Chapala,Caliente,,,,,,,,,,,,,,,,,,,
45907,Mirasol,Fraccionamiento,Chapala,Jalisco,Chapala,Caliente,,,,,,,,,,,,,,,,,,,
45907,Chulavista,Fraccionamiento,Chapala,Jalisco,Chapala,Caliente,,,,,,,,,,,,,,,,,,,
45907,Chapala Haciendas,Fraccionamiento,Chapala,Jalisco,Chapala,Caliente,,,,,,,,,,,,,,,,,,,
45908,Brisas de Chapala,Fraccionamiento,Chapala,Jalisco,Chapala,Caliente,,,,,,,,,,,,,,,,,,,
45920,Ajijic Centro,Colonia,Chapala,Jalisco,Ajijic,Frio,,,,,,,,,,,,,,,,,,,
45920,La Floresta,Colonia,Chapala,Jalisco,Ajijic,Tibio,,,,,,,,,,,,,,,,,,,
45922,San Antonio Tlayacapan,Colonia,Chapala,Jalisco,Ajijic,Tibio,,,,,,,,,,,,,,,,,,,
45925,Tres Cañadas (El Estrellón),Fraccionamiento,Chapala,Jalisco,,Caliente,,,,,,,,,,,,,,,,,,,
45925,San Vicente (La Cristina),Ranchería,Chapala,Jalisco,,Frio,,,,,,,,,,,,,,,,,,,
45925,El Bajío,Colonia,Chapala,Jalisco,,Tibio,,,,,,,,,,,,,,,,,,,
45930,Atotonilquillo,Pueblo,Chapala,Jalisco,,Frio,,,,,,,,,,,,,,,,,,,
45930,Balneario Las Huertas,Equipamiento,Chapala,Jalisco,,Frio,,,,,,,,,,,,,,,,,,,
45933,Presa Corona,Ranchería,Chapala,Jalisco,,Frio,,,,,,,,,,,,,,,,,,,
45934,El Llano,Ranchería,Chapala,Jalisco,,Frio,,,,,,,,,,,,,,,,,,,
45935,La Tepamera (La Calerita),Ranchería,Chapala,Jalisco,,Frio,,,,,,,,,,,,,,,,,,,
45936,Vista del Lago (Country Club de Chapala),Fraccionamiento,Chapala,Jalisco,,Caliente,,,,,,,,,,,,,,,,,,,
45940,San Nicolás de Ibarra,Pueblo,Chapala,Jalisco,,Frio,,,,,,,,,,,,,,,,,,,
45940,Limón de Arriba,Ranchería,Chapala,Jalisco,,Frio,,,,,,,,,,,,,,,,,,,
45940,El Cerrito,Ranchería,Chapala,Jalisco,,Frio,,,,,,,,,,,,,,,,,,,
45943,Los Galápagos,Ranchería,Chapala,Jalisco,,Frio,,,,,,,,,,,,,,,,,,,
45943,Rancho los Colorines,Ranchería,Chapala,Jalisco,,Frio,,,,,,,,,,,,,,,,,,,
45943,San Isidro,Ranchería,Chapala,Jalisco,,Frio,,,,,,,,,,,,,,,,,,,
45944,Santa Cruz de La Soledad,Pueblo,Chapala,Jalisco,,Frio,,,,,,,,,,,,,,,,,,,
45944,El Molino,Ranchería,Chapala,Jalisco,,Frio,,,,,,,,,,,,,,,,,,,
45944,Los Sabinos,Ranchería,Chapala,Jalisco,,Frio,,,,,,,,,,,,,,,,,,,
45944,El Arco,Ranchería,Chapala,Jalisco,,Frio,,,,,,,,,,,,,,,,,,,
45945,Hacienda de la Labor,Ranchería,Chapala,Jalisco,,Frio,,,,,,,,,,,,,,,,,,,
45945,La Curva,Ranchería,Chapala,Jalisco,,Frio,,,,,,,,,,,,,,,,,,,
45945,Puerta Pesada,Ranchería,Chapala,Jalisco,,Frio,,,,,,,,,,,,,,,,,,,
45945,Arroyo Hondo,Ranchería,Chapala,Jalisco,,Frio,,,,,,,,,,,,,,,,,,,
45946,Ríos de Agua Viva,Ranchería,Chapala,Jalisco,,Frio,,,,,,,,,,,,,,,,,,,
45950,Poncitlán Centro,Colonia,Poncitlán,Jalisco,Poncitlán,Frio,,,,,,,,,,,,,,,,,,,
45954,Santa María,Colonia,Poncitlán,Jalisco,Poncitlán,Tibio,,,,,,,,,,,,,,,,,,,
45954,Olímpica,Colonia,Poncitlán,Jalisco,Poncitlán,Tibio,,,,,,,,,,,,,,,,,,,
45955,Bellavista,Colonia,Poncitlán,Jalisco,Poncitlán,Tibio,,,,,,,,,,,,,,,,,,,
45956,El Torila,Colonia,Poncitlán,Jalisco,Poncitlán,Tibio,,,,,,,,,,,,,,,,,,,
45957,El Santuario,Colonia,Poncitlán,Jalisco,Poncitlán,Tibio,,,,,,,,,,,,,,,,,,,
45957,Libertad,Colonia,Poncitlán,Jalisco,Poncitlán,Tibio,,,,,,,,,,,,,,,,,,,
45957,El Romereño (INFONAVIT),Colonia,Poncitlán,Jalisco,Poncitlán,Tibio,,,,,,,,,,,,,,,,,,,
45959,San Francisco,Colonia,Poncitlán,Jalisco,Poncitlán,Tibio,,,,,,,,,,,,,,,,,,,
45959,Patria,Colonia,Poncitlán,Jalisco,Poncitlán,Tibio,,,,,,,,,,,,,,,,,,,
45960,Santa Cruz El Grande,Pueblo,Poncitlán,Jalisco,,Frio,,,,,,,,,,,,,,,,,,,
45961,Agua Caliente,Ranchería,Poncitlán,Jalisco,,Frio,,,,,,,,,,,,,,,,,,,
45963,San Luis del Agua Caliente,Colonia,Poncitlán,Jalisco,,Tibio,,,,,,,,,,,,,,,,,,,
45964,El Mezquite,Colonia,Poncitlán,Jalisco,,Tibio,,,,,,,,,,,,,,,,,,,
45964,El Zapote,Ranchería,Poncitlán,Jalisco,,Frio,,,,,,,,,,,,,,,,,,,
45965,Los Naranjos,Fraccionamiento,Poncitlán,Jalisco,,Caliente,,,,,,,,,,,,,,,,,,,
45965,La Granjena,Colonia,Poncitlán,Jalisco,,Tibio,,,,,,,,,,,,,,,,,,,
45965,Cuitzeo (La Estancia),Pueblo,Poncitlán,Jalisco,,Frio,,,,,,,,,,,,,,,,,,,
45967,La Zapotera,Colonia,Poncitlán,Jalisco,,Tibio,,,,,,,,,,,,,,,,,,,
45967,Chalpicote,Colonia,Poncitlán,Jalisco,,Tibio,,,,,,,,,,,,,,,,,,,
45970,Cuesta de Mezcala,Colonia,Poncitlán,Jalisco,,Tibio,,,,,,,,,,,,,,,,,,,
45970,Mezcala,Pueblo,Poncitlán,Jalisco,,Frio,,,,,,,,,,,,,,,,,,,
45975,San Juan Tecomatlán,Pueblo,Poncitlán,Jalisco,,Frio,,,,,,,,,,,,,,,,,,,
45975,Tlachichilco del Carmen,Ranchería,Poncitlán,Jalisco,,Frio,,,,,,,,,,,,,,,,,,,
45976,Casa Blanca,Pueblo,Poncitlán,Jalisco,,Frio,,,,,,,,,,,,,,,,,,,
45976,San Jacinto,Pueblo,Poncitlán,Jalisco,,Frio,,,,,,,,,,,,,,,,,,,
45977,San José de Ornelas,Colonia,Poncitlán,Jalisco,,Tibio,,,,,,,,,,,,,,,,,,,
45977,San Miguel Zapotitlán,Pueblo,Poncitlán,Jalisco,,Frio,,,,,,,,,,,,,,,,,,,
45978,San Pedro Itzicán,Pueblo,Poncitlán,Jalisco,,Frio,,,,,,,,,,,,,,,,,,,
45979,San Sebastián,Pueblo,Poncitlán,Jalisco,,Frio,,,,,,,,,,,,,,,,,,,
45980,Zapotlan Del Rey,Pueblo,Zapotlán del Rey,Jalisco,,Frio,,,,,,,,,,,,,,,,,,,
45982,Potrero de Gómez,Congregación,Zapotlán del Rey,Jalisco,,Frio,,,,,,,,,,,,,,,,,,,
45982,Mesa de Amula,Congregación,Zapotlán del Rey,Jalisco,,Frio,,,,,,,,,,,,,,,,,,,
45983,El Sáuz,Ejido,Zapotlán del Rey,Jalisco,,Frio,,,,,,,,,,,,,,,,,,,
45983,La Víbora,Ranchería,Zapotlán del Rey,Jalisco,,Frio,,,,,,,,,,,,,,,,,,,
45984,Los Cerritos,Ranchería,Zapotlán del Rey,Jalisco,,Frio,,,,,,,,,,,,,,,,,,,
45986,La Noria (El Mirador),Ejido,Zapotlán del Rey,Jalisco,,Frio,,,,,,,,,,,,,,,,,,,
45986,Rancho Nuevo,Ranchería,Zapotlán del Rey,Jalisco,,Frio,,,,,,,,,,,,,,,,,,,
45987,Otatlan,Pueblo,Zapotlán del Rey,Jalisco,,Frio,,,,,,,,,,,,,,,,,,,
45988,Ahuatlan,Pueblo,Zapotlán del Rey,Jalisco,,Frio,,,,,,,,,,,,,,,,,,,
45990,Guadalupana,Colonia,Zapotlán del Rey,Jalisco,,Tibio,,,,,,,,,,,,,,,,,,,
45990,Santiago Totolimixpa,Pueblo,Zapotlán del Rey,Jalisco,,Frio,,,,,,,,,,,,,,,,,,,
45992,Tecualtitan,Pueblo,Zapotlán del Rey,Jalisco,,Frio,,,,,,,,,,,,,,,,,,,
45992,La Constancia,Ejido,Zapotlán del Rey,Jalisco,,Frio,,,,,,,,,,,,,,,,,,,
45993,Atzcatlán,Ranchería,Zapotlán del Rey,Jalisco,,Frio,,,,,,,,,,,,,,,,,,,
45994,La Colonia,Ejido,Zapotlán del Rey,Jalisco,,Frio,,,,,,,,,,,,,,,,,,,
45995,Chila,Ejido,Zapotlán del Rey,Jalisco,,Frio,,,,,,,,,,,,,,,,,,,
45996,El Platanar,Congregación,Zapotlán del Rey,Jalisco,,Frio,,,,,,,,,,,,,,,,,,,
45997,El Mirador,Ranchería,Zapotlán del Rey,Jalisco,,Frio,,,,,,,,,,,,,,,,,,,
45997,La Cañada,Congregación,Zapotlán del Rey,Jalisco,,Frio,,,,,,,,,,,,,,,,,,,
45998,Rincón de Chila,Ranchería,Zapotlán del Rey,Jalisco,,Frio,,,,,,,,,,,,,,,,,,,
46000,Huejuquilla El Alto Centro,Colonia,Huejuquilla el Alto,Jalisco,Huejuquilla el Alto,Frio,,,,,,,,,,,,,,,,,,,
46002,El Temachaco,Colonia,Huejuquilla el Alto,Jalisco,Huejuquilla el Alto,Tibio,,,,,,,,,,,,,,,,,,,
46003,El Aserradero,Colonia,Huejuquilla el Alto,Jalisco,Huejuquilla el Alto,Tibio,,,,,,,,,,,,,,,,,,,
46005,Independencia,Colonia,Huejuquilla el Alto,Jalisco,Huejuquilla el Alto,Tibio,,,,,,,,,,,,,,,,,,,
46005,El Techalote,Colonia,Huejuquilla el Alto,Jalisco,Huejuquilla el Alto,Tibio,,,,,,,,,,,,,,,,,,,
46006,Xitlali,Colonia,Huejuquilla el Alto,Jalisco,Huejuquilla el Alto,Tibio,,,,,,,,,,,,,,,,,,,
46007,Santa Cecilia,Colonia,Huejuquilla el Alto,Jalisco,Huejuquilla el Alto,Tibio,,,,,,,,,,,,,,,,,,,
46008,Los Laureles,Colonia,Huejuquilla el Alto,Jalisco,Huejuquilla el Alto,Tibio,,,,,,,,,,,,,,,,,,,
46009,Los Sauces,Colonia,Huejuquilla el Alto,Jalisco,Huejuquilla el Alto,Tibio,,,,,,,,,,,,,,,,,,,
46010,San José de Maderas,Ranchería,Huejuquilla el Alto,Jalisco,,Frio,,,,,,,,,,,,,,,,,,,
46012,El Zollate,Rancho,Huejuquilla el Alto,Jalisco,,Frio,,,,,,,,,,,,,,,,,,,
46013,Jimulco,Ranchería,Huejuquilla el Alto,Jalisco,,Frio,,,,,,,,,,,,,,,,,,,
46013,Colorado,Rancho,Huejuquilla el Alto,Jalisco,,Frio,,,,,,,,,,,,,,,,,,,
46014,Cerro Blanco,Rancho,Huejuquilla el Alto,Jalisco,,Frio,,,,,,,,,,,,,,,,,,,
46014,El Terrero,Rancho,Huejuquilla el Alto,Jalisco,,Frio,,,,,,,,,,,,,,,,,,,
46014,La Estancia de Arriba,Ranchería,Huejuquilla el Alto,Jalisco,,Frio,,,,,,,,,,,,,,,,,,,
46014,Los Zapotes,Ranchería,Huejuquilla el Alto,Jalisco,,Frio,,,,,,,,,,,,,,,,,,,
46014,San José de Orozco,Rancho,Huejuquilla el Alto,Jalisco,,Frio,,,,,,,,,,,,,,,,,,,
46015,Vallecito,Rancho,Huejuquilla el Alto,Jalisco,,Frio,,,,,,,,,,,,,,,,,,,
46015,Arroyos del Agua,Ranchería,Huejuquilla el Alto,Jalisco,,Frio,,,,,,,,,,,,,,,,,,,
46017,La Muralla,Rancho,Huejuquilla el Alto,Jalisco,,Frio,,,,,,,,,,,,,,,,,,,
46017,La Ordeña,Rancho,Huejuquilla el Alto,Jalisco,,Frio,,,,,,,,,,,,,,,,,,,
46017,Buenavista (El Tuerto),Rancho,Huejuquilla el Alto,Jalisco,,Frio,,,,,,,,,,,,,,,,,,,
46018,Ortega,Ranchería,Huejuquilla el Alto,Jalisco,,Frio,,,,,,,,,,,,,,,,,,,
46019,Mesa de Cristo,Rancho,Huejuquilla el Alto,Jalisco,,Frio,,,,,,,,,,,,,,,,,,,
46019,Bajío de Maderas,Rancho,Huejuquilla el Alto,Jalisco,,Frio,,,,,,,,,,,,,,,,,,,
46020,Margaritas,Ranchería,Huejuquilla el Alto,Jalisco,,Frio,,,,,,,,,,,,,,,,,,,
46022,El Carrizal,Rancho,Huejuquilla el Alto,Jalisco,,Frio,,,,,,,,,,,,,,,,,,,
46022,El Cedro,Rancho,Huejuquilla el Alto,Jalisco,,Frio,,,,,,,,,,,,,,,,,,,
46022,Los García,Rancho,Huejuquilla el Alto,Jalisco,,Frio,,,,,,,,,,,,,,,,,,,
46022,Los Mezquites,Rancho,Huejuquilla el Alto,Jalisco,,Frio,,,,,,,,,,,,,,,,,,,
46022,San Cayetano de los Landa,Rancho,Huejuquilla el Alto,Jalisco,,Frio,,,,,,,,,,,,,,,,,,,
46023,Las Granjas,Colonia,Huejuquilla el Alto,Jalisco,,Tibio,,,,,,,,,,,,,,,,,,,
46024,Ciénega de Pacheco,Ranchería,Huejuquilla el Alto,Jalisco,,Frio,,,,,,,,,,,,,,,,,,,
46024,La Boquilla,Rancho,Huejuquilla el Alto,Jalisco,,Frio,,,,,,,,,,,,,,,,,,,
46024,Salitre de Abajo,Ranchería,Huejuquilla el Alto,Jalisco,,Frio,,,,,,,,,,,,,,,,,,,
46024,Salitre de Arriba,Rancho,Huejuquilla el Alto,Jalisco,,Frio,,,,,,,,,,,,,,,,,,,
46025,Colomos de San Nicolás,Rancho,Huejuquilla el Alto,Jalisco,,Frio,,,,,,,,,,,,,,,,,,,
46025,Cuesta de Yugos,Rancho,Huejuquilla el Alto,Jalisco,,Frio,,,,,,,,,,,,,,,,,,,
46025,San Nicolás de Acuña,Ranchería,Huejuquilla el Alto,Jalisco,,Frio,,,,,,,,,,,,,,,,,,,
46029,Las Pilas,Ranchería,Huejuquilla el Alto,Jalisco,,Frio,,,,,,,,,,,,,,,,,,,
46029,El Sabino,Ranchería,Huejuquilla el Alto,Jalisco,,Frio,,,,,,,,,,,,,,,,,,,
46029,La Estancia de Abajo,Ranchería,Huejuquilla el Alto,Jalisco,,Frio,,,,,,,,,,,,,,,,,,,
46029,La Cofradía,Ranchería,Huejuquilla el Alto,Jalisco,,Frio,,,,,,,,,,,,,,,,,,,
46030,Rincón de San Vicente,Colonia,Huejuquilla el Alto,Jalisco,,Tibio,,,,,,,,,,,,,,,,,,,
46030,Cerro de Temachaco,Rancho,Huejuquilla el Alto,Jalisco,,Frio,,,,,,,,,,,,,,,,,,,
46030,Tenzompa,Pueblo,Huejuquilla el Alto,Jalisco,,Frio,,,,,,,,,,,,,,,,,,,
46034,Hatmasie,Colonia,Huejuquilla el Alto,Jalisco,,Tibio,,,,,,,,,,,,,,,,,,,
46036,Ciénega de Guadalupe,Rancho,Huejuquilla el Alto,Jalisco,,Frio,,,,,,,,,,,,,,,,,,,
46037,La Soledad,Pueblo,Huejuquilla el Alto,Jalisco,,Frio,,,,,,,,,,,,,,,,,,,
46037,Las Pilas,Rancho,Huejuquilla el Alto,Jalisco,,Frio,,,,,,,,,,,,,,,,,,,
46037,Los Llanos,Rancho,Huejuquilla el Alto,Jalisco,,Frio,,,,,,,,,,,,,,,,,,,
46040,El Vallado,Colonia,Mezquitic,Jalisco,,Tibio,,,,,,,,,,,,,,,,,,,
46040,Centro Mezquitic,Colonia,Mezquitic,Jalisco,,Frio,,,,,,,,,,,,,,,,,,,
46042,Las Bocas,Ranchería,Mezquitic,Jalisco,,Frio,,,,,,,,,,,,,,,,,,,
46042,San Juan de Navarrete,Ranchería,Mezquitic,Jalisco,,Frio,,,,,,,,,,,,,,,,,,,
46042,Ciénega Grande,Ranchería,Mezquitic,Jalisco,,Frio,,,,,,,,,,,,,,,,,,,
46042,Cerro Colorado,Ranchería,Mezquitic,Jalisco,,Frio,,,,,,,,,,,,,,,,,,,
46043,La Junta de Ríos,Rancho,Mezquitic,Jalisco,,Frio,,,,,,,,,,,,,,,,,,,
46043,Potrero de Navarrete,Rancho,Mezquitic,Jalisco,,Frio,,,,,,,,,,,,,,,,,,,
46043,Las Carreras,Ranchería,Mezquitic,Jalisco,,Frio,,,,,,,,,,,,,,,,,,,
46043,Minillas,Ranchería,Mezquitic,Jalisco,,Frio,,,,,,,,,,,,,,,,,,,
46044,Mesa del Fraile (Mesa de Guadalupe),Pueblo,Mezquitic,Jalisco,,Frio,,,,,,,,,,,,,,,,,,,
46045,El Mortero,Ranchería,Mezquitic,Jalisco,,Frio,,,,,,,,,,,,,,,,,,,
46047,Ocota (La Taberna),Rancho,Mezquitic,Jalisco,,Frio,,,,,,,,,,,,,,,,,,,
46047,Totuate,Ranchería,Mezquitic,Jalisco,,Frio,,,,,,,,,,,,,,,,,,,
46049,Jimulco,Rancho,Mezquitic,Jalisco,,Frio,,,,,,,,,,,,,,,,,,,
46049,Nostic,Pueblo,Mezquitic,Jalisco,,Frio,,,,,,,,,,,,,,,,,,,
46050,Pedernales,Ranchería,Mezquitic,Jalisco,,Frio,,,,,,,,,,,,,,,,,,,
46050,Santa Cruz,Rancho,Mezquitic,Jalisco,,Frio,,,,,,,,,,,,,,,,,,,
46050,Nueva Colonia,Ranchería,Mezquitic,Jalisco,,Frio,,,,,,,,,,,,,,,,,,,
46053,Chonacata,Rancho,Mezquitic,Jalisco,,Frio,,,,,,,,,,,,,,,,,,,
46055,La Calabacilla,Rancho,Mezquitic,Jalisco,,Frio,,,,,,,,,,,,,,,,,,,
46055,Las Guayabas,Rancho,Mezquitic,Jalisco,,Frio,,,,,,,,,,,,,,,,,,,
46056,Pueblo Nuevo,Ranchería,Mezquitic,Jalisco,,Frio,,,,,,,,,,,,,,,,,,,
46056,Mayehekwa Pueblo Nuevo 2,Ranchería,Mezquitic,Jalisco,,Frio,,,,,,,,,,,,,,,,,,,
46056,Santa Catarina,Ranchería,Mezquitic,Jalisco,,Frio,,,,,,,,,,,,,,,,,,,
46056,Soconita,Ranchería,Mezquitic,Jalisco,,Frio,,,,,,,,,,,,,,,,,,,
46057,Las Latas,Ranchería,Mezquitic,Jalisco,,Frio,,,,,,,,,,,,,,,,,,,
46057,Pochotita,Ranchería,Mezquitic,Jalisco,,Frio,,,,,,,,,,,,,,,,,,,
46057,Taimarita,Ranchería,Mezquitic,Jalisco,,Frio,,,,,,,,,,,,,,,,,,,
46060,Los Amoles (Bajío de los Amoles),Ranchería,Mezquitic,Jalisco,,Frio,,,,,,,,,,,,,,,,,,,
46063,El Venado,Ranchería,Mezquitic,Jalisco,,Frio,,,,,,,,,,,,,,,,,,,
46064,Tempeste,Rancho,Mezquitic,Jalisco,,Frio,,,,,,,,,,,,,,,,,,,
46065,Tesorero,Ranchería,Mezquitic,Jalisco,,Frio,,,,,,,,,,,,,,,,,,,
46065,Ocota de los Llanos,Ranchería,Mezquitic,Jalisco,,Frio,,,,,,,,,,,,,,,,,,,
46066,Rancho de la Relación,Rancho,Mezquitic,Jalisco,,Frio,,,,,,,,,,,,,,,,,,,
46067,San Sebastián Teponahuaxtlán,Pueblo,Mezquitic,Jalisco,,Frio,,,,,,,,,,,,,,,,,,,
46068,Carlos Rivera Aceves [Aserradero],Colonia,Mezquitic,Jalisco,,Frio,,,,,,,,,,,,,,,,,,,
46069,Agua Zarca,Rancho,Mezquitic,Jalisco,,Frio,,,,,,,,,,,,,,,,,,,
46070,Guamuchilillo,Ranchería,Mezquitic,Jalisco,,Frio,,,,,,,,,,,,,,,,,,,
46070,La Ciénega de Huaistita (Los Quesos),Pueblo,Mezquitic,Jalisco,,Frio,,,,,,,,,,,,,,,,,,,
46070,Los Lobos,Ranchería,Mezquitic,Jalisco,,Frio,,,,,,,,,,,,,,,,,,,
46070,Popotita,Ranchería,Mezquitic,Jalisco,,Frio,,,,,,,,,,,,,,,,,,,
46070,Rancho el Aguacate,Rancho,Mezquitic,Jalisco,,Frio,,,,,,,,,,,,,,,,,,,
46070,San Luis,Ranchería,Mezquitic,Jalisco,,Frio,,,,,,,,,,,,,,,,,,,
46070,San Luisito,Ranchería,Mezquitic,Jalisco,,Frio,,,,,,,,,,,,,,,,,,,
46070,San Miguel (San Miguel Huaixtita),Pueblo,Mezquitic,Jalisco,,Frio,,,,,,,,,,,,,,,,,,,
46070,Tecolote,Ranchería,Mezquitic,Jalisco,,Frio,,,,,,,,,,,,,,,,,,,
46070,Tempisque,Ranchería,Mezquitic,Jalisco,,Frio,,,,,,,,,,,,,,,,,,,
46070,Tierra Colorada,Ranchería,Mezquitic,Jalisco,,Frio,,,,,,,,,,,,,,,,,,,
46070,Tierras Blancas Huaistita,Rancho,Mezquitic,Jalisco,,Frio,,,,,,,,,,,,,,,,,,,
46072,Codorniz,Ranchería,Mezquitic,Jalisco,,Frio,,,,,,,,,,,,,,,,,,,
46072,El Chalate (Los Chalates),Pueblo,Mezquitic,Jalisco,,Frio,,,,,,,,,,,,,,,,,,,
46073,Bajío del Carrizal,Rancho,Mezquitic,Jalisco,,Frio,,,,,,,,,,,,,,,,,,,
46073,Campamento,Rancho,Mezquitic,Jalisco,,Frio,,,,,,,,,,,,,,,,,,,
46073,Carrizal,Ranchería,Mezquitic,Jalisco,,Frio,,,,,,,,,,,,,,,,,,,
46074,San Andrés Cohamiata,Pueblo,Mezquitic,Jalisco,,Frio,,,,,,,,,,,,,,,,,,,
46074,Cohamiata,Ranchería,Mezquitic,Jalisco,,Frio,,,,,,,,,,,,,,,,,,,
46074,Huanco de Cohamiata,Rancho,Mezquitic,Jalisco,,Frio,,,,,,,,,,,,,,,,,,,
46074,Las Guayabas,Rancho,Mezquitic,Jalisco,,Frio,,,,,,,,,,,,,,,,,,,
46075,Rancho del Aire,Rancho,Mezquitic,Jalisco,,Frio,,,,,,,,,,,,,,,,,,,
46075,El Mirador,Rancho,Mezquitic,Jalisco,,Frio,,,,,,,,,,,,,,,,,,,
46076,Santa Cruz,Rancho,Mezquitic,Jalisco,,Frio,,,,,,,,,,,,,,,,,,,
46076,Santa Gertrudis (Santa Cruz),Rancho,Mezquitic,Jalisco,,Frio,,,,,,,,,,,,,,,,,,,
46078,Amoltita Dos,Rancho,Mezquitic,Jalisco,,Frio,,,,,,,,,,,,,,,,,,,
46078,Techalotita,Rancho,Mezquitic,Jalisco,,Frio,,,,,,,,,,,,,,,,,,,
46080,La Laguna,Pueblo,Mezquitic,Jalisco,,Frio,,,,,,,,,,,,,,,,,,,
46083,El Tesorero,Rancho,Mezquitic,Jalisco,,Frio,,,,,,,,,,,,,,,,,,,
46083,San José el Tesorero,Ranchería,Mezquitic,Jalisco,,Frio,,,,,,,,,,,,,,,,,,,
46084,Águila Blanca,Rancho,Mezquitic,Jalisco,,Frio,,,,,,,,,,,,,,,,,,,
46084,El Cajón,Rancho,Mezquitic,Jalisco,,Frio,,,,,,,,,,,,,,,,,,,
46087,Rincón de San Vicente,Ranchería,Mezquitic,Jalisco,,Frio,,,,,,,,,,,,,,,,,,,
46100,Villa Guerrero Centro,Colonia,Villa Guerrero,Jalisco,,Frio,,,,,,,,,,,,,,,,,,,
46103,La Aviación,Colonia,Villa Guerrero,Jalisco,,Tibio,,,,,,,,,,,,,,,,,,,
46103,San Felipe,Colonia,Villa Guerrero,Jalisco,,Tibio,,,,,,,,,,,,,,,,,,,
46104,Nuevo,Colonia,Villa Guerrero,Jalisco,,Tibio,,,,,,,,,,,,,,,,,,,
46105,Estanco,Colonia,Villa Guerrero,Jalisco,,Tibio,,,,,,,,,,,,,,,,,,,
46105,Loma Bonita,Colonia,Villa Guerrero,Jalisco,,Tibio,,,,,,,,,,,,,,,,,,,
46106,Verde,Barrio,Villa Guerrero,Jalisco,,Tibio,,,,,,,,,,,,,,,,,,,
46106,Gasolinera,Colonia,Villa Guerrero,Jalisco,,Tibio,,,,,,,,,,,,,,,,,,,
46107,De la Rosa,Colonia,Villa Guerrero,Jalisco,,Tibio,,,,,,,,,,,,,,,,,,,
46109,Santa Cecilia,Colonia,Villa Guerrero,Jalisco,,Tibio,,,,,,,,,,,,,,,,,,,
46110,El Charco Largo,Rancho,Villa Guerrero,Jalisco,,Frio,,,,,,,,,,,,,,,,,,,
46110,El Patito,Rancho,Villa Guerrero,Jalisco,,Frio,,,,,,,,,,,,,,,,,,,
46110,El Plan,Rancho,Villa Guerrero,Jalisco,,Frio,,,,,,,,,,,,,,,,,,,
46110,Santa Rita,Ranchería,Villa Guerrero,Jalisco,,Frio,,,,,,,,,,,,,,,,,,,
46110,Tlacuitapan,Rancho,Villa Guerrero,Jalisco,,Frio,,,,,,,,,,,,,,,,,,,
46110,Zacatequillas,Rancho,Villa Guerrero,Jalisco,,Frio,,,,,,,,,,,,,,,,,,,
46110,Patáhuac (Patagua),Ranchería,Villa Guerrero,Jalisco,,Frio,,,,,,,,,,,,,,,,,,,
46112,El Carnicero,Rancho,Villa Guerrero,Jalisco,,Frio,,,,,,,,,,,,,,,,,,,
46112,La Nopalera (Arroyo de Agua),Rancho,Villa Guerrero,Jalisco,,Frio,,,,,,,,,,,,,,,,,,,
46113,Adjuntas del Norte,Rancho,Villa Guerrero,Jalisco,,Frio,,,,,,,,,,,,,,,,,,,
46114,Capellanía,Rancho,Villa Guerrero,Jalisco,,Frio,,,,,,,,,,,,,,,,,,,
46114,El Pirul,Rancho,Villa Guerrero,Jalisco,,Frio,,,,,,,,,,,,,,,,,,,
46114,Juanacatic,Rancho,Villa Guerrero,Jalisco,,Frio,,,,,,,,,,,,,,,,,,,
46114,La Boquilla,Rancho,Villa Guerrero,Jalisco,,Frio,,,,,,,,,,,,,,,,,,,
46114,La Labor,Rancho,Villa Guerrero,Jalisco,,Frio,,,,,,,,,,,,,,,,,,,
46114,Las Conchas (La Concha),Rancho,Villa Guerrero,Jalisco,,Frio,,,,,,,,,,,,,,,,,,,
46114,Ojo de Agua de Cardos,Ranchería,Villa Guerrero,Jalisco,,Frio,,,,,,,,,,,,,,,,,,,
46114,San Buenaventura,Rancho,Villa Guerrero,Jalisco,,Frio,,,,,,,,,,,,,,,,,,,
46114,Uribes,Ranchería,Villa Guerrero,Jalisco,,Frio,,,,,,,,,,,,,,,,,,,
46115,La Cofradía,Rancho,Villa Guerrero,Jalisco,,Frio,,,,,,,,,,,,,,,,,,,
46115,San Juan,Rancho,Villa Guerrero,Jalisco,,Frio,,,,,,,,,,,,,,,,,,,
46117,Los Sauces,Rancho,Villa Guerrero,Jalisco,,Frio,,,,,,,,,,,,,,,,,,,
46120,Izolta,Ranchería,Villa Guerrero,Jalisco,,Frio,,,,,,,,,,,,,,,,,,,
46120,San Lorenzo de Atzqueltán,Pueblo,Villa Guerrero,Jalisco,,Frio,,,,,,,,,,,,,,,,,,,
46123,Puerto del Viento,Rancho,Villa Guerrero,Jalisco,,Frio,,,,,,,,,,,,,,,,,,,
46123,De Enmedio (Manillas),Rancho,Villa Guerrero,Jalisco,,Frio,,,,,,,,,,,,,,,,,,,
46123,San Antonio,Rancho,Villa Guerrero,Jalisco,,Frio,,,,,,,,,,,,,,,,,,,
46124,El Limón,Rancho,Villa Guerrero,Jalisco,,Frio,,,,,,,,,,,,,,,,,,,
46126,Los Valles,Rancho,Villa Guerrero,Jalisco,,Frio,,,,,,,,,,,,,,,,,,,
46127,La Ciénega de los Márquez (La Ciénega),Rancho,Villa Guerrero,Jalisco,,Frio,,,,,,,,,,,,,,,,,,,
46127,La Guásima,Ranchería,Villa Guerrero,Jalisco,,Frio,,,,,,,,,,,,,,,,,,,
46130,El Tepec,Colonia,Bolaños,Jalisco,,Tibio,,,,,,,,,,,,,,,,,,,
46130,Centro de Bolaños,Colonia,Bolaños,Jalisco,,Frio,,,,,,,,,,,,,,,,,,,
46140,Huilacatitlán (Huila),Ranchería,Bolaños,Jalisco,,Frio,,,,,,,,,,,,,,,,,,,
46145,Agua Milpa de Abajo,Pueblo,Bolaños,Jalisco,,Frio,,,,,,,,,,,,,,,,,,,
46152,Tuxpan de Bolaños,Pueblo,Bolaños,Jalisco,,Frio,,,,,,,,,,,,,,,,,,,
46153,Los Cerritos,Rancho,Bolaños,Jalisco,,Frio,,,,,,,,,,,,,,,,,,,
46155,Los Corrales (Mesa del Tirador),Rancho,Bolaños,Jalisco,,Frio,,,,,,,,,,,,,,,,,,,
46157,Huizaista,Rancho,Bolaños,Jalisco,,Frio,,,,,,,,,,,,,,,,,,,
46170,Totatiche,Pueblo,Totatiche,Jalisco,,Frio,,,,,,,,,,,,,,,,,,,
46170,La Mezquitera,Colonia,Totatiche,Jalisco,,Tibio,,,,,,,,,,,,,,,,,,,
46174,Santa María de Gracia,Pueblo,Totatiche,Jalisco,,Frio,,,,,,,,,,,,,,,,,,,
46175,San Francisco,Ranchería,Totatiche,Jalisco,,Frio,,,,,,,,,,,,,,,,,,,
46176,Acaspulco,Ranchería,Totatiche,Jalisco,,Frio,,,,,,,,,,,,,,,,,,,
46177,Cartagena,Colonia,Totatiche,Jalisco,,Tibio,,,,,,,,,,,,,,,,,,,
46180,Temastián (La Cantera),Pueblo,Totatiche,Jalisco,,Frio,,,,,,,,,,,,,,,,,,,
46190,Agua Zarca,Ranchería,Totatiche,Jalisco,,Frio,,,,,,,,,,,,,,,,,,,
46194,Acatepulco,Ranchería,Totatiche,Jalisco,,Frio,,,,,,,,,,,,,,,,,,,
46196,Santa Rita,Ranchería,Totatiche,Jalisco,,Frio,,,,,,,,,,,,,,,,,,,
46197,La Cementera,Pueblo,Totatiche,Jalisco,,Frio,,,,,,,,,,,,,,,,,,,
46200,Colotlan Centro,Colonia,Colotlán,Jalisco,Colotlán,Frio,,,,,,,,,,,,,,,,,,,
46202,Tochopa,Colonia,Colotlán,Jalisco,Colotlán,Tibio,,,,,,,,,,,,,,,,,,,
46202,La Cantera,Barrio,Colotlán,Jalisco,Colotlán,Tibio,,,,,,,,,,,,,,,,,,,
46202,De la Arboleda,Fraccionamiento,Colotlán,Jalisco,Colotlán,Caliente,,,,,,,,,,,,,,,,,,,
46202,Del Bosque,Colonia,Colotlán,Jalisco,Colotlán,Tibio,,,,,,,,,,,,,,,,,,,
46203,Las Pilas,Colonia,Colotlán,Jalisco,Colotlán,Tibio,,,,,,,,,,,,,,,,,,,
46203,Chihuahua,Barrio,Colotlán,Jalisco,Colotlán,Tibio,,,,,,,,,,,,,,,,,,,
46204,Lomas de la Cruz,Colonia,Colotlán,Jalisco,Colotlán,Tibio,,,,,,,,,,,,,,,,,,,
46205,Rincón Verde,Fraccionamiento,Colotlán,Jalisco,Colotlán,Caliente,,,,,,,,,,,,,,,,,,,
46205,Lomas de Oriente,Colonia,Colotlán,Jalisco,Colotlán,Tibio,,,,,,,,,,,,,,,,,,,
46205,Las Golondrinas,Fraccionamiento,Colotlán,Jalisco,Colotlán,Caliente,,,,,,,,,,,,,,,,,,,
46206,El Pastor,Fraccionamiento,Colotlán,Jalisco,Colotlán,Caliente,,,,,,,,,,,,,,,,,,,
46206,Tlaxcala,Fraccionamiento,Colotlán,Jalisco,Colotlán,Caliente,,,,,,,,,,,,,,,,,,,
46206,Nuevo Tlaxcala,Fraccionamiento,Colotlán,Jalisco,Colotlán,Caliente,,,,,,,,,,,,,,,,,,,
46207,Acaponeta,Barrio,Colotlán,Jalisco,Colotlán,Tibio,,,,,,,,,,,,,,,,,,,
46208,Soyatitlán,Colonia,Colotlán,Jalisco,Colotlán,Tibio,,,,,,,,,,,,,,,,,,,
46210,Mesa de Flores,Ranchería,Colotlán,Jalisco,,Frio,,,,,,,,,,,,,,,,,,,
46225,Santiago Tlatelolco,Pueblo,Colotlán,Jalisco,,Frio,,,,,,,,,,,,,,,,,,,
46225,Canoas de Arriba,Ranchería,Colotlán,Jalisco,,Frio,,,,,,,,,,,,,,,,,,,
46227,El Epazote,Hacienda,Colotlán,Jalisco,,Frio,,,,,,,,,,,,,,,,,,,
46227,El Aguaje,Ranchería,Colotlán,Jalisco,,Frio,,,,,,,,,,,,,,,,,,,
46228,San Antonio de las Lajas,Ranchería,Colotlán,Jalisco,,Frio,,,,,,,,,,,,,,,,,,,
46230,El Carrizal,Congregación,Colotlán,Jalisco,,Frio,,,,,,,,,,,,,,,,,,,
46234,Agua Gorda,Ranchería,Colotlán,Jalisco,,Frio,,,,,,,,,,,,,,,,,,,
46235,San Rafael del Refugio,Ranchería,Colotlán,Jalisco,,Frio,,,,,,,,,,,,,,,,,,,
46235,San Francisco del Refugio,Ranchería,Colotlán,Jalisco,,Frio,,,,,,,,,,,,,,,,,,,
46236,Dolores,Ranchería,Colotlán,Jalisco,,Frio,,,,,,,,,,,,,,,,,,,
46236,Tulimic de Guadalupe,Ranchería,Colotlán,Jalisco,,Frio,,,,,,,,,,,,,,,,,,,
46236,Tulimic Del Rosario,Ranchería,Colotlán,Jalisco,,Frio,,,,,,,,,,,,,,,,,,,
46237,Los Veliz,Ranchería,Colotlán,Jalisco,,Frio,,,,,,,,,,,,,,,,,,,
46238,Ciénega de los Alejos,Ranchería,Colotlán,Jalisco,,Frio,,,,,,,,,,,,,,,,,,,
46239,San Nicolás,Ranchería,Colotlán,Jalisco,,Frio,,,,,,,,,,,,,,,,,,,
46240,Linda Vista,Colonia,Santa María de los Ángeles,Jalisco,,Tibio,,,,,,,,,,,,,,,,,,,
46240,Santa María de los Ángeles,Pueblo,Santa María de los Ángeles,Jalisco,,Frio,,,,,,,,,,,,,,,,,,,
46240,Barrio de Tapias,Colonia,Santa María de los Ángeles,Jalisco,,Tibio,,,,,,,,,,,,,,,,,,,
46243,La Boquilla de Zaragoza (La Boquilla),Ranchería,Santa María de los Ángeles,Jalisco,,Frio,,,,,,,,,,,,,,,,,,,
46245,Las Animas,Ranchería,Santa María de los Ángeles,Jalisco,,Frio,,,,,,,,,,,,,,,,,,,
46248,Las Liebres,Ranchería,Santa María de los Ángeles,Jalisco,,Frio,,,,,,,,,,,,,,,,,,,
46249,El Fraile,Ranchería,Santa María de los Ángeles,Jalisco,,Frio,,,,,,,,,,,,,,,,,,,
46250,San José de Huacasco,Colonia,Santa María de los Ángeles,Jalisco,,Tibio,,,,,,,,,,,,,,,,,,,
46255,Sáuz de los Marquez,Ejido,Santa María de los Ángeles,Jalisco,,Frio,,,,,,,,,,,,,,,,,,,
46256,Tenasco de Arriba,Ranchería,Santa María de los Ángeles,Jalisco,,Frio,,,,,,,,,,,,,,,,,,,
46259,Veintiuno de Marzo (La Hiedrita),Colonia,Santa María de los Ángeles,Jalisco,,Tibio,,,,,,,,,,,,,,,,,,,
46260,Los Pocitos,Colonia,Huejúcar,Jalisco,,Tibio,,,,,,,,,,,,,,,,,,,
46260,Huejúcar,Pueblo,Huejúcar,Jalisco,,Frio,,,,,,,,,,,,,,,,,,,
46270,San José de los Márquez,Ranchería,Huejúcar,Jalisco,,Frio,,,,,,,,,,,,,,,,,,,
46276,Achimec,Ranchería,Huejúcar,Jalisco,,Frio,,,,,,,,,,,,,,,,,,,
46280,La Mesa de María de León,Ranchería,Huejúcar,Jalisco,,Frio,,,,,,,,,,,,,,,,,,,
46281,Las Bocas,Ranchería,Huejúcar,Jalisco,,Frio,,,,,,,,,,,,,,,,,,,
46282,San Rafael de Díaz,Ranchería,Huejúcar,Jalisco,,Frio,,,,,,,,,,,,,,,,,,,
46288,Las Huertas,Ranchería,Huejúcar,Jalisco,,Frio,,,,,,,,,,,,,,,,,,,
46290,Tlalcosahua,Pueblo,Huejúcar,Jalisco,,Frio,,,,,,,,,,,,,,,,,,,
46299,Ciénega Grande,Ranchería,Huejúcar,Jalisco,,Frio,,,,,,,,,,,,,,,,,,,
46300,Chimaltitán,Pueblo,Chimaltitán,Jalisco,,Frio,,,,,,,,,,,,,,,,,,,
46305,Agua Caliente,Ranchería,Chimaltitán,Jalisco,,Frio,,,,,,,,,,,,,,,,,,,
46310,Cocuasco,Ranchería,Chimaltitán,Jalisco,,Frio,,,,,,,,,,,,,,,,,,,
46315,Guadalupe,Rancho,Chimaltitán,Jalisco,,Frio,,,,,,,,,,,,,,,,,,,
46315,Los Cerritos,Ranchería,Chimaltitán,Jalisco,,Frio,,,,,,,,,,,,,,,,,,,
46325,San Juan de los Potreros,Pueblo,Chimaltitán,Jalisco,,Frio,,,,,,,,,,,,,,,,,,,
46330,Tepizuac,Ranchería,Chimaltitán,Jalisco,,Frio,,,,,,,,,,,,,,,,,,,
46350,San Martin de Bolaños,Pueblo,San Martín de Bolaños,Jalisco,,Frio,,,,,,,,,,,,,,,,,,,
46360,El Platanar,Ranchería,San Martín de Bolaños,Jalisco,,Frio,,,,,,,,,,,,,,,,,,,
46370,La Joya,Ranchería,San Martín de Bolaños,Jalisco,,Frio,,,,,,,,,,,,,,,,,,,
46380,San Miguel,Ranchería,San Martín de Bolaños,Jalisco,,Frio,,,,,,,,,,,,,,,,,,,
46385,Agua Caliente,Ranchería,San Martín de Bolaños,Jalisco,,Frio,,,,,,,,,,,,,,,,,,,
46386,El Platanito,Ranchería,San Martín de Bolaños,Jalisco,,Frio,,,,,,,,,,,,,,,,,,,
46400,Tequila Centro,Colonia,Tequila,Jalisco,Tequila,Frio,,,,,,,,,,,,,,,,,,,
46400,El Ranchito,Colonia,Tequila,Jalisco,Tequila,Tibio,,,,,,,,,,,,,,,,,,,
46402,IPROVIPE I (El Camichín),Fraccionamiento,Tequila,Jalisco,Tequila,Caliente,,,,,,,,,,,,,,,,,,,
46402,Mayahuel,Colonia,Tequila,Jalisco,Tequila,Caliente,,,,,,,,,,,,,,,,,,,
46402,Josefa Ortíz de Domínguez,Colonia,Tequila,Jalisco,Tequila,Tibio,,,,,,,,,,,,,,,,,,,
46402,La Escondida,Colonia,Tequila,Jalisco,Tequila,Tibio,,,,,,,,,,,,,,,,,,,
46402,El Cerrito,Colonia,Tequila,Jalisco,Tequila,Tibio,,,,,,,,,,,,,,,,,,,
46402,Obrera,Colonia,Tequila,Jalisco,Tequila,Tibio,,,,,,,,,,,,,,,,,,,
46402,Pino Suárez,Colonia,Tequila,Jalisco,Tequila,Tibio,,,,,,,,,,,,,,,,,,,
46402,INFONAVIT,Colonia,Tequila,Jalisco,Tequila,Tibio,,,,,,,,,,,,,,,,,,,
46402,Potrero de la Mula (Luis Donaldo Colosio),Colonia,Tequila,Jalisco,Tequila,Tibio,,,,,,,,,,,,,,,,,,,
46403,Miguel de la Madrid,Colonia,Tequila,Jalisco,Tequila,Tibio,,,,,,,,,,,,,,,,,,,
46403,Colinas del Rosario,Colonia,Tequila,Jalisco,Tequila,Frio,,,,,,,,,,,,,,,,,,,
46403,La Estación,Colonia,Tequila,Jalisco,Tequila,Tibio,,,,,,,,,,,,,,,,,,,
46403,Cofradía,Colonia,Tequila,Jalisco,Tequila,Tibio,,,,,,,,,,,,,,,,,,,
46403,Ojo de Agua,Colonia,Tequila,Jalisco,Tequila,Tibio,,,,,,,,,,,,,,,,,,,
46403,El Maluaste,Colonia,Tequila,Jalisco,Tequila,Tibio,,,,,,,,,,,,,,,,,,,
46403,El Rosario,Colonia,Tequila,Jalisco,Tequila,Tibio,,,,,,,,,,,,,,,,,,,
46403,La Mezcalera,Colonia,Tequila,Jalisco,Tequila,Tibio,,,,,,,,,,,,,,,,,,,
46403,Lomas del Paraíso,Colonia,Tequila,Jalisco,Tequila,Caliente,,,,,,,,,,,,,,,,,,,
46403,El Tezcalame,Colonia,Tequila,Jalisco,Tequila,Tibio,,,,,,,,,,,,,,,,,,,
46403,Santa Cruz de los Espinos,Colonia,Tequila,Jalisco,Tequila,Tibio,,,,,,,,,,,,,,,,,,,
46403,Sauza,Colonia,Tequila,Jalisco,Tequila,Tibio,,,,,,,,,,,,,,,,,,,
46404,La Villita,Colonia,Tequila,Jalisco,Tequila,Tibio,,,,,,,,,,,,,,,,,,,
46404,Chulavista,Colonia,Tequila,Jalisco,Tequila,Caliente,,,,,,,,,,,,,,,,,,,
46404,Ex Hacienda de Abajo,Colonia,Tequila,Jalisco,Tequila,Tibio,,,,,,,,,,,,,,,,,,,
46404,El Trapiche,Colonia,Tequila,Jalisco,Tequila,Tibio,,,,,,,,,,,,,,,,,,,
46405,Potrero de los Rivera,Ranchería,Tequila,Jalisco,,Frio,,,,,,,,,,,,,,,,,,,
46407,Santa Ana (Las Ánimas),Colonia,Tequila,Jalisco,,Tibio,,,,,,,,,,,,,,,,,,,
46407,El Medineño,Ejido,Tequila,Jalisco,,Frio,,,,,,,,,,,,,,,,,,,
46407,La Noria,Ranchería,Tequila,Jalisco,,Frio,,,,,,,,,,,,,,,,,,,
46408,El Olvido,Ranchería,Tequila,Jalisco,,Frio,,,,,,,,,,,,,,,,,,,
46408,El Salvador,Pueblo,Tequila,Jalisco,,Frio,,,,,,,,,,,,,,,,,,,
46409,La Puerta de San Pedro (La Puerta de Enmedio),Colonia,Tequila,Jalisco,,Tibio,,,,,,,,,,,,,,,,,,,
46409,San Martin de las Cañas,Ejido,Tequila,Jalisco,,Frio,,,,,,,,,,,,,,,,,,,
46409,Santa Teresa,Ejido,Tequila,Jalisco,,Frio,,,,,,,,,,,,,,,,,,,
46409,Tapexco,Ranchería,Tequila,Jalisco,,Frio,,,,,,,,,,,,,,,,,,,
46420,Jalpilla,Ranchería,Tequila,Jalisco,,Frio,,,,,,,,,,,,,,,,,,,
46420,Santo Domingo,Ranchería,Tequila,Jalisco,,Frio,,,,,,,,,,,,,,,,,,,
46430,San Pedro Analco,Pueblo,Tequila,Jalisco,,Frio,,,,,,,,,,,,,,,,,,,
46433,Tuitan,Ejido,Tequila,Jalisco,,Frio,,,,,,,,,,,,,,,,,,,
46440,Hostotipaquillo,Pueblo,Hostotipaquillo,Jalisco,,Frio,,,,,,,,,,,,,,,,,,,
46445,Santo Domingo de Guzmán,Ejido,Hostotipaquillo,Jalisco,,Frio,,,,,,,,,,,,,,,,,,,
46446,La Venta de Mochitiltic,Ejido,Hostotipaquillo,Jalisco,,Frio,,,,,,,,,,,,,,,,,,,
46448,El Tequesquite,Congregación,Hostotipaquillo,Jalisco,,Frio,,,,,,,,,,,,,,,,,,,
46448,Santo Tomas,Ejido,Hostotipaquillo,Jalisco,,Frio,,,,,,,,,,,,,,,,,,,
46450,Cinco Minas,Ejido,Hostotipaquillo,Jalisco,,Frio,,,,,,,,,,,,,,,,,,,
46454,El Llano de los Vela,Ejido,Hostotipaquillo,Jalisco,,Frio,,,,,,,,,,,,,,,,,,,
46455,Labor de Guadalupe,Ejido,Hostotipaquillo,Jalisco,,Frio,,,,,,,,,,,,,,,,,,,
46457,Sayulimita,Ejido,Hostotipaquillo,Jalisco,,Frio,,,,,,,,,,,,,,,,,,,
46460,Estación Barrancas,Colonia,Hostotipaquillo,Jalisco,,Tibio,,,,,,,,,,,,,,,,,,,
46460,Plan de Barrancas,Ranchería,Hostotipaquillo,Jalisco,,Frio,,,,,,,,,,,,,,,,,,,
46463,El Carrizo,Ranchería,Hostotipaquillo,Jalisco,,Frio,,,,,,,,,,,,,,,,,,,
46466,Mesa de Flores,Pueblo,Hostotipaquillo,Jalisco,,Frio,,,,,,,,,,,,,,,,,,,
46470,Magdalena Centro,Colonia,Magdalena,Jalisco,Magdalena,Frio,,,,,,,,,,,,,,,,,,,
46472,Lindavista,Colonia,Magdalena,Jalisco,Magdalena,Tibio,,,,,,,,,,,,,,,,,,,
46472,Nueva Xochiltepec,Colonia,Magdalena,Jalisco,Magdalena,Tibio,,,,,,,,,,,,,,,,,,,
46472,Miguel Hidalgo,Colonia,Magdalena,Jalisco,Magdalena,Tibio,,,,,,,,,,,,,,,,,,,
46473,Rinconada Casa Blanca,Fraccionamiento,Magdalena,Jalisco,Magdalena,Caliente,,,,,,,,,,,,,,,,,,,
46473,La Nogalera,Colonia,Magdalena,Jalisco,Magdalena,Tibio,,,,,,,,,,,,,,,,,,,
46473,Los Espinos,Colonia,Magdalena,Jalisco,Magdalena,Tibio,,,,,,,,,,,,,,,,,,,
46473,La Cañita,Colonia,Magdalena,Jalisco,Magdalena,Tibio,,,,,,,,,,,,,,,,,,,
46474,Cerrito,Colonia,Magdalena,Jalisco,Magdalena,Tibio,,,,,,,,,,,,,,,,,,,
46474,Estación,Colonia,Magdalena,Jalisco,Magdalena,Tibio,,,,,,,,,,,,,,,,,,,
46474,Caballito,Colonia,Magdalena,Jalisco,Magdalena,Tibio,,,,,,,,,,,,,,,,,,,
46474,Las Matas,Colonia,Magdalena,Jalisco,Magdalena,Tibio,,,,,,,,,,,,,,,,,,,
46474,Santuario,Colonia,Magdalena,Jalisco,Magdalena,Tibio,,,,,,,,,,,,,,,,,,,
46475,San Andrés,Ejido,Magdalena,Jalisco,,Frio,,,,,,,,,,,,,,,,,,,
46480,La Quemada,Ranchería,Magdalena,Jalisco,,Frio,,,,,,,,,,,,,,,,,,,
46488,Ojo Zarco,Ranchería,Magdalena,Jalisco,,Frio,,,,,,,,,,,,,,,,,,,
46489,San Simón,Ranchería,Magdalena,Jalisco,,Frio,,,,,,,,,,,,,,,,,,,
46490,La Joya,Ejido,Magdalena,Jalisco,,Frio,,,,,,,,,,,,,,,,,,,
46495,Huizizilapan,Hacienda,Magdalena,Jalisco,,Frio,,,,,,,,,,,,,,,,,,,
46500,Etzatlán Centro,Colonia,Etzatlán,Jalisco,Etzatlán,Frio,,,,,,,,,,,,,,,,,,,
46500,Magisterial,Fraccionamiento,Etzatlán,Jalisco,Etzatlán,Caliente,,,,,,,,,,,,,,,,,,,
46500,Loma Bonita,Colonia,Etzatlán,Jalisco,Etzatlán,Tibio,,,,,,,,,,,,,,,,,,,
46500,Everardo Topete,Colonia,Etzatlán,Jalisco,Etzatlán,Tibio,,,,,,,,,,,,,,,,,,,
46500,San Juan,Colonia,Etzatlán,Jalisco,Etzatlán,Tibio,,,,,,,,,,,,,,,,,,,
46500,Loma Dorada,Colonia,Etzatlán,Jalisco,Etzatlán,Caliente,,,,,,,,,,,,,,,,,,,
46506,Palo Verde,Fraccionamiento,Etzatlán,Jalisco,Etzatlán,Caliente,,,,,,,,,,,,,,,,,,,
46520,La Mazata,Ranchería,Etzatlán,Jalisco,,Frio,,,,,,,,,,,,,,,,,,,
46525,Santa Rosalía,Ranchería,Etzatlán,Jalisco,,Frio,,,,,,,,,,,,,,,,,,,
46525,San Sebastián,Exhacienda,Etzatlán,Jalisco,,Frio,,,,,,,,,,,,,,,,,,,
46530,Oconahua,Pueblo,Etzatlán,Jalisco,,Frio,,,,,,,,,,,,,,,,,,,
46530,San Rafael (Hacienda de San Rafael),Colonia,Etzatlán,Jalisco,,Frio,,,,,,,,,,,,,,,,,,,
46532,Puerta de Pericos (Tlachichilco),Ranchería,Etzatlán,Jalisco,,Frio,,,,,,,,,,,,,,,,,,,
46540,San Marcos,Pueblo,San Marcos,Jalisco,,Frio,,,,,,,,,,,,,,,,,,,
46545,La Puerta del Coche,Ranchería,San Marcos,Jalisco,,Frio,,,,,,,,,,,,,,,,,,,
46560,Antonio Escobedo,Pueblo,San Juanito de Escobedo,Jalisco,,Frio,,,,,,,,,,,,,,,,,,,
46560,Vista Hermosa,Colonia,San Juanito de Escobedo,Jalisco,,Tibio,,,,,,,,,,,,,,,,,,,
46560,Campo Santo,Colonia,San Juanito de Escobedo,Jalisco,,Tibio,,,,,,,,,,,,,,,,,,,
46560,Lázaro Cárdenas,Colonia,San Juanito de Escobedo,Jalisco,,Tibio,,,,,,,,,,,,,,,,,,,
46565,La Estancita,Ejido,San Juanito de Escobedo,Jalisco,,Frio,,,,,,,,,,,,,,,,,,,
46566,La Providencia (Cantarranas),Ejido,San Juanito de Escobedo,Jalisco,,Frio,,,,,,,,,,,,,,,,,,,
46570,El Trapiche,Ranchería,San Juanito de Escobedo,Jalisco,,Frio,,,,,,,,,,,,,,,,,,,
46572,La Estancia de Ayones,Ejido,San Juanito de Escobedo,Jalisco,,Frio,,,,,,,,,,,,,,,,,,,
46573,Santiaguito,Ranchería,San Juanito de Escobedo,Jalisco,,Frio,,,,,,,,,,,,,,,,,,,
46574,El Azafrán,Ejido,San Juanito de Escobedo,Jalisco,,Frio,,,,,,,,,,,,,,,,,,,
46580,San Pedro,Ejido,San Juanito de Escobedo,Jalisco,,Frio,,,,,,,,,,,,,,,,,,,
46600,Ameca Centro,Colonia,Ameca,Jalisco,Ameca,Frio,,,,,,,,,,,,,,,,,,,
46614,Estación,Colonia,Ameca,Jalisco,Ameca,Tibio,,,,,,,,,,,,,,,,,,,
46615,Las Victorias,Fraccionamiento,Ameca,Jalisco,Ameca,Caliente,,,,,,,,,,,,,,,,,,,
46615,Guadalupana,Colonia,Ameca,Jalisco,Ameca,Tibio,,,,,,,,,,,,,,,,,,,
46615,Valle Magno,Fraccionamiento,Ameca,Jalisco,Ameca,Caliente,,,,,,,,,,,,,,,,,,,
46615,El Brillante,Fraccionamiento,Ameca,Jalisco,Ameca,Caliente,,,,,,,,,,,,,,,,,,,
46616,Arboledas,Colonia,Ameca,Jalisco,Ameca,Tibio,,,,,,,,,,,,,,,,,,,
46616,Tepeyac,Colonia,Ameca,Jalisco,Ameca,Tibio,,,,,,,,,,,,,,,,,,,
46616,La Ciénega,Colonia,Ameca,Jalisco,Ameca,Frio,,,,,,,,,,,,,,,,,,,
46620,El Porvenir,Fraccionamiento,Ameca,Jalisco,Ameca,Caliente,,,,,,,,,,,,,,,,,,,
46620,Jardines de Guadalupe,Colonia,Ameca,Jalisco,Ameca,Tibio,,,,,,,,,,,,,,,,,,,
46620,Las Margaritas,Colonia,Ameca,Jalisco,Ameca,Tibio,,,,,,,,,,,,,,,,,,,
46620,San Francisco,Colonia,Ameca,Jalisco,Ameca,Tibio,,,,,,,,,,,,,,,,,,,
46620,El Rocío,Colonia,Ameca,Jalisco,Ameca,Tibio,,,,,,,,,,,,,,,,,,,
46620,Obrera,Colonia,Ameca,Jalisco,Ameca,Tibio,,,,,,,,,,,,,,,,,,,
46620,Los Mezquites,Fraccionamiento,Ameca,Jalisco,Ameca,Caliente,,,,,,,,,,,,,,,,,,,
46626,Los Ángeles,Colonia,Ameca,Jalisco,Ameca,Tibio,,,,,,,,,,,,,,,,,,,
46626,Del Carmen,Colonia,Ameca,Jalisco,Ameca,Tibio,,,,,,,,,,,,,,,,,,,
46627,Municipal,Colonia,Ameca,Jalisco,Ameca,Tibio,,,,,,,,,,,,,,,,,,,
46627,Huerta de Morales,Colonia,Ameca,Jalisco,Ameca,Tibio,,,,,,,,,,,,,,,,,,,
46630,La Huerta,Colonia,Ameca,Jalisco,Ameca,Tibio,,,,,,,,,,,,,,,,,,,
46640,32°Batallón de Infantería,Zona federal,Ameca,Jalisco,Ameca,Frio,,,,,,,,,,,,,,,,,,,
46640,San Isidro,Colonia,Ameca,Jalisco,Ameca,Tibio,,,,,,,,,,,,,,,,,,,
46640,Azteca,Colonia,Ameca,Jalisco,Ameca,Tibio,,,,,,,,,,,,,,,,,,,
46640,El Manantial,Colonia,Ameca,Jalisco,Ameca,Tibio,,,,,,,,,,,,,,,,,,,
46649,Providencia,Colonia,Ameca,Jalisco,Ameca,Tibio,,,,,,,,,,,,,,,,,,,
46649,Rancho Corona,Colonia,Ameca,Jalisco,Ameca,Tibio,,,,,,,,,,,,,,,,,,,
46649,Las Higueritas,Colonia,Ameca,Jalisco,Ameca,Tibio,,,,,,,,,,,,,,,,,,,
46649,La Ladrillera,Colonia,Ameca,Jalisco,Ameca,Frio,,,,,,,,,,,,,,,,,,,
46649,Niños Héroes,Colonia,Ameca,Jalisco,Ameca,Tibio,,,,,,,,,,,,,,,,,,,
46649,La Reyna,Colonia,Ameca,Jalisco,Ameca,Tibio,,,,,,,,,,,,,,,,,,,
46680,Esperanza,Colonia,Ameca,Jalisco,Ameca,Tibio,,,,,,,,,,,,,,,,,,,
46686,México,Colonia,Ameca,Jalisco,Ameca,Tibio,,,,,,,,,,,,,,,,,,,
46686,Revolución,Colonia,Ameca,Jalisco,Ameca,Tibio,,,,,,,,,,,,,,,,,,,
46686,Santa Cecilia,Colonia,Ameca,Jalisco,Ameca,Tibio,,,,,,,,,,,,,,,,,,,
46687,El Santuario,Colonia,Ameca,Jalisco,Ameca,Tibio,,,,,,,,,,,,,,,,,,,
46688,Los Naranjos,Colonia,Ameca,Jalisco,Ameca,Tibio,,,,,,,,,,,,,,,,,,,
46689,La Loma,Colonia,Ameca,Jalisco,Ameca,Tibio,,,,,,,,,,,,,,,,,,,
46700,Labor de Solís,Colonia,Ameca,Jalisco,,Frio,,,,,,,,,,,,,,,,,,,
46700,Los Pocitos,Ranchería,Ameca,Jalisco,,Frio,,,,,,,,,,,,,,,,,,,
46700,San Antonio Matute,Pueblo,Ameca,Jalisco,,Frio,,,,,,,,,,,,,,,,,,,
46706,La Higuera,Colonia,Ameca,Jalisco,,Frio,,,,,,,,,,,,,,,,,,,
46707,El Cuis (El Tasajo),Ranchería,Ameca,Jalisco,,Frio,,,,,,,,,,,,,,,,,,,
46707,El Cerrito Del Cuis,Ranchería,Ameca,Jalisco,,Frio,,,,,,,,,,,,,,,,,,,
46707,San Miguel,Colonia,Ameca,Jalisco,,Frio,,,,,,,,,,,,,,,,,,,
46708,Caimanero (El Quelite),Ranchería,Ameca,Jalisco,,Frio,,,,,,,,,,,,,,,,,,,
46709,Las Paredes,Ranchería,Ameca,Jalisco,,Frio,,,,,,,,,,,,,,,,,,,
46710,San Antonio Puerta de la Vega,Pueblo,Ameca,Jalisco,,Frio,,,,,,,,,,,,,,,,,,,
46715,Buenos Aires,Ranchería,Ameca,Jalisco,,Frio,,,,,,,,,,,,,,,,,,,
46715,Don Martin,Ranchería,Ameca,Jalisco,,Frio,,,,,,,,,,,,,,,,,,,
46715,El Portezuelo,Ranchería,Ameca,Jalisco,,Frio,,,,,,,,,,,,,,,,,,,
46716,Arroyo Hondo,Colonia,Ameca,Jalisco,,Frio,,,,,,,,,,,,,,,,,,,
46716,San Nicolás,Colonia,Ameca,Jalisco,,Frio,,,,,,,,,,,,,,,,,,,
46717,Las Pilas,Ranchería,Ameca,Jalisco,,Frio,,,,,,,,,,,,,,,,,,,
46718,Los Morillos,Colonia,Ameca,Jalisco,,Frio,,,,,,,,,,,,,,,,,,,
46718,Jayamitla (Colmenar),Ranchería,Ameca,Jalisco,,Frio,,,,,,,,,,,,,,,,,,,
46718,La Villita,Congregación,Ameca,Jalisco,,Frio,,,,,,,,,,,,,,,,,,,
46718,Malpasito,Ranchería,Ameca,Jalisco,,Frio,,,,,,,,,,,,,,,,,,,
46718,Malpaso de la Pequeña,Ranchería,Ameca,Jalisco,,Frio,,,,,,,,,,,,,,,,,,,
46719,La Pareja,Ranchería,Ameca,Jalisco,,Frio,,,,,,,,,,,,,,,,,,,
46719,Lagunillas,Colonia,Ameca,Jalisco,,Frio,,,,,,,,,,,,,,,,,,,
46719,Las Raíces,Ranchería,Ameca,Jalisco,,Frio,,,,,,,,,,,,,,,,,,,
46719,Queixpan,Ranchería,Ameca,Jalisco,,Frio,,,,,,,,,,,,,,,,,,,
46720,San Ignacio,Colonia,Ameca,Jalisco,,Frio,,,,,,,,,,,,,,,,,,,
46723,Mesa de Ramos,Ranchería,Ameca,Jalisco,,Frio,,,,,,,,,,,,,,,,,,,
46724,La Calera de Abajo,Colonia,Ameca,Jalisco,,Frio,,,,,,,,,,,,,,,,,,,
46724,La Calera de Arriba,Colonia,Ameca,Jalisco,,Frio,,,,,,,,,,,,,,,,,,,
46725,El Cabezón (El Limón),Pueblo,Ameca,Jalisco,,Frio,,,,,,,,,,,,,,,,,,,
46726,La Huerta de San Javier,Ranchería,Ameca,Jalisco,,Frio,,,,,,,,,,,,,,,,,,,
46726,Los Amiales,Ranchería,Ameca,Jalisco,,Frio,,,,,,,,,,,,,,,,,,,
46726,Villa Hermosa,Colonia,Ameca,Jalisco,,Frio,,,,,,,,,,,,,,,,,,,
46728,Altavista de Ramos,Colonia,Ameca,Jalisco,,Frio,,,,,,,,,,,,,,,,,,,
46728,La Cantería,Granja,Ameca,Jalisco,,Frio,,,,,,,,,,,,,,,,,,,
46728,El Sabino,Colonia,Ameca,Jalisco,,Frio,,,,,,,,,,,,,,,,,,,
46728,La Coronilla,Ranchería,Ameca,Jalisco,,Frio,,,,,,,,,,,,,,,,,,,
46728,Santa Maria de La Huerta,Ranchería,Ameca,Jalisco,,Frio,,,,,,,,,,,,,,,,,,,
46728,El Texcalame,Pueblo,Ameca,Jalisco,,Frio,,,,,,,,,,,,,,,,,,,
46728,El Magistral,Ranchería,Ameca,Jalisco,,Frio,,,,,,,,,,,,,,,,,,,
46729,El Naranjo (La Gigantera),Colonia,Ameca,Jalisco,,Frio,,,,,,,,,,,,,,,,,,,
46729,La Nueva Cantería (El Pochote),Colonia,Ameca,Jalisco,,Frio,,,,,,,,,,,,,,,,,,,
46729,El Saucillo,Ranchería,Ameca,Jalisco,,Frio,,,,,,,,,,,,,,,,,,,
46729,El Zoquite,Ranchería,Ameca,Jalisco,,Frio,,,,,,,,,,,,,,,,,,,
46729,Los Pilares,Colonia,Ameca,Jalisco,,Frio,,,,,,,,,,,,,,,,,,,
46730,FONHAPO,Fraccionamiento,Ahualulco de Mercado,Jalisco,Ahualulco de Mercado,Caliente,,,,,,,,,,,,,,,,,,,
46730,Ahualulco de Mercado Centro,Colonia,Ahualulco de Mercado,Jalisco,Ahualulco de Mercado,Caliente,,,,,,,,,,,,,,,,,,,
46732,Villas del Sol,Colonia,Ahualulco de Mercado,Jalisco,Ahualulco de Mercado,Caliente,,,,,,,,,,,,,,,,,,,
46732,Fausto Quintero,Colonia,Ahualulco de Mercado,Jalisco,Ahualulco de Mercado,Tibio,,,,,,,,,,,,,,,,,,,
46732,Los Cascos,Colonia,Ahualulco de Mercado,Jalisco,Ahualulco de Mercado,Tibio,,,,,,,,,,,,,,,,,,,
46732,La Primavera,Colonia,Ahualulco de Mercado,Jalisco,Ahualulco de Mercado,Tibio,,,,,,,,,,,,,,,,,,,
46732,Providencia,Colonia,Ahualulco de Mercado,Jalisco,Ahualulco de Mercado,Tibio,,,,,,,,,,,,,,,,,,,
46733,La Cofradía,Colonia,Ahualulco de Mercado,Jalisco,Ahualulco de Mercado,Tibio,,,,,,,,,,,,,,,,,,,
46733,Ahualulco Ejidal,Colonia,Ahualulco de Mercado,Jalisco,Ahualulco de Mercado,Tibio,,,,,,,,,,,,,,,,,,,
46733,Los Aguacates,Colonia,Ahualulco de Mercado,Jalisco,Ahualulco de Mercado,Tibio,,,,,,,,,,,,,,,,,,,
46733,Las Mesitas,Colonia,Ahualulco de Mercado,Jalisco,Ahualulco de Mercado,Tibio,,,,,,,,,,,,,,,,,,,
46734,La Floresta,Colonia,Ahualulco de Mercado,Jalisco,Ahualulco de Mercado,Tibio,,,,,,,,,,,,,,,,,,,
46734,5 de Mayo,Colonia,Ahualulco de Mercado,Jalisco,Ahualulco de Mercado,Tibio,,,,,,,,,,,,,,,,,,,
46735,Villas la Estación,Fraccionamiento,Ahualulco de Mercado,Jalisco,Ahualulco de Mercado,Caliente,,,,,,,,,,,,,,,,,,,
46735,La Estación,Colonia,Ahualulco de Mercado,Jalisco,Ahualulco de Mercado,Tibio,,,,,,,,,,,,,,,,,,,
46735,Libertad,Fraccionamiento,Ahualulco de Mercado,Jalisco,Ahualulco de Mercado,Caliente,,,,,,,,,,,,,,,,,,,
46735,Arboledas,Colonia,Ahualulco de Mercado,Jalisco,Ahualulco de Mercado,Tibio,,,,,,,,,,,,,,,,,,,
46735,Jardines de Ahualulco,Fraccionamiento,Ahualulco de Mercado,Jalisco,Ahualulco de Mercado,Caliente,,,,,,,,,,,,,,,,,,,
46735,Lomas de Ayahualulco,Fraccionamiento,Ahualulco de Mercado,Jalisco,Ahualulco de Mercado,Caliente,,,,,,,,,,,,,,,,,,,
46736,David Álvarez,Colonia,Ahualulco de Mercado,Jalisco,Ahualulco de Mercado,Tibio,,,,,,,,,,,,,,,,,,,
46736,Copal,Colonia,Ahualulco de Mercado,Jalisco,Ahualulco de Mercado,Tibio,,,,,,,,,,,,,,,,,,,
46736,Emiliano Zapata,Colonia,Ahualulco de Mercado,Jalisco,Ahualulco de Mercado,Tibio,,,,,,,,,,,,,,,,,,,
46737,Los Mezquites,Colonia,Ahualulco de Mercado,Jalisco,Ahualulco de Mercado,Tibio,,,,,,,,,,,,,,,,,,,
46738,El Espinal,Colonia,Ahualulco de Mercado,Jalisco,Ahualulco de Mercado,Tibio,,,,,,,,,,,,,,,,,,,
46740,Santa Cruz de Bárcenas,Pueblo,Ahualulco de Mercado,Jalisco,,Frio,,,,,,,,,,,,,,,,,,,
46745,La Ciénega,Barrio,Ahualulco de Mercado,Jalisco,,Frio,,,,,,,,,,,,,,,,,,,
46746,Teuchiteco,Ranchería,Ahualulco de Mercado,Jalisco,,Frio,,,,,,,,,,,,,,,,,,,
46749,La Mora,Ranchería,Ahualulco de Mercado,Jalisco,,Frio,,,,,,,,,,,,,,,,,,,
46750,El Carmen (El Capulín),Pueblo,Ahualulco de Mercado,Jalisco,,Frio,,,,,,,,,,,,,,,,,,,
46757,Portes Gil (San Ignacio),Pueblo,Ahualulco de Mercado,Jalisco,,Frio,,,,,,,,,,,,,,,,,,,
46758,Chapulimita (Chapuli),Pueblo,Ahualulco de Mercado,Jalisco,,Frio,,,,,,,,,,,,,,,,,,,
46760,Teuchitlán,Pueblo,Teuchitlán,Jalisco,,Frio,,,,,,,,,,,,,,,,,,,
46762,Gral. Lucio Blanco,Ejido,Teuchitlán,Jalisco,,Frio,,,,,,,,,,,,,,,,,,,
46763,El Amarillo,Ejido,Teuchitlán,Jalisco,,Frio,,,,,,,,,,,,,,,,,,,
46764,La Estanzuela,Ranchería,Teuchitlán,Jalisco,,Frio,,,,,,,,,,,,,,,,,,,
46765,La Vega,Ejido,Teuchitlán,Jalisco,,Frio,,,,,,,,,,,,,,,,,,,
46770,La Loma,Colonia,San Martín Hidalgo,Jalisco,,Frio,,,,,,,,,,,,,,,,,,,
46770,Ipazoltic,Colonia,San Martín Hidalgo,Jalisco,,Frio,,,,,,,,,,,,,,,,,,,
46770,Labor de Medina,Colonia,San Martín Hidalgo,Jalisco,,Frio,,,,,,,,,,,,,,,,,,,
46770,San Martín Hidalgo,Pueblo,San Martín Hidalgo,Jalisco,,Frio,,,,,,,,,,,,,,,,,,,
46770,Lázaro Cárdenas,Ranchería,San Martín Hidalgo,Jalisco,,Frio,,,,,,,,,,,,,,,,,,,
46770,Los Vergara,Colonia,San Martín Hidalgo,Jalisco,,Frio,,,,,,,,,,,,,,,,,,,
46775,Buenavista,Pueblo,San Martín Hidalgo,Jalisco,,Frio,,,,,,,,,,,,,,,,,,,
46776,Trapiche de Abra,Ranchería,San Martín Hidalgo,Jalisco,,Frio,,,,,,,,,,,,,,,,,,,
46777,Venustiano Carranza,Pueblo,San Martín Hidalgo,Jalisco,,Frio,,,,,,,,,,,,,,,,,,,
46780,El Salitre,Ejido,San Martín Hidalgo,Jalisco,,Frio,,,,,,,,,,,,,,,,,,,
46783,Los Guerrero,Ranchería,San Martín Hidalgo,Jalisco,,Frio,,,,,,,,,,,,,,,,,,,
46785,El Tepehuaje de Morelos,Colonia,San Martín Hidalgo,Jalisco,,Frio,,,,,,,,,,,,,,,,,,,
46790,San Jerónimo (Los Barbosa),Colonia,San Martín Hidalgo,Jalisco,,Frio,,,,,,,,,,,,,,,,,,,
46790,Santa Cruz de las Flores,Pueblo,San Martín Hidalgo,Jalisco,,Frio,,,,,,,,,,,,,,,,,,,
46792,San Isidro Palo Verde,Colonia,San Martín Hidalgo,Jalisco,,Frio,,,,,,,,,,,,,,,,,,,
46794,Lagunillas,Colonia,San Martín Hidalgo,Jalisco,,Frio,,,,,,,,,,,,,,,,,,,
46797,Jesús María (El Zapote),Colonia,San Martín Hidalgo,Jalisco,,Frio,,,,,,,,,,,,,,,,,,,
46797,Rio Grande,Colonia,San Martín Hidalgo,Jalisco,,Frio,,,,,,,,,,,,,,,,,,,
46798,El Crucero de Santa María,Pueblo,San Martín Hidalgo,Jalisco,,Frio,,,,,,,,,,,,,,,,,,,
46799,San Jacinto,Colonia,San Martín Hidalgo,Jalisco,,Frio,,,,,,,,,,,,,,,,,,,
46799,Camajapita,Colonia,San Martín Hidalgo,Jalisco,,Frio,,,,,,,,,,,,,,,,,,,
46800,Guachinango,Pueblo,Guachinango,Jalisco,,Frio,,,,,,,,,,,,,,,,,,,
46810,La Ciénega de los Ahumada,Ranchería,Guachinango,Jalisco,,Frio,,,,,,,,,,,,,,,,,,,
46815,El Pánico,Hacienda,Guachinango,Jalisco,,Frio,,,,,,,,,,,,,,,,,,,
46820,El Tablillo,Ranchería,Guachinango,Jalisco,,Frio,,,,,,,,,,,,,,,,,,,
46826,El Ranchito,Ranchería,Guachinango,Jalisco,,Frio,,,,,,,,,,,,,,,,,,,
46827,Los Toriles,Ranchería,Guachinango,Jalisco,,Frio,,,,,,,,,,,,,,,,,,,
46827,La Tarasca,Ranchería,Guachinango,Jalisco,,Frio,,,,,,,,,,,,,,,,,,,
46829,Amajaquillo,Ranchería,Guachinango,Jalisco,,Frio,,,,,,,,,,,,,,,,,,,
46830,La Fundición Del Rebaje,Congregación,Guachinango,Jalisco,,Frio,,,,,,,,,,,,,,,,,,,
46840,Santa Isabel de Quililla,Ranchería,Guachinango,Jalisco,,Frio,,,,,,,,,,,,,,,,,,,
46845,Estanzuela,Hacienda,Guachinango,Jalisco,,Frio,,,,,,,,,,,,,,,,,,,
46846,Guachinanguillo,Hacienda,Guachinango,Jalisco,,Frio,,,,,,,,,,,,,,,,,,,
46846,El Potrero Grande,Ranchería,Guachinango,Jalisco,,Frio,,,,,,,,,,,,,,,,,,,
46850,Cuyutlan,Pueblo,Mixtlán,Jalisco,,Frio,,,,,,,,,,,,,,,,,,,
46850,La Laja,Pueblo,Mixtlán,Jalisco,,Frio,,,,,,,,,,,,,,,,,,,
46850,Mixtlán,Pueblo,Mixtlán,Jalisco,,Frio,,,,,,,,,,,,,,,,,,,
46855,Llano Grande,Pueblo,Mixtlán,Jalisco,,Frio,,,,,,,,,,,,,,,,,,,
46860,Los Pericos,Rancho,Mixtlán,Jalisco,,Frio,,,,,,,,,,,,,,,,,,,
46900,Mascota,Pueblo,Mascota,Jalisco,,Frio,,,,,,,,,,,,,,,,,,,
46900,Yerbabuena,Pueblo,Mascota,Jalisco,,Frio,,,,,,,,,,,,,,,,,,,
46900,Villas del Molino,Colonia,Mascota,Jalisco,,Frio,,,,,,,,,,,,,,,,,,,
46903,Rincón de Ixcatán,Rancho,Mascota,Jalisco,,Frio,,,,,,,,,,,,,,,,,,,
46903,El Copal,Ranchería,Mascota,Jalisco,,Frio,,,,,,,,,,,,,,,,,,,
46905,El Agostadero,Ranchería,Mascota,Jalisco,,Frio,,,,,,,,,,,,,,,,,,,
46907,Tecoany,Ranchería,Mascota,Jalisco,,Frio,,,,,,,,,,,,,,,,,,,
46920,Zacatongo,Pueblo,Mascota,Jalisco,,Frio,,,,,,,,,,,,,,,,,,,
46930,Navidad,Pueblo,Mascota,Jalisco,,Frio,,,,,,,,,,,,,,,,,,,
46934,El Cimarrón Chico,Pueblo,Mascota,Jalisco,,Frio,,,,,,,,,,,,,,,,,,,
46935,Juanacatlán Grande (Juanacatlán),Ranchería,Mascota,Jalisco,,Frio,,,,,,,,,,,,,,,,,,,
46937,Gallineros,Rancho,Mascota,Jalisco,,Frio,,,,,,,,,,,,,,,,,,,
46937,Malpaso,Rancho,Mascota,Jalisco,,Frio,,,,,,,,,,,,,,,,,,,
46940,San José del Mosco (El Mosco),Ranchería,Mascota,Jalisco,,Frio,,,,,,,,,,,,,,,,,,,
46940,Los Sauces de Yerbabuena,Ranchería,Mascota,Jalisco,,Frio,,,,,,,,,,,,,,,,,,,
46943,El Ranchito,Ranchería,Mascota,Jalisco,,Frio,,,,,,,,,,,,,,,,,,,
46945,Zapotán,Rancho,Mascota,Jalisco,,Frio,,,,,,,,,,,,,,,,,,,
46950,Rincón de Mirandilla,Pueblo,Mascota,Jalisco,,Frio,,,,,,,,,,,,,,,,,,,
46954,Sol de Oro,Rancho,Mascota,Jalisco,,Frio,,,,,,,,,,,,,,,,,,,
46955,Mirandilla,Hacienda,Mascota,Jalisco,,Frio,,,,,,,,,,,,,,,,,,,
46960,Santiago de Pinos,Pueblo,San Sebastián del Oeste,Jalisco,,Frio,,,,,,,,,,,,,,,,,,,
46963,El Carrizo,Pueblo,San Sebastián del Oeste,Jalisco,,Frio,,,,,,,,,,,,,,,,,,,
46963,Copales (Los Copalitos),Ranchería,San Sebastián del Oeste,Jalisco,,Frio,,,,,,,,,,,,,,,,,,,
46966,Santa Ana,Rancho,San Sebastián del Oeste,Jalisco,,Frio,,,,,,,,,,,,,,,,,,,
46967,Los Reyes,Pueblo,San Sebastián del Oeste,Jalisco,,Frio,,,,,,,,,,,,,,,,,,,
46970,San Felipe de Híjar,Pueblo,San Sebastián del Oeste,Jalisco,,Frio,,,,,,,,,,,,,,,,,,,
46974,Pueblito San Pablo (El Pueblito),Pueblo,San Sebastián del Oeste,Jalisco,,Frio,,,,,,,,,,,,,,,,,,,
46975,Santa Cruz La Puerta,Colonia,San Sebastián del Oeste,Jalisco,,Frio,,,,,,,,,,,,,,,,,,,
46975,Amatanejo,Ranchería,San Sebastián del Oeste,Jalisco,,Frio,,,,,,,,,,,,,,,,,,,
46980,Cofradía Santa Cruz de Camotlán,Pueblo,San Sebastián del Oeste,Jalisco,,Frio,,,,,,,,,,,,,,,,,,,
46984,El Tasajal,Rancho,San Sebastián del Oeste,Jalisco,,Frio,,,,,,,,,,,,,,,,,,,
46984,La Palma (Las Palmas),Ranchería,San Sebastián del Oeste,Jalisco,,Frio,,,,,,,,,,,,,,,,,,,
46984,La Higuerita,Rancho,San Sebastián del Oeste,Jalisco,,Frio,,,,,,,,,,,,,,,,,,,
46984,La Tortuga,Pueblo,San Sebastián del Oeste,Jalisco,,Frio,,,,,,,,,,,,,,,,,,,
46990,San Sebastián del Oeste,Pueblo,San Sebastián del Oeste,Jalisco,,Frio,,,,,,,,,,,,,,,,,,,
46995,La Estancia de Landeros,Pueblo,San Sebastián del Oeste,Jalisco,,Frio,,,,,,,,,,,,,,,,,,,
46996,San Isidro (La Haciendita),Pueblo,San Sebastián del Oeste,Jalisco,,Frio,,,,,,,,,,,,,,,,,,,
46997,Teleacapan,Ranchería,San Sebastián del Oeste,Jalisco,,Frio,,,,,,,,,,,,,,,,,,,
46997,Soyatán,Ranchería,San Sebastián del Oeste,Jalisco,,Frio,,,,,,,,,,,,,,,,,,,
47000,San Juan de los Lagos Centro,Colonia,San Juan de los Lagos,Jalisco,San Juan de los Lagos,Caliente,,,,,,,,,,,,,,,,,,,
47010,Rinconada La Majada,Fraccionamiento,San Juan de los Lagos,Jalisco,San Juan de los Lagos,Caliente,,,,,,,,,,,,,,,,,,,
47010,Espíritu Santo,Colonia,San Juan de los Lagos,Jalisco,San Juan de los Lagos,Tibio,,,,,,,,,,,,,,,,,,,
47010,Santa Lucia,Colonia,San Juan de los Lagos,Jalisco,San Juan de los Lagos,Tibio,,,,,,,,,,,,,,,,,,,
47011,Las Ventanas,Colonia,San Juan de los Lagos,Jalisco,San Juan de los Lagos,Tibio,,,,,,,,,,,,,,,,,,,
47013,Santa Cecilia (La Sauceda),Colonia,San Juan de los Lagos,Jalisco,San Juan de los Lagos,Tibio,,,,,,,,,,,,,,,,,,,
47013,Lomas Verdes,Fraccionamiento,San Juan de los Lagos,Jalisco,San Juan de los Lagos,Caliente,,,,,,,,,,,,,,,,,,,
47014,La Peña del Halcón,Colonia,San Juan de los Lagos,Jalisco,San Juan de los Lagos,Tibio,,,,,,,,,,,,,,,,,,,
47014,La Calera,Fraccionamiento,San Juan de los Lagos,Jalisco,,Tibio,,,,,,,,,,,,,,,,,,,
47014,Cañada de los Martínez,Fraccionamiento,San Juan de los Lagos,Jalisco,,Tibio,,,,,,,,,,,,,,,,,,,
47015,Ayuntamiento,Colonia,San Juan de los Lagos,Jalisco,San Juan de los Lagos,Tibio,,,,,,,,,,,,,,,,,,,
47015,Los Halcones,Fraccionamiento,San Juan de los Lagos,Jalisco,San Juan de los Lagos,Caliente,,,,,,,,,,,,,,,,,,,
47015,Iprovipe Santa Teresa,Fraccionamiento,San Juan de los Lagos,Jalisco,San Juan de los Lagos,Caliente,,,,,,,,,,,,,,,,,,,
47015,Ana Lucia Fovissste,Fraccionamiento,San Juan de los Lagos,Jalisco,San Juan de los Lagos,Caliente,,,,,,,,,,,,,,,,,,,
47020,Lomas de Santa Teresa,Fraccionamiento,San Juan de los Lagos,Jalisco,San Juan de los Lagos,Caliente,,,,,,,,,,,,,,,,,,,
47020,La Martinica,Colonia,San Juan de los Lagos,Jalisco,San Juan de los Lagos,Tibio,,,,,,,,,,,,,,,,,,,
47020,Loma Linda,Colonia,San Juan de los Lagos,Jalisco,San Juan de los Lagos,Tibio,,,,,,,,,,,,,,,,,,,
47020,Santa Teresa,Colonia,San Juan de los Lagos,Jalisco,San Juan de los Lagos,Tibio,,,,,,,,,,,,,,,,,,,
47023,Mártires Cristeros,Fraccionamiento,San Juan de los Lagos,Jalisco,San Juan de los Lagos,Caliente,,,,,,,,,,,,,,,,,,,
47030,El Herrero,Colonia,San Juan de los Lagos,Jalisco,San Juan de los Lagos,Tibio,,,,,,,,,,,,,,,,,,,
47030,Los Lagos,Colonia,San Juan de los Lagos,Jalisco,San Juan de los Lagos,Tibio,,,,,,,,,,,,,,,,,,,
47030,Club Cinegético,Fraccionamiento,San Juan de los Lagos,Jalisco,San Juan de los Lagos,Caliente,,,,,,,,,,,,,,,,,,,
47030,San Isidro,Fraccionamiento,San Juan de los Lagos,Jalisco,San Juan de los Lagos,Caliente,,,,,,,,,,,,,,,,,,,
47040,Mi Nuevo San Juan,Colonia,San Juan de los Lagos,Jalisco,San Juan de los Lagos,Tibio,,,,,,,,,,,,,,,,,,,
47040,Jardines de San Juan,Fraccionamiento,San Juan de los Lagos,Jalisco,San Juan de los Lagos,Caliente,,,,,,,,,,,,,,,,,,,
47040,Lomas de Galindo,Colonia,San Juan de los Lagos,Jalisco,San Juan de los Lagos,Tibio,,,,,,,,,,,,,,,,,,,
47050,El Terrero,Colonia,San Juan de los Lagos,Jalisco,San Juan de los Lagos,Tibio,,,,,,,,,,,,,,,,,,,
47050,San José,Colonia,San Juan de los Lagos,Jalisco,San Juan de los Lagos,Tibio,,,,,,,,,,,,,,,,,,,
47059,La Zagala,Colonia,San Juan de los Lagos,Jalisco,San Juan de los Lagos,Tibio,,,,,,,,,,,,,,,,,,,
47060,Rita Pérez de Moreno,Colonia,San Juan de los Lagos,Jalisco,San Juan de los Lagos,Tibio,,,,,,,,,,,,,,,,,,,
47069,Riviera,Colonia,San Juan de los Lagos,Jalisco,San Juan de los Lagos,Tibio,,,,,,,,,,,,,,,,,,,
47069,Continental,Fraccionamiento,San Juan de los Lagos,Jalisco,San Juan de los Lagos,Caliente,,,,,,,,,,,,,,,,,,,
47069,La Alcalá,Colonia,San Juan de los Lagos,Jalisco,San Juan de los Lagos,Tibio,,,,,,,,,,,,,,,,,,,
47069,Riviera 2a Sección,Fraccionamiento,San Juan de los Lagos,Jalisco,San Juan de los Lagos,Caliente,,,,,,,,,,,,,,,,,,,
47070,Llamaradas,Fraccionamiento,San Juan de los Lagos,Jalisco,San Juan de los Lagos,Caliente,,,,,,,,,,,,,,,,,,,
47070,Cumbres,Fraccionamiento,San Juan de los Lagos,Jalisco,San Juan de los Lagos,Caliente,,,,,,,,,,,,,,,,,,,
47070,Cañadas del Sol,Fraccionamiento,San Juan de los Lagos,Jalisco,San Juan de los Lagos,Caliente,,,,,,,,,,,,,,,,,,,
47070,Ilusión Las Antenas,Fraccionamiento,San Juan de los Lagos,Jalisco,San Juan de los Lagos,Caliente,,,,,,,,,,,,,,,,,,,
47070,Niños Héroes,Colonia,San Juan de los Lagos,Jalisco,San Juan de los Lagos,Tibio,,,,,,,,,,,,,,,,,,,
47073,Rosa de Castilla,Colonia,San Juan de los Lagos,Jalisco,San Juan de los Lagos,Tibio,,,,,,,,,,,,,,,,,,,
47073,Maravillas de San Juan,Fraccionamiento,San Juan de los Lagos,Jalisco,San Juan de los Lagos,Caliente,,,,,,,,,,,,,,,,,,,
47073,La Cuesta de Medina,Colonia,San Juan de los Lagos,Jalisco,San Juan de los Lagos,Tibio,,,,,,,,,,,,,,,,,,,
47073,Las Moras,Fraccionamiento,San Juan de los Lagos,Jalisco,San Juan de los Lagos,Caliente,,,,,,,,,,,,,,,,,,,
47073,Las Moras 3 (El Pedregal),Fraccionamiento,San Juan de los Lagos,Jalisco,San Juan de los Lagos,Caliente,,,,,,,,,,,,,,,,,,,
47078,San Nicolás,Colonia,San Juan de los Lagos,Jalisco,San Juan de los Lagos,Tibio,,,,,,,,,,,,,,,,,,,
47079,San Martín,Colonia,San Juan de los Lagos,Jalisco,San Juan de los Lagos,Tibio,,,,,,,,,,,,,,,,,,,
47080,La Palma,Colonia,San Juan de los Lagos,Jalisco,San Juan de los Lagos,Tibio,,,,,,,,,,,,,,,,,,,
47089,Club de Leones,Colonia,San Juan de los Lagos,Jalisco,San Juan de los Lagos,Tibio,,,,,,,,,,,,,,,,,,,
47090,El Pedregoso,Colonia,San Juan de los Lagos,Jalisco,San Juan de los Lagos,Tibio,,,,,,,,,,,,,,,,,,,
47093,El Paso Pedregoso,Fraccionamiento,San Juan de los Lagos,Jalisco,San Juan de los Lagos,Caliente,,,,,,,,,,,,,,,,,,,
47095,El Rosario,Colonia,San Juan de los Lagos,Jalisco,San Juan de los Lagos,Tibio,,,,,,,,,,,,,,,,,,,
47095,El Plan,Fraccionamiento,San Juan de los Lagos,Jalisco,San Juan de los Lagos,Caliente,,,,,,,,,,,,,,,,,,,
47100,Mezquitic de la Magdalena,Pueblo,San Juan de los Lagos,Jalisco,,Frio,,,,,,,,,,,,,,,,,,,
47103,El Sáuz,Ranchería,San Juan de los Lagos,Jalisco,,Frio,,,,,,,,,,,,,,,,,,,
47105,San José de Olivares,Ranchería,San Juan de los Lagos,Jalisco,,Frio,,,,,,,,,,,,,,,,,,,
47106,Casas Viejas (Agua Blanca),Ranchería,San Juan de los Lagos,Jalisco,,Frio,,,,,,,,,,,,,,,,,,,
47107,El Húmedo,Ranchería,San Juan de los Lagos,Jalisco,,Frio,,,,,,,,,,,,,,,,,,,
47109,El Tecolote,Ranchería,San Juan de los Lagos,Jalisco,,Frio,,,,,,,,,,,,,,,,,,,
47110,Agua de Obispo,Ranchería,San Juan de los Lagos,Jalisco,,Frio,,,,,,,,,,,,,,,,,,,
47116,"Corralillo, Tierra Parda y el Gato",Zona industrial,San Juan de los Lagos,Jalisco,,Frio,,,,,,,,,,,,,,,,,,,
47116,Los Aguirre de Abajo,Ranchería,San Juan de los Lagos,Jalisco,,Frio,,,,,,,,,,,,,,,,,,,
47116,La Labor de los Alba,Ranchería,San Juan de los Lagos,Jalisco,,Frio,,,,,,,,,,,,,,,,,,,
47117,San Antonio de los Barrera,Ranchería,San Juan de los Lagos,Jalisco,,Frio,,,,,,,,,,,,,,,,,,,
47118,Las Verdolagas,Ranchería,San Juan de los Lagos,Jalisco,,Frio,,,,,,,,,,,,,,,,,,,
47119,Halconero de Abajo,Ranchería,San Juan de los Lagos,Jalisco,,Frio,,,,,,,,,,,,,,,,,,,
47119,Halconero de Arriba,Ranchería,San Juan de los Lagos,Jalisco,,Frio,,,,,,,,,,,,,,,,,,,
47120,Buenos Aires,Fraccionamiento,Jalostotitlán,Jalisco,Jalostotitlán,Caliente,,,,,,,,,,,,,,,,,,,
47120,Jalostotitlán Centro,Colonia,Jalostotitlán,Jalisco,Jalostotitlán,Caliente,,,,,,,,,,,,,,,,,,,
47123,El Depósito,Colonia,Jalostotitlán,Jalisco,Jalostotitlán,Tibio,,,,,,,,,,,,,,,,,,,
47123,Lomas de la Cañada,Fraccionamiento,Jalostotitlán,Jalisco,Jalostotitlán,Caliente,,,,,,,,,,,,,,,,,,,
47123,El Camposanto,Fraccionamiento,Jalostotitlán,Jalisco,Jalostotitlán,Caliente,,,,,,,,,,,,,,,,,,,
47123,La Asunción,Fraccionamiento,Jalostotitlán,Jalisco,Jalostotitlán,Caliente,,,,,,,,,,,,,,,,,,,
47123,El Santuario,Fraccionamiento,Jalostotitlán,Jalisco,Jalostotitlán,Caliente,,,,,,,,,,,,,,,,,,,
47123,Cañada de Gómez,Fraccionamiento,Jalostotitlán,Jalisco,Jalostotitlán,Caliente,,,,,,,,,,,,,,,,,,,
47123,Las Flores II,Fraccionamiento,Jalostotitlán,Jalisco,Jalostotitlán,Caliente,,,,,,,,,,,,,,,,,,,
47123,Las Flores I,Fraccionamiento,Jalostotitlán,Jalisco,Jalostotitlán,Caliente,,,,,,,,,,,,,,,,,,,
47123,La Salve,Fraccionamiento,Jalostotitlán,Jalisco,Jalostotitlán,Caliente,,,,,,,,,,,,,,,,,,,
47124,Lago del Sol,Fraccionamiento,Jalostotitlán,Jalisco,Jalostotitlán,Caliente,,,,,,,,,,,,,,,,,,,
47126,Plan de los Alvarado,Fraccionamiento,Jalostotitlán,Jalisco,Jalostotitlán,Caliente,,,,,,,,,,,,,,,,,,,
47126,Los Cuervitos,Fraccionamiento,Jalostotitlán,Jalisco,Jalostotitlán,Caliente,,,,,,,,,,,,,,,,,,,
47127,Las Cañadas,Fraccionamiento,Jalostotitlán,Jalisco,Jalostotitlán,Caliente,,,,,,,,,,,,,,,,,,,
47127,El Sabino,Fraccionamiento,Jalostotitlán,Jalisco,Jalostotitlán,Caliente,,,,,,,,,,,,,,,,,,,
47127,El Centinela,Fraccionamiento,Jalostotitlán,Jalisco,Jalostotitlán,Caliente,,,,,,,,,,,,,,,,,,,
47127,La Cantera,Fraccionamiento,Jalostotitlán,Jalisco,Jalostotitlán,Caliente,,,,,,,,,,,,,,,,,,,
47127,La Pima,Fraccionamiento,Jalostotitlán,Jalisco,Jalostotitlán,Caliente,,,,,,,,,,,,,,,,,,,
47127,Plan de la Llave,Fraccionamiento,Jalostotitlán,Jalisco,Jalostotitlán,Caliente,,,,,,,,,,,,,,,,,,,
47127,El Cerrito,Fraccionamiento,Jalostotitlán,Jalisco,Jalostotitlán,Caliente,,,,,,,,,,,,,,,,,,,
47127,El Chubasco,Fraccionamiento,Jalostotitlán,Jalisco,Jalostotitlán,Caliente,,,,,,,,,,,,,,,,,,,
47127,Ayuntamiento,Fraccionamiento,Jalostotitlán,Jalisco,Jalostotitlán,Caliente,,,,,,,,,,,,,,,,,,,
47127,La Loma de los Gabrieles,Colonia,Jalostotitlán,Jalisco,Jalostotitlán,Tibio,,,,,,,,,,,,,,,,,,,
47128,Solidaridad,Fraccionamiento,Jalostotitlán,Jalisco,Jalostotitlán,Caliente,,,,,,,,,,,,,,,,,,,
47128,Lomas del Valle,Fraccionamiento,Jalostotitlán,Jalisco,Jalostotitlán,Caliente,,,,,,,,,,,,,,,,,,,
47128,El Realengo,Fraccionamiento,Jalostotitlán,Jalisco,Jalostotitlán,Caliente,,,,,,,,,,,,,,,,,,,
47128,El Rialengo,Fraccionamiento,Jalostotitlán,Jalisco,Jalostotitlán,Caliente,,,,,,,,,,,,,,,,,,,
47129,Ricardo Lara,Fraccionamiento,Jalostotitlán,Jalisco,Jalostotitlán,Caliente,,,,,,,,,,,,,,,,,,,
47129,La Providencia,Fraccionamiento,Jalostotitlán,Jalisco,Jalostotitlán,Caliente,,,,,,,,,,,,,,,,,,,
47129,La Rinconada,Fraccionamiento,Jalostotitlán,Jalisco,Jalostotitlán,Caliente,,,,,,,,,,,,,,,,,,,
47129,Santo Toribio,Colonia,Jalostotitlán,Jalisco,Jalostotitlán,Tibio,,,,,,,,,,,,,,,,,,,
47130,San Gaspar de los Reyes (San Gaspar),Pueblo,Jalostotitlán,Jalisco,,Frio,,,,,,,,,,,,,,,,,,,
47133,Santa Maria de La O,Ranchería,Jalostotitlán,Jalisco,,Frio,,,,,,,,,,,,,,,,,,,
47133,Paso de la Laja,Ranchería,Jalostotitlán,Jalisco,,Frio,,,,,,,,,,,,,,,,,,,
47133,Loma de Alba,Ranchería,Jalostotitlán,Jalisco,,Frio,,,,,,,,,,,,,,,,,,,
47135,Santa Isabel,Congregación,Jalostotitlán,Jalisco,,Frio,,,,,,,,,,,,,,,,,,,
47137,El Bueyero,Rancho,Jalostotitlán,Jalisco,,Frio,,,,,,,,,,,,,,,,,,,
47138,Santa Ana de Guadalupe,Pueblo,Jalostotitlán,Jalisco,,Frio,,,,,,,,,,,,,,,,,,,
47138,Jerusalén,Ranchería,Jalostotitlán,Jalisco,,Frio,,,,,,,,,,,,,,,,,,,
47138,Teocaltitán de Guadalupe,Pueblo,Jalostotitlán,Jalisco,,Frio,,,,,,,,,,,,,,,,,,,
47139,San Nicolás de las Flores,Congregación,Jalostotitlán,Jalisco,,Frio,,,,,,,,,,,,,,,,,,,
47140,San Miguel el Alto Centro,Colonia,San Miguel el Alto,Jalisco,San Miguel el Alto,Caliente,,,,,,,,,,,,,,,,,,,
47142,Morelos,Colonia,San Miguel el Alto,Jalisco,San Miguel el Alto,Tibio,,,,,,,,,,,,,,,,,,,
47142,De la Cantera,Barrio,San Miguel el Alto,Jalisco,San Miguel el Alto,Tibio,,,,,,,,,,,,,,,,,,,
47143,Magueyes,Fraccionamiento,San Miguel el Alto,Jalisco,San Miguel el Alto,Caliente,,,,,,,,,,,,,,,,,,,
47143,El Bajío,Colonia,San Miguel el Alto,Jalisco,San Miguel el Alto,Tibio,,,,,,,,,,,,,,,,,,,
47143,Arroyo Minas,Fraccionamiento,San Miguel el Alto,Jalisco,San Miguel el Alto,Caliente,,,,,,,,,,,,,,,,,,,
47144,Plaza de Toros,Barrio,San Miguel el Alto,Jalisco,San Miguel el Alto,Tibio,,,,,,,,,,,,,,,,,,,
47144,Jardines de San Miguel,Colonia,San Miguel el Alto,Jalisco,San Miguel el Alto,Tibio,,,,,,,,,,,,,,,,,,,
47144,El Naranjo,Fraccionamiento,San Miguel el Alto,Jalisco,San Miguel el Alto,Caliente,,,,,,,,,,,,,,,,,,,
47144,Sagrada Familia,Colonia,San Miguel el Alto,Jalisco,San Miguel el Alto,Tibio,,,,,,,,,,,,,,,,,,,
47146,Olas Altas,Barrio,San Miguel el Alto,Jalisco,San Miguel el Alto,Tibio,,,,,,,,,,,,,,,,,,,
47146,De los Depósitos,Colonia,San Miguel el Alto,Jalisco,San Miguel el Alto,Tibio,,,,,,,,,,,,,,,,,,,
47146,Lindavista,Colonia,San Miguel el Alto,Jalisco,San Miguel el Alto,Tibio,,,,,,,,,,,,,,,,,,,
47147,Aguacaliente,Colonia,San Miguel el Alto,Jalisco,San Miguel el Alto,Tibio,,,,,,,,,,,,,,,,,,,
47147,La Tinajita,Colonia,San Miguel el Alto,Jalisco,San Miguel el Alto,Tibio,,,,,,,,,,,,,,,,,,,
47150,San Juan de Dios,Ranchería,San Miguel el Alto,Jalisco,,Frio,,,,,,,,,,,,,,,,,,,
47150,San Jose de los Reynoso,Congregación,San Miguel el Alto,Jalisco,,Frio,,,,,,,,,,,,,,,,,,,
47154,Cruz de Orozco,Ranchería,San Miguel el Alto,Jalisco,,Frio,,,,,,,,,,,,,,,,,,,
47157,Belem,Ranchería,San Miguel el Alto,Jalisco,,Frio,,,,,,,,,,,,,,,,,,,
47160,Mirandillas,Pueblo,San Miguel el Alto,Jalisco,,Frio,,,,,,,,,,,,,,,,,,,
47170,San Julián Centro,Colonia,San Julián,Jalisco,San Julián,Caliente,,,,,,,,,,,,,,,,,,,
47173,Santa Elena,Fraccionamiento,San Julián,Jalisco,San Julián,Caliente,,,,,,,,,,,,,,,,,,,
47174,Lomas del Manantial,Fraccionamiento,San Julián,Jalisco,San Julián,Caliente,,,,,,,,,,,,,,,,,,,
47174,23 de Mayo,Colonia,San Julián,Jalisco,San Julián,Frio,,,,,,,,,,,,,,,,,,,
47175,Las Moras,Rancho,San Julián,Jalisco,,Frio,,,,,,,,,,,,,,,,,,,
47177,El Valle,Ranchería,San Julián,Jalisco,,Frio,,,,,,,,,,,,,,,,,,,
47179,Veredas,Ranchería,San Julián,Jalisco,,Frio,,,,,,,,,,,,,,,,,,,
47180,Arandas Centro,Colonia,Arandas,Jalisco,Arandas,Caliente,,,,,,,,,,,,,,,,,,,
47182,La Herradura,Fraccionamiento,Arandas,Jalisco,Arandas,Caliente,,,,,,,,,,,,,,,,,,,
47182,Vista Real,Fraccionamiento,Arandas,Jalisco,Arandas,Caliente,,,,,,,,,,,,,,,,,,,
47182,Lomas del Real,Fraccionamiento,Arandas,Jalisco,Arandas,Caliente,,,,,,,,,,,,,,,,,,,
47182,Colinas de San Javier,Fraccionamiento,Arandas,Jalisco,Arandas,Caliente,,,,,,,,,,,,,,,,,,,
47182,Cerro de Mexiquito,Colonia,Arandas,Jalisco,Arandas,Tibio,,,,,,,,,,,,,,,,,,,
47182,Mexiquito,Fraccionamiento,Arandas,Jalisco,Arandas,Caliente,,,,,,,,,,,,,,,,,,,
47182,La Peñita,Fraccionamiento,Arandas,Jalisco,Arandas,Caliente,,,,,,,,,,,,,,,,,,,
47182,Rosita,Fraccionamiento,Arandas,Jalisco,Arandas,Caliente,,,,,,,,,,,,,,,,,,,
47182,Bellavista II,Fraccionamiento,Arandas,Jalisco,Arandas,Caliente,,,,,,,,,,,,,,,,,,,
47182,Vivanco,Colonia,Arandas,Jalisco,Arandas,Tibio,,,,,,,,,,,,,,,,,,,
47182,Blanca Flor,Fraccionamiento,Arandas,Jalisco,Arandas,Caliente,,,,,,,,,,,,,,,,,,,
47183,Caja Popular,Fraccionamiento,Arandas,Jalisco,Arandas,Caliente,,,,,,,,,,,,,,,,,,,
47183,Paso Nuevo,Colonia,Arandas,Jalisco,Arandas,Tibio,,,,,,,,,,,,,,,,,,,
47183,Ciudad Perdida,Colonia,Arandas,Jalisco,Arandas,Tibio,,,,,,,,,,,,,,,,,,,
47183,Nuevo Bellavista,Fraccionamiento,Arandas,Jalisco,Arandas,Caliente,,,,,,,,,,,,,,,,,,,
47183,Los Tabachines,Fraccionamiento,Arandas,Jalisco,Arandas,Caliente,,,,,,,,,,,,,,,,,,,
47183,Providencia,Colonia,Arandas,Jalisco,Arandas,Tibio,,,,,,,,,,,,,,,,,,,
47183,Bellavista I,Fraccionamiento,Arandas,Jalisco,Arandas,Caliente,,,,,,,,,,,,,,,,,,,
47183,El Rosario,Colonia,Arandas,Jalisco,Arandas,Tibio,,,,,,,,,,,,,,,,,,,
47183,Los Pinos,Fraccionamiento,Arandas,Jalisco,Arandas,Caliente,,,,,,,,,,,,,,,,,,,
47183,Puerta del Sol,Fraccionamiento,Arandas,Jalisco,Arandas,Caliente,,,,,,,,,,,,,,,,,,,
47183,Lomas del Chilarejo,Fraccionamiento,Arandas,Jalisco,Arandas,Caliente,,,,,,,,,,,,,,,,,,,
47183,Vallejo,Colonia,Arandas,Jalisco,Arandas,Tibio,,,,,,,,,,,,,,,,,,,
47183,Santuario,Colonia,Arandas,Jalisco,Arandas,Tibio,,,,,,,,,,,,,,,,,,,
47183,Loma Real,Fraccionamiento,Arandas,Jalisco,Arandas,Caliente,,,,,,,,,,,,,,,,,,,
47183,Mexiquito,Colonia,Arandas,Jalisco,Arandas,Tibio,,,,,,,,,,,,,,,,,,,
47183,Las Lomas,Fraccionamiento,Arandas,Jalisco,Arandas,Caliente,,,,,,,,,,,,,,,,,,,
47183,De las Américas,Fraccionamiento,Arandas,Jalisco,Arandas,Caliente,,,,,,,,,,,,,,,,,,,
47183,Peritas,Colonia,Arandas,Jalisco,Arandas,Tibio,,,,,,,,,,,,,,,,,,,
47184,Valle de las Arboledas,Fraccionamiento,Arandas,Jalisco,Arandas,Caliente,,,,,,,,,,,,,,,,,,,
47184,El Saltillo,Colonia,Arandas,Jalisco,Arandas,Tibio,,,,,,,,,,,,,,,,,,,
47184,Apacueco,Colonia,Arandas,Jalisco,Arandas,Tibio,,,,,,,,,,,,,,,,,,,
47184,Morales,Colonia,Arandas,Jalisco,Arandas,Tibio,,,,,,,,,,,,,,,,,,,
47184,Lagunas,Colonia,Arandas,Jalisco,Arandas,Tibio,,,,,,,,,,,,,,,,,,,
47184,El Carmen,Colonia,Arandas,Jalisco,Arandas,Tibio,,,,,,,,,,,,,,,,,,,
47184,Camino Real,Colonia,Arandas,Jalisco,Arandas,Tibio,,,,,,,,,,,,,,,,,,,
47184,Jardines de Santa María,Fraccionamiento,Arandas,Jalisco,Arandas,Caliente,,,,,,,,,,,,,,,,,,,
47184,Santa María de Guadalupe,Colonia,Arandas,Jalisco,Arandas,Tibio,,,,,,,,,,,,,,,,,,,
47184,Jardines de Arandas,Fraccionamiento,Arandas,Jalisco,Arandas,Caliente,,,,,,,,,,,,,,,,,,,
47184,INFONAVIT Lagunitas,Colonia,Arandas,Jalisco,Arandas,Tibio,,,,,,,,,,,,,,,,,,,
47184,Club Campestre,Fraccionamiento,Arandas,Jalisco,Arandas,Caliente,,,,,,,,,,,,,,,,,,,
47184,Jardines de la Glorieta,Fraccionamiento,Arandas,Jalisco,Arandas,Caliente,,,,,,,,,,,,,,,,,,,
47184,Lomas del Carmen,Colonia,Arandas,Jalisco,Arandas,Tibio,,,,,,,,,,,,,,,,,,,
47184,Parque de los Fresnos,Fraccionamiento,Arandas,Jalisco,Arandas,Caliente,,,,,,,,,,,,,,,,,,,
47184,Parque Industrial Santa María,Fraccionamiento,Arandas,Jalisco,Arandas,Caliente,,,,,,,,,,,,,,,,,,,
47185,Hacienda del Palomino,Fraccionamiento,Arandas,Jalisco,Arandas,Caliente,,,,,,,,,,,,,,,,,,,
47185,El Socorrito,Colonia,Arandas,Jalisco,Arandas,Tibio,,,,,,,,,,,,,,,,,,,
47185,Residencial Santa Rosa,Fraccionamiento,Arandas,Jalisco,Arandas,Caliente,,,,,,,,,,,,,,,,,,,
47185,Santa Bárbara,Colonia,Arandas,Jalisco,Arandas,Tibio,,,,,,,,,,,,,,,,,,,
47185,El Gallito,Fraccionamiento,Arandas,Jalisco,Arandas,Caliente,,,,,,,,,,,,,,,,,,,
47185,Santa Bárbara,Fraccionamiento,Arandas,Jalisco,Arandas,Caliente,,,,,,,,,,,,,,,,,,,
47185,Queretarito,Rancho,Arandas,Jalisco,Arandas,Frio,,,,,,,,,,,,,,,,,,,
47185,Rinconada de los Vázquez,Fraccionamiento,Arandas,Jalisco,Arandas,Caliente,,,,,,,,,,,,,,,,,,,
47185,Santa Rosa,Colonia,Arandas,Jalisco,Arandas,Tibio,,,,,,,,,,,,,,,,,,,
47186,La Garita,Rancho,Arandas,Jalisco,,Frio,,,,,,,,,,,,,,,,,,,
47186,San Francisco,Ranchería,Arandas,Jalisco,,Frio,,,,,,,,,,,,,,,,,,,
47186,El Nacimiento de Abajo,Ranchería,Arandas,Jalisco,,Frio,,,,,,,,,,,,,,,,,,,
47187,La Gloria,Ranchería,Arandas,Jalisco,,Frio,,,,,,,,,,,,,,,,,,,
47187,Ojo de Agua (Rincón de Molino),Ranchería,Arandas,Jalisco,,Frio,,,,,,,,,,,,,,,,,,,
47187,El Lienzo,Ranchería,Arandas,Jalisco,,Frio,,,,,,,,,,,,,,,,,,,
47187,La Corambre,Ranchería,Arandas,Jalisco,,Frio,,,,,,,,,,,,,,,,,,,
47187,Los Lobos,Ranchería,Arandas,Jalisco,,Frio,,,,,,,,,,,,,,,,,,,
47188,El Carrizal,Ranchería,Arandas,Jalisco,,Frio,,,,,,,,,,,,,,,,,,,
47188,El Nopal,Ranchería,Arandas,Jalisco,,Frio,,,,,,,,,,,,,,,,,,,
47188,El Tule,Ranchería,Arandas,Jalisco,,Frio,,,,,,,,,,,,,,,,,,,
47188,La Ermita,Ranchería,Arandas,Jalisco,,Frio,,,,,,,,,,,,,,,,,,,
47188,La Parada de Arriba,Ranchería,Arandas,Jalisco,,Frio,,,,,,,,,,,,,,,,,,,
47189,Timones,Rancho,Arandas,Jalisco,,Frio,,,,,,,,,,,,,,,,,,,
47189,La Campana,Ranchería,Arandas,Jalisco,,Frio,,,,,,,,,,,,,,,,,,,
47189,La Cieneguita,Ranchería,Arandas,Jalisco,,Frio,,,,,,,,,,,,,,,,,,,
47189,Rosas Azules,Ranchería,Arandas,Jalisco,,Frio,,,,,,,,,,,,,,,,,,,
47190,La Virgencita (El Pueblito),Colonia,San Ignacio Cerro Gordo,Jalisco,San Ignacio Cerro Gordo,Tibio,,,,,,,,,,,,,,,,,,,
47190,San Ignacio Cerro Gordo Centro,Colonia,San Ignacio Cerro Gordo,Jalisco,San Ignacio Cerro Gordo,Caliente,,,,,,,,,,,,,,,,,,,
47190,San José,Colonia,San Ignacio Cerro Gordo,Jalisco,San Ignacio Cerro Gordo,Tibio,,,,,,,,,,,,,,,,,,,
47192,Palenque,Colonia,San Ignacio Cerro Gordo,Jalisco,,Frio,,,,,,,,,,,,,,,,,,,
47192,La Loma de los Amoles (Loma de San Pedro),Colonia,San Ignacio Cerro Gordo,Jalisco,,Frio,,,,,,,,,,,,,,,,,,,
47192,Las Cruces,Ranchería,San Ignacio Cerro Gordo,Jalisco,,Frio,,,,,,,,,,,,,,,,,,,
47192,El Viborero,Ranchería,San Ignacio Cerro Gordo,Jalisco,,Frio,,,,,,,,,,,,,,,,,,,
47192,Cerro Gordo,Ranchería,San Ignacio Cerro Gordo,Jalisco,,Frio,,,,,,,,,,,,,,,,,,,
47193,El Tepozán,Colonia,San Ignacio Cerro Gordo,Jalisco,,Frio,,,,,,,,,,,,,,,,,,,
47193,Los Dolores,Ranchería,San Ignacio Cerro Gordo,Jalisco,,Frio,,,,,,,,,,,,,,,,,,,
47193,Tres Palos,Ranchería,San Ignacio Cerro Gordo,Jalisco,,Frio,,,,,,,,,,,,,,,,,,,
47194,El Alto (El Ato de Pastores),Colonia,San Ignacio Cerro Gordo,Jalisco,,Frio,,,,,,,,,,,,,,,,,,,
47194,Higuerillas,Ranchería,San Ignacio Cerro Gordo,Jalisco,,Frio,,,,,,,,,,,,,,,,,,,
47195,Sacamecate,Colonia,San Ignacio Cerro Gordo,Jalisco,,Frio,,,,,,,,,,,,,,,,,,,
47195,San Nicolás,Colonia,San Ignacio Cerro Gordo,Jalisco,,Frio,,,,,,,,,,,,,,,,,,,
47195,Presa de Barajas (El Crucero de Arandas),Colonia,San Ignacio Cerro Gordo,Jalisco,,Frio,,,,,,,,,,,,,,,,,,,
47195,Los Coyotes,Colonia,San Ignacio Cerro Gordo,Jalisco,,Frio,,,,,,,,,,,,,,,,,,,
47195,El Pueblito,Ranchería,San Ignacio Cerro Gordo,Jalisco,,Frio,,,,,,,,,,,,,,,,,,,
47195,Presa de Barajas,Ranchería,San Ignacio Cerro Gordo,Jalisco,,Frio,,,,,,,,,,,,,,,,,,,
47195,San Vicente,Ranchería,San Ignacio Cerro Gordo,Jalisco,,Frio,,,,,,,,,,,,,,,,,,,
47195,Tuna de Abajo (San Pascual),Ranchería,San Ignacio Cerro Gordo,Jalisco,,Frio,,,,,,,,,,,,,,,,,,,
47195,Jaquetas,Ranchería,San Ignacio Cerro Gordo,Jalisco,,Frio,,,,,,,,,,,,,,,,,,,
47195,La Trinidad,Ranchería,San Ignacio Cerro Gordo,Jalisco,,Frio,,,,,,,,,,,,,,,,,,,
47195,Loma Alta,Ranchería,San Ignacio Cerro Gordo,Jalisco,,Frio,,,,,,,,,,,,,,,,,,,
47196,Santa María del Valle,Pueblo,Arandas,Jalisco,,Frio,,,,,,,,,,,,,,,,,,,
47196,El Zapote,Ranchería,Arandas,Jalisco,,Frio,,,,,,,,,,,,,,,,,,,
47196,La Resolana,Ranchería,Arandas,Jalisco,,Frio,,,,,,,,,,,,,,,,,,,
47196,La Troja,Rancho,Arandas,Jalisco,,Frio,,,,,,,,,,,,,,,,,,,
47196,Bajío el Caracol,Rancho,Arandas,Jalisco,,Frio,,,,,,,,,,,,,,,,,,,
47196,La Rana,Ranchería,Arandas,Jalisco,,Frio,,,,,,,,,,,,,,,,,,,
47196,Los Agritos,Ranchería,Arandas,Jalisco,,Frio,,,,,,,,,,,,,,,,,,,
47197,Piedra Amarilla,Ranchería,Arandas,Jalisco,,Frio,,,,,,,,,,,,,,,,,,,
47197,Manuel Martínez Valadez (Agua Negra),Pueblo,Arandas,Jalisco,,Frio,,,,,,,,,,,,,,,,,,,
47197,Yerbabuena (Huizachal),Ranchería,Arandas,Jalisco,,Frio,,,,,,,,,,,,,,,,,,,
47197,Las Alazanas,Ranchería,Arandas,Jalisco,,Frio,,,,,,,,,,,,,,,,,,,
47197,Santiaguito (Santiaguito de Velázquez),Pueblo,Arandas,Jalisco,,Frio,,,,,,,,,,,,,,,,,,,
47197,Valle de San Antonio,Ranchería,Arandas,Jalisco,,Frio,,,,,,,,,,,,,,,,,,,
47200,Teocaltiche Centro,Colonia,Teocaltiche,Jalisco,Teocaltiche,Caliente,,,,,,,,,,,,,,,,,,,
47202,La Cruz,Colonia,Teocaltiche,Jalisco,Teocaltiche,Tibio,,,,,,,,,,,,,,,,,,,
47202,Colinas de la Cruz,Fraccionamiento,Teocaltiche,Jalisco,Teocaltiche,Caliente,,,,,,,,,,,,,,,,,,,
47202,Lomas de Teocaltiche,Fraccionamiento,Teocaltiche,Jalisco,Teocaltiche,Caliente,,,,,,,,,,,,,,,,,,,
47203,Bellavista,Colonia,Teocaltiche,Jalisco,Teocaltiche,Tibio,,,,,,,,,,,,,,,,,,,
47203,San Miguel Sur,Colonia,Teocaltiche,Jalisco,Teocaltiche,Tibio,,,,,,,,,,,,,,,,,,,
47203,Tavares,Colonia,Teocaltiche,Jalisco,Teocaltiche,Tibio,,,,,,,,,,,,,,,,,,,
47203,San Miguel Norte,Colonia,Teocaltiche,Jalisco,Teocaltiche,Tibio,,,,,,,,,,,,,,,,,,,
47203,CTM,Fraccionamiento,Teocaltiche,Jalisco,Teocaltiche,Caliente,,,,,,,,,,,,,,,,,,,
47204,Maravillas,Colonia,Teocaltiche,Jalisco,Teocaltiche,Tibio,,,,,,,,,,,,,,,,,,,
47204,Nueva Maravillas,Colonia,Teocaltiche,Jalisco,Teocaltiche,Tibio,,,,,,,,,,,,,,,,,,,
47204,Los Ángeles,Fraccionamiento,Teocaltiche,Jalisco,Teocaltiche,Caliente,,,,,,,,,,,,,,,,,,,
47204,Los Arcos,Fraccionamiento,Teocaltiche,Jalisco,Teocaltiche,Caliente,,,,,,,,,,,,,,,,,,,
47204,San Martín,Fraccionamiento,Teocaltiche,Jalisco,Teocaltiche,Caliente,,,,,,,,,,,,,,,,,,,
47206,Juárez,Colonia,Teocaltiche,Jalisco,Teocaltiche,Tibio,,,,,,,,,,,,,,,,,,,
47207,San Pedro,Colonia,Teocaltiche,Jalisco,Teocaltiche,Tibio,,,,,,,,,,,,,,,,,,,
47207,Magisterial,Fraccionamiento,Teocaltiche,Jalisco,Teocaltiche,Caliente,,,,,,,,,,,,,,,,,,,
47207,Arboledas,Fraccionamiento,Teocaltiche,Jalisco,Teocaltiche,Caliente,,,,,,,,,,,,,,,,,,,
47210,Mechoacanejo,Pueblo,Teocaltiche,Jalisco,,Frio,,,,,,,,,,,,,,,,,,,
47212,Las Cañadas,Ranchería,Teocaltiche,Jalisco,,Frio,,,,,,,,,,,,,,,,,,,
47212,Lomas de Mechoacanejo,Ranchería,Teocaltiche,Jalisco,,Frio,,,,,,,,,,,,,,,,,,,
47212,Los Árboles,Ranchería,Teocaltiche,Jalisco,,Frio,,,,,,,,,,,,,,,,,,,
47212,Los Santiagos,Ranchería,Teocaltiche,Jalisco,,Frio,,,,,,,,,,,,,,,,,,,
47212,San Isidro de Ramírez (San Isidro),Ranchería,Teocaltiche,Jalisco,,Frio,,,,,,,,,,,,,,,,,,,
47213,Agua Tinta Abajo,Ranchería,Teocaltiche,Jalisco,,Frio,,,,,,,,,,,,,,,,,,,
47213,Agua Tinta Arriba,Ranchería,Teocaltiche,Jalisco,,Frio,,,,,,,,,,,,,,,,,,,
47213,El Carretero,Ranchería,Teocaltiche,Jalisco,,Frio,,,,,,,,,,,,,,,,,,,
47213,Loma de Calera,Ranchería,Teocaltiche,Jalisco,,Frio,,,,,,,,,,,,,,,,,,,
47213,Los García,Ranchería,Teocaltiche,Jalisco,,Frio,,,,,,,,,,,,,,,,,,,
47213,Los Mirasoles de Abajo,Ranchería,Teocaltiche,Jalisco,,Frio,,,,,,,,,,,,,,,,,,,
47213,Los Pocitos,Ranchería,Teocaltiche,Jalisco,,Frio,,,,,,,,,,,,,,,,,,,
47213,Los Pérez,Ranchería,Teocaltiche,Jalisco,,Frio,,,,,,,,,,,,,,,,,,,
47213,San Antonio de Calera (San Antonio),Ranchería,Teocaltiche,Jalisco,,Frio,,,,,,,,,,,,,,,,,,,
47214,Ahuetita de Enmedio (La Capilla),Ranchería,Teocaltiche,Jalisco,,Frio,,,,,,,,,,,,,,,,,,,
47214,El Baluarte,Ranchería,Teocaltiche,Jalisco,,Frio,,,,,,,,,,,,,,,,,,,
47214,El Ojo de Agua,Ranchería,Teocaltiche,Jalisco,,Frio,,,,,,,,,,,,,,,,,,,
47214,La Cruz Gorda,Ranchería,Teocaltiche,Jalisco,,Frio,,,,,,,,,,,,,,,,,,,
47214,Las Tres Alamedas,Ranchería,Teocaltiche,Jalisco,,Frio,,,,,,,,,,,,,,,,,,,
47214,Rancho el Jaral,Ranchería,Teocaltiche,Jalisco,,Frio,,,,,,,,,,,,,,,,,,,
47215,La Calera,Ranchería,Teocaltiche,Jalisco,,Frio,,,,,,,,,,,,,,,,,,,
47215,Calerita,Ranchería,Teocaltiche,Jalisco,,Frio,,,,,,,,,,,,,,,,,,,
47215,La Ciudad de los Niños,Ranchería,Teocaltiche,Jalisco,,Frio,,,,,,,,,,,,,,,,,,,
47215,La Tejuinera,Ranchería,Teocaltiche,Jalisco,,Frio,,,,,,,,,,,,,,,,,,,
47216,Buenavista,Ranchería,Teocaltiche,Jalisco,,Frio,,,,,,,,,,,,,,,,,,,
47216,El Salitre,Congregación,Teocaltiche,Jalisco,,Frio,,,,,,,,,,,,,,,,,,,
47216,El Crucero,Ranchería,Teocaltiche,Jalisco,,Frio,,,,,,,,,,,,,,,,,,,
47216,El Porvenir,Ranchería,Teocaltiche,Jalisco,,Frio,,,,,,,,,,,,,,,,,,,
47216,La Parrita,Ranchería,Teocaltiche,Jalisco,,Frio,,,,,,,,,,,,,,,,,,,
47217,El Rosario,Ranchería,Teocaltiche,Jalisco,,Frio,,,,,,,,,,,,,,,,,,,
47217,Las Lagunitas,Ranchería,Teocaltiche,Jalisco,,Frio,,,,,,,,,,,,,,,,,,,
47218,El Saucito,Ranchería,Teocaltiche,Jalisco,,Frio,,,,,,,,,,,,,,,,,,,
47218,El Santo,Ranchería,Teocaltiche,Jalisco,,Frio,,,,,,,,,,,,,,,,,,,
47218,Los Saúcos,Ranchería,Teocaltiche,Jalisco,,Frio,,,,,,,,,,,,,,,,,,,
47218,Rancho Mayor,Ranchería,Teocaltiche,Jalisco,,Frio,,,,,,,,,,,,,,,,,,,
47220,Belén del Refugio,Congregación,Teocaltiche,Jalisco,,Frio,,,,,,,,,,,,,,,,,,,
47220,José de Jesús Aguirre,Pueblo,Teocaltiche,Jalisco,,Frio,,,,,,,,,,,,,,,,,,,
47220,Rancho Cuatro Vientos,Ranchería,Teocaltiche,Jalisco,,Frio,,,,,,,,,,,,,,,,,,,
47220,San José de la Haciendita,Ranchería,Teocaltiche,Jalisco,,Frio,,,,,,,,,,,,,,,,,,,
47220,San Roque (El Barrio),Ranchería,Teocaltiche,Jalisco,,Frio,,,,,,,,,,,,,,,,,,,
47223,Corral Blanco,Ranchería,Teocaltiche,Jalisco,,Frio,,,,,,,,,,,,,,,,,,,
47223,La Concha,Ranchería,Teocaltiche,Jalisco,,Frio,,,,,,,,,,,,,,,,,,,
47223,Las Águilas,Ranchería,Teocaltiche,Jalisco,,Frio,,,,,,,,,,,,,,,,,,,
47224,El Pando,Ranchería,Teocaltiche,Jalisco,,Frio,,,,,,,,,,,,,,,,,,,
47225,El Álamo de Abajo,Ranchería,Teocaltiche,Jalisco,,Frio,,,,,,,,,,,,,,,,,,,
47225,El Álamo de Arriba,Ranchería,Teocaltiche,Jalisco,,Frio,,,,,,,,,,,,,,,,,,,
47226,Cerrito Colorado,Ranchería,Teocaltiche,Jalisco,,Frio,,,,,,,,,,,,,,,,,,,
47226,El Derramadero,Ranchería,Teocaltiche,Jalisco,,Frio,,,,,,,,,,,,,,,,,,,
47226,El Soyatal,Ranchería,Teocaltiche,Jalisco,,Frio,,,,,,,,,,,,,,,,,,,
47226,La Soledad,Ranchería,Teocaltiche,Jalisco,,Frio,,,,,,,,,,,,,,,,,,,
47226,San Francisco del Rincón (El Rincón),Ranchería,Teocaltiche,Jalisco,,Frio,,,,,,,,,,,,,,,,,,,
47227,San José de Ajojúcar,Ranchería,Teocaltiche,Jalisco,,Frio,,,,,,,,,,,,,,,,,,,
47228,Las Flores,Ejido,Teocaltiche,Jalisco,,Frio,,,,,,,,,,,,,,,,,,,
47228,Rincón de la Presa,Ranchería,Teocaltiche,Jalisco,,Frio,,,,,,,,,,,,,,,,,,,
47229,Gavilán de Abajo,Ranchería,Teocaltiche,Jalisco,,Frio,,,,,,,,,,,,,,,,,,,
47229,Gavilán de Arriba,Ranchería,Teocaltiche,Jalisco,,Frio,,,,,,,,,,,,,,,,,,,
47229,San Bernardo,Ranchería,Teocaltiche,Jalisco,,Frio,,,,,,,,,,,,,,,,,,,
47230,Ostotán,Congregación,Teocaltiche,Jalisco,,Frio,,,,,,,,,,,,,,,,,,,
47232,Teocaltitán,Ranchería,Teocaltiche,Jalisco,,Frio,,,,,,,,,,,,,,,,,,,
47235,El Talayote (El Morisco),Ranchería,Teocaltiche,Jalisco,,Frio,,,,,,,,,,,,,,,,,,,
47236,Acaspoluca,Ranchería,Teocaltiche,Jalisco,,Frio,,,,,,,,,,,,,,,,,,,
47236,La Esperanza,Ranchería,Teocaltiche,Jalisco,,Frio,,,,,,,,,,,,,,,,,,,
47237,Huejotitlán,Ranchería,Teocaltiche,Jalisco,,Frio,,,,,,,,,,,,,,,,,,,
47237,Ahuetita de Abajo,Ranchería,Teocaltiche,Jalisco,,Frio,,,,,,,,,,,,,,,,,,,
47237,Analco,Ranchería,Teocaltiche,Jalisco,,Frio,,,,,,,,,,,,,,,,,,,
47237,Cañada del Rey,Ranchería,Teocaltiche,Jalisco,,Frio,,,,,,,,,,,,,,,,,,,
47237,El Alto de Ahuetita,Ranchería,Teocaltiche,Jalisco,,Frio,,,,,,,,,,,,,,,,,,,
47238,Santa Bárbara,Ranchería,Teocaltiche,Jalisco,,Frio,,,,,,,,,,,,,,,,,,,
47239,Mascua,Ranchería,Teocaltiche,Jalisco,,Frio,,,,,,,,,,,,,,,,,,,
47240,Villa de Ornelas (Ornelas),Congregación,Teocaltiche,Jalisco,,Frio,,,,,,,,,,,,,,,,,,,
47240,Halconero de Abajo,Ranchería,Teocaltiche,Jalisco,,Frio,,,,,,,,,,,,,,,,,,,
47240,Las Juntas,Ranchería,Teocaltiche,Jalisco,,Frio,,,,,,,,,,,,,,,,,,,
47243,Llano de Halconero,Ranchería,Teocaltiche,Jalisco,,Frio,,,,,,,,,,,,,,,,,,,
47243,Paso de la Canoa,Ranchería,Teocaltiche,Jalisco,,Frio,,,,,,,,,,,,,,,,,,,
47243,Rincón de los Cedros,Ranchería,Teocaltiche,Jalisco,,Frio,,,,,,,,,,,,,,,,,,,
47244,El Cuartel,Ranchería,Teocaltiche,Jalisco,,Frio,,,,,,,,,,,,,,,,,,,
47244,El Mirador,Ranchería,Teocaltiche,Jalisco,,Frio,,,,,,,,,,,,,,,,,,,
47244,Los Barrenos,Ranchería,Teocaltiche,Jalisco,,Frio,,,,,,,,,,,,,,,,,,,
47244,Rancho Nuevo,Ranchería,Teocaltiche,Jalisco,,Frio,,,,,,,,,,,,,,,,,,,
47245,Cerro de los Gregorios,Ranchería,Teocaltiche,Jalisco,,Frio,,,,,,,,,,,,,,,,,,,
47245,El Barrio,Ranchería,Teocaltiche,Jalisco,,Frio,,,,,,,,,,,,,,,,,,,
47246,Atepoca Abajo,Ranchería,Teocaltiche,Jalisco,,Frio,,,,,,,,,,,,,,,,,,,
47246,El Eucalipto,Ranchería,Teocaltiche,Jalisco,,Frio,,,,,,,,,,,,,,,,,,,
47246,Hacienda el Tequezquite,Ranchería,Teocaltiche,Jalisco,,Frio,,,,,,,,,,,,,,,,,,,
47246,La Capilla,Ranchería,Teocaltiche,Jalisco,,Frio,,,,,,,,,,,,,,,,,,,
47246,Los Órganos,Ranchería,Teocaltiche,Jalisco,,Frio,,,,,,,,,,,,,,,,,,,
47246,Los Tepetates,Ranchería,Teocaltiche,Jalisco,,Frio,,,,,,,,,,,,,,,,,,,
47246,Providencia San Martín,Ranchería,Teocaltiche,Jalisco,,Frio,,,,,,,,,,,,,,,,,,,
47246,San Isidro,Ranchería,Teocaltiche,Jalisco,,Frio,,,,,,,,,,,,,,,,,,,
47247,El Pedregoso,Ranchería,Teocaltiche,Jalisco,,Frio,,,,,,,,,,,,,,,,,,,
47247,La Máquina,Ranchería,Teocaltiche,Jalisco,,Frio,,,,,,,,,,,,,,,,,,,
47248,La Trinidad,Ranchería,Teocaltiche,Jalisco,,Frio,,,,,,,,,,,,,,,,,,,
47248,El Tablero,Ranchería,Teocaltiche,Jalisco,,Frio,,,,,,,,,,,,,,,,,,,
47248,Tonalán,Ranchería,Teocaltiche,Jalisco,,Frio,,,,,,,,,,,,,,,,,,,
47249,El Pueblito,Ranchería,Teocaltiche,Jalisco,,Frio,,,,,,,,,,,,,,,,,,,
47249,El Refugio (Las Urracas),Ranchería,Teocaltiche,Jalisco,,Frio,,,,,,,,,,,,,,,,,,,
47249,Sierrita de los Dolores (La Sierrita),Ranchería,Teocaltiche,Jalisco,,Frio,,,,,,,,,,,,,,,,,,,
47250,Villa Hidalgo Centro,Colonia,Villa Hidalgo,Jalisco,Villa Hidalgo,Caliente,,,,,,,,,,,,,,,,,,,
47252,San Francisco,Colonia,Villa Hidalgo,Jalisco,Villa Hidalgo,Tibio,,,,,,,,,,,,,,,,,,,
47252,Villa del Sol,Colonia,Villa Hidalgo,Jalisco,Villa Hidalgo,Tibio,,,,,,,,,,,,,,,,,,,
47252,Primavera,Fraccionamiento,Villa Hidalgo,Jalisco,Villa Hidalgo,Caliente,,,,,,,,,,,,,,,,,,,
47252,Los Galavices,Colonia,Villa Hidalgo,Jalisco,Villa Hidalgo,Tibio,,,,,,,,,,,,,,,,,,,
47252,Norte I,Fraccionamiento,Villa Hidalgo,Jalisco,Villa Hidalgo,Caliente,,,,,,,,,,,,,,,,,,,
47252,FONHAPO Vista del Sol,Colonia,Villa Hidalgo,Jalisco,Villa Hidalgo,Tibio,,,,,,,,,,,,,,,,,,,
47252,La Villita,Colonia,Villa Hidalgo,Jalisco,Villa Hidalgo,Tibio,,,,,,,,,,,,,,,,,,,
47252,Progreso,Colonia,Villa Hidalgo,Jalisco,Villa Hidalgo,Tibio,,,,,,,,,,,,,,,,,,,
47252,Club de Leones,Colonia,Villa Hidalgo,Jalisco,Villa Hidalgo,Tibio,,,,,,,,,,,,,,,,,,,
47253,Residencial El Bajío,Fraccionamiento,Villa Hidalgo,Jalisco,Villa Hidalgo,Caliente,,,,,,,,,,,,,,,,,,,
47253,Santa Fe,Colonia,Villa Hidalgo,Jalisco,Villa Hidalgo,Tibio,,,,,,,,,,,,,,,,,,,
47253,Los Cedros,Colonia,Villa Hidalgo,Jalisco,Villa Hidalgo,Tibio,,,,,,,,,,,,,,,,,,,
47253,Buenos Aires,Colonia,Villa Hidalgo,Jalisco,Villa Hidalgo,Tibio,,,,,,,,,,,,,,,,,,,
47253,Villa Alborada,Colonia,Villa Hidalgo,Jalisco,Villa Hidalgo,Tibio,,,,,,,,,,,,,,,,,,,
47253,Camino Real,Colonia,Villa Hidalgo,Jalisco,Villa Hidalgo,Tibio,,,,,,,,,,,,,,,,,,,
47253,Parque Industrial,Colonia,Villa Hidalgo,Jalisco,Villa Hidalgo,Caliente,,,,,,,,,,,,,,,,,,,
47254,Balcones del Alto,Colonia,Villa Hidalgo,Jalisco,Villa Hidalgo,Tibio,,,,,,,,,,,,,,,,,,,
47254,Olímpica,Colonia,Villa Hidalgo,Jalisco,Villa Hidalgo,Tibio,,,,,,,,,,,,,,,,,,,
47254,La Cruz,Colonia,Villa Hidalgo,Jalisco,Villa Hidalgo,Tibio,,,,,,,,,,,,,,,,,,,
47254,Santa Teresa,Colonia,Villa Hidalgo,Jalisco,Villa Hidalgo,Tibio,,,,,,,,,,,,,,,,,,,
47254,Vista Hermosa,Colonia,Villa Hidalgo,Jalisco,Villa Hidalgo,Tibio,,,,,,,,,,,,,,,,,,,
47254,Lomas Santa Teresa,Colonia,Villa Hidalgo,Jalisco,Villa Hidalgo,Tibio,,,,,,,,,,,,,,,,,,,
47256,Juiquinaque,Ranchería,Villa Hidalgo,Jalisco,,Frio,,,,,,,,,,,,,,,,,,,
47258,Arroyo Seco de Abajo,Colonia,Villa Hidalgo,Jalisco,,Frio,,,,,,,,,,,,,,,,,,,
47258,Arroyo Seco de Arriba,Colonia,Villa Hidalgo,Jalisco,,Frio,,,,,,,,,,,,,,,,,,,
47259,El Centro,Ranchería,Villa Hidalgo,Jalisco,,Frio,,,,,,,,,,,,,,,,,,,
47259,La Huerta de los Rayos,Ranchería,Villa Hidalgo,Jalisco,,Frio,,,,,,,,,,,,,,,,,,,
47260,San Ignacio de Abajo,Ranchería,Villa Hidalgo,Jalisco,,Frio,,,,,,,,,,,,,,,,,,,
47260,Tepusco,Ranchería,Villa Hidalgo,Jalisco,,Frio,,,,,,,,,,,,,,,,,,,
47263,Los Yáñez,Ranchería,Villa Hidalgo,Jalisco,,Frio,,,,,,,,,,,,,,,,,,,
47264,Los Gonzalez,Ranchería,Villa Hidalgo,Jalisco,,Frio,,,,,,,,,,,,,,,,,,,
47265,Corral Blanco,Ranchería,Villa Hidalgo,Jalisco,,Frio,,,,,,,,,,,,,,,,,,,
47267,San Juanico de Abajo,Ranchería,Villa Hidalgo,Jalisco,,Frio,,,,,,,,,,,,,,,,,,,
47268,El Chilarillo,Ranchería,Villa Hidalgo,Jalisco,,Frio,,,,,,,,,,,,,,,,,,,
47269,San Juanico de Arriba,Ranchería,Villa Hidalgo,Jalisco,,Frio,,,,,,,,,,,,,,,,,,,
47270,Loma Linda,Colonia,Encarnación de Díaz,Jalisco,,Frio,,,,,,,,,,,,,,,,,,,
47270,El Mezquitito,Colonia,Encarnación de Díaz,Jalisco,,Frio,,,,,,,,,,,,,,,,,,,
47270,Residencial Las Villas,Fraccionamiento,Encarnación de Díaz,Jalisco,,Frio,,,,,,,,,,,,,,,,,,,
47270,Paseos de la Montaña,Fraccionamiento,Encarnación de Díaz,Jalisco,,Frio,,,,,,,,,,,,,,,,,,,
47270,Buenavista,Fraccionamiento,Encarnación de Díaz,Jalisco,,Frio,,,,,,,,,,,,,,,,,,,
47270,La Esperanza,Colonia,Encarnación de Díaz,Jalisco,,Frio,,,,,,,,,,,,,,,,,,,
47270,Los Altos Residencial,Fraccionamiento,Encarnación de Díaz,Jalisco,,Frio,,,,,,,,,,,,,,,,,,,
47270,Residencial San Fernando,Fraccionamiento,Encarnación de Díaz,Jalisco,,Frio,,,,,,,,,,,,,,,,,,,
47270,El Toreo,Colonia,Encarnación de Díaz,Jalisco,,Frio,,,,,,,,,,,,,,,,,,,
47270,Pedregal,Colonia,Encarnación de Díaz,Jalisco,,Frio,,,,,,,,,,,,,,,,,,,
47270,Santa Fe,Colonia,Encarnación de Díaz,Jalisco,,Frio,,,,,,,,,,,,,,,,,,,
47270,Guadalupano,Colonia,Encarnación de Díaz,Jalisco,,Frio,,,,,,,,,,,,,,,,,,,
47270,Lomas de Lourdes,Colonia,Encarnación de Díaz,Jalisco,,Frio,,,,,,,,,,,,,,,,,,,
47270,México,Colonia,Encarnación de Díaz,Jalisco,,Frio,,,,,,,,,,,,,,,,,,,
47270,Lázaro Cárdenas,Fraccionamiento,Encarnación de Díaz,Jalisco,,Frio,,,,,,,,,,,,,,,,,,,
47270,El Mirador,Fraccionamiento,Encarnación de Díaz,Jalisco,,Frio,,,,,,,,,,,,,,,,,,,
47270,Emiliano Zapata,Fraccionamiento,Encarnación de Díaz,Jalisco,,Frio,,,,,,,,,,,,,,,,,,,
47270,Ejidal,Colonia,Encarnación de Díaz,Jalisco,,Frio,,,,,,,,,,,,,,,,,,,
47270,Las Arboledas,Colonia,Encarnación de Díaz,Jalisco,,Frio,,,,,,,,,,,,,,,,,,,
47270,Loma Bonita,Colonia,Encarnación de Díaz,Jalisco,,Frio,,,,,,,,,,,,,,,,,,,
47270,Constitución,Colonia,Encarnación de Díaz,Jalisco,,Frio,,,,,,,,,,,,,,,,,,,
47270,Encarnación,Colonia,Encarnación de Díaz,Jalisco,,Frio,,,,,,,,,,,,,,,,,,,
47270,Alta Vista,Colonia,Encarnación de Díaz,Jalisco,,Frio,,,,,,,,,,,,,,,,,,,
47270,Santa Teresa,Colonia,Encarnación de Díaz,Jalisco,,Frio,,,,,,,,,,,,,,,,,,,
47270,Revolución,Colonia,Encarnación de Díaz,Jalisco,,Frio,,,,,,,,,,,,,,,,,,,
47270,Las Américas,Colonia,Encarnación de Díaz,Jalisco,,Frio,,,,,,,,,,,,,,,,,,,
47270,Real de Haciendas,Fraccionamiento,Encarnación de Díaz,Jalisco,,Frio,,,,,,,,,,,,,,,,,,,
47270,Prados del Parque,Colonia,Encarnación de Díaz,Jalisco,,Frio,,,,,,,,,,,,,,,,,,,
47270,El Mosaico,Fraccionamiento,Encarnación de Díaz,Jalisco,,Frio,,,,,,,,,,,,,,,,,,,
47270,El Tule,Colonia,Encarnación de Díaz,Jalisco,,Frio,,,,,,,,,,,,,,,,,,,
47270,Lomas de la Estación,Colonia,Encarnación de Díaz,Jalisco,,Frio,,,,,,,,,,,,,,,,,,,
47270,Ferrocarril,Colonia,Encarnación de Díaz,Jalisco,,Frio,,,,,,,,,,,,,,,,,,,
47270,Encarnación de Díaz Centro,Colonia,Encarnación de Díaz,Jalisco,,Frio,,,,,,,,,,,,,,,,,,,
47270,España,Colonia,Encarnación de Díaz,Jalisco,,Frio,,,,,,,,,,,,,,,,,,,
47270,Niños Héroes,Colonia,Encarnación de Díaz,Jalisco,,Frio,,,,,,,,,,,,,,,,,,,
47270,San Pablo,Colonia,Encarnación de Díaz,Jalisco,,Frio,,,,,,,,,,,,,,,,,,,
47270,Buenos Aires,Colonia,Encarnación de Díaz,Jalisco,,Frio,,,,,,,,,,,,,,,,,,,
47270,El Rosario,Colonia,Encarnación de Díaz,Jalisco,,Frio,,,,,,,,,,,,,,,,,,,
47270,El Arenal,Colonia,Encarnación de Díaz,Jalisco,,Frio,,,,,,,,,,,,,,,,,,,
47270,Independencia,Colonia,Encarnación de Díaz,Jalisco,,Frio,,,,,,,,,,,,,,,,,,,
47270,Puente Chico,Colonia,Encarnación de Díaz,Jalisco,,Frio,,,,,,,,,,,,,,,,,,,
47270,La Villita,Colonia,Encarnación de Díaz,Jalisco,,Frio,,,,,,,,,,,,,,,,,,,
47270,Alto,Colonia,Encarnación de Díaz,Jalisco,,Frio,,,,,,,,,,,,,,,,,,,
47270,El Refugio,Colonia,Encarnación de Díaz,Jalisco,,Frio,,,,,,,,,,,,,,,,,,,
47270,Las Flores,Colonia,Encarnación de Díaz,Jalisco,,Frio,,,,,,,,,,,,,,,,,,,
47270,Libertad,Colonia,Encarnación de Díaz,Jalisco,,Frio,,,,,,,,,,,,,,,,,,,
47270,Prados de la Estación,Colonia,Encarnación de Díaz,Jalisco,,Frio,,,,,,,,,,,,,,,,,,,
47270,La Noria,Colonia,Encarnación de Díaz,Jalisco,,Frio,,,,,,,,,,,,,,,,,,,
47274,San Marcos de Arriba (San Marcos del Refugio),Colonia,Encarnación de Díaz,Jalisco,,Frio,,,,,,,,,,,,,,,,,,,
47275,El Salvador,Ranchería,Encarnación de Díaz,Jalisco,,Frio,,,,,,,,,,,,,,,,,,,
47275,Las Pilas de Arriba,Ranchería,Encarnación de Díaz,Jalisco,,Frio,,,,,,,,,,,,,,,,,,,
47275,El Jaralillo,Colonia,Encarnación de Díaz,Jalisco,,Frio,,,,,,,,,,,,,,,,,,,
47275,El Tigre,Colonia,Encarnación de Díaz,Jalisco,,Frio,,,,,,,,,,,,,,,,,,,
47276,Huaracha,Ranchería,Encarnación de Díaz,Jalisco,,Frio,,,,,,,,,,,,,,,,,,,
47280,La Bandera,Barrio,Encarnación de Díaz,Jalisco,,Frio,,,,,,,,,,,,,,,,,,,
47280,Bajío de San José,Pueblo,Encarnación de Díaz,Jalisco,,Frio,,,,,,,,,,,,,,,,,,,
47280,Rangel,Colonia,Encarnación de Díaz,Jalisco,,Frio,,,,,,,,,,,,,,,,,,,
47280,Arboledas de San José,Colonia,Encarnación de Díaz,Jalisco,,Frio,,,,,,,,,,,,,,,,,,,
47282,La Trinidad,Pueblo,Encarnación de Díaz,Jalisco,,Frio,,,,,,,,,,,,,,,,,,,
47282,El Tecuán,Hacienda,Encarnación de Díaz,Jalisco,,Frio,,,,,,,,,,,,,,,,,,,
47283,Las Güeras,Colonia,Encarnación de Díaz,Jalisco,,Frio,,,,,,,,,,,,,,,,,,,
47283,Los Tajos,Colonia,Encarnación de Díaz,Jalisco,,Frio,,,,,,,,,,,,,,,,,,,
47283,El Codo,Ranchería,Encarnación de Díaz,Jalisco,,Frio,,,,,,,,,,,,,,,,,,,
47285,Mesón de los Sauces,Pueblo,Encarnación de Díaz,Jalisco,,Frio,,,,,,,,,,,,,,,,,,,
47288,El Tropezón,Ranchería,Encarnación de Díaz,Jalisco,,Frio,,,,,,,,,,,,,,,,,,,
47288,Mariquita,Ranchería,Encarnación de Díaz,Jalisco,,Frio,,,,,,,,,,,,,,,,,,,
47288,Las Jaulas,Ranchería,Encarnación de Díaz,Jalisco,,Frio,,,,,,,,,,,,,,,,,,,
47290,San Sebastián del Álamo,Colonia,Encarnación de Díaz,Jalisco,,Frio,,,,,,,,,,,,,,,,,,,
47293,Ciénega de Mora,Colonia,Encarnación de Díaz,Jalisco,,Frio,,,,,,,,,,,,,,,,,,,
47293,Media Luna,Ranchería,Encarnación de Díaz,Jalisco,,Frio,,,,,,,,,,,,,,,,,,,
47294,Caquixtle de Arriba,Colonia,Encarnación de Díaz,Jalisco,,Frio,,,,,,,,,,,,,,,,,,,
47294,Caquixtle de Abajo,Ranchería,Encarnación de Díaz,Jalisco,,Frio,,,,,,,,,,,,,,,,,,,
47294,Corral de Piedra,Colonia,Encarnación de Díaz,Jalisco,,Frio,,,,,,,,,,,,,,,,,,,
47294,La Magdalena,Ranchería,Encarnación de Díaz,Jalisco,,Frio,,,,,,,,,,,,,,,,,,,
47295,Santa Bárbara (Estación Castro),Colonia,Encarnación de Díaz,Jalisco,,Frio,,,,,,,,,,,,,,,,,,,
47295,Santa Bárbara,Hacienda,Encarnación de Díaz,Jalisco,,Frio,,,,,,,,,,,,,,,,,,,
47296,Santa María Transpontina,Colonia,Encarnación de Díaz,Jalisco,,Frio,,,,,,,,,,,,,,,,,,,
47298,Estación San Juan de los Lagos,Colonia,Encarnación de Díaz,Jalisco,,Frio,,,,,,,,,,,,,,,,,,,
47298,Santa María de Enmedio,Colonia,Encarnación de Díaz,Jalisco,,Frio,,,,,,,,,,,,,,,,,,,
47300,La Cantera,Colonia,Yahualica de González Gallo,Jalisco,Yahualica de González Gallo,Tibio,,,,,,,,,,,,,,,,,,,
47300,Rastro,Colonia,Yahualica de González Gallo,Jalisco,Yahualica de González Gallo,Tibio,,,,,,,,,,,,,,,,,,,
47300,La Presa,Colonia,Yahualica de González Gallo,Jalisco,Yahualica de González Gallo,Tibio,,,,,,,,,,,,,,,,,,,
47300,El Panteón,Colonia,Yahualica de González Gallo,Jalisco,Yahualica de González Gallo,Tibio,,,,,,,,,,,,,,,,,,,
47300,La Prepa,Colonia,Yahualica de González Gallo,Jalisco,Yahualica de González Gallo,Tibio,,,,,,,,,,,,,,,,,,,
47300,Cruz de Zacate,Colonia,Yahualica de González Gallo,Jalisco,Yahualica de González Gallo,Tibio,,,,,,,,,,,,,,,,,,,
47300,La Ermita,Colonia,Yahualica de González Gallo,Jalisco,Yahualica de González Gallo,Tibio,,,,,,,,,,,,,,,,,,,
47300,México Chico,Colonia,Yahualica de González Gallo,Jalisco,Yahualica de González Gallo,Tibio,,,,,,,,,,,,,,,,,,,
47300,Tepeyac,Colonia,Yahualica de González Gallo,Jalisco,Yahualica de González Gallo,Tibio,,,,,,,,,,,,,,,,,,,
47300,La Calera,Colonia,Yahualica de González Gallo,Jalisco,Yahualica de González Gallo,Tibio,,,,,,,,,,,,,,,,,,,
47300,Tecoluta,Colonia,Yahualica de González Gallo,Jalisco,Yahualica de González Gallo,Tibio,,,,,,,,,,,,,,,,,,,
47300,Yahualica de González Gallo Centro,Colonia,Yahualica de González Gallo,Jalisco,Yahualica de González Gallo,Caliente,,,,,,,,,,,,,,,,,,,
47300,CBTA,Fraccionamiento,Yahualica de González Gallo,Jalisco,Yahualica de González Gallo,Caliente,,,,,,,,,,,,,,,,,,,
47302,El Mirador,Fraccionamiento,Yahualica de González Gallo,Jalisco,Yahualica de González Gallo,Caliente,,,,,,,,,,,,,,,,,,,
47303,La Cerca Blanca,Fraccionamiento,Yahualica de González Gallo,Jalisco,Yahualica de González Gallo,Caliente,,,,,,,,,,,,,,,,,,,
47308,Ruvalcaba,Ranchería,Yahualica de González Gallo,Jalisco,,Frio,,,,,,,,,,,,,,,,,,,
47309,Nangue Del Refugio,Ranchería,Yahualica de González Gallo,Jalisco,,Frio,,,,,,,,,,,,,,,,,,,
47310,Huisquilco,Pueblo,Yahualica de González Gallo,Jalisco,,Frio,,,,,,,,,,,,,,,,,,,
47313,El Baluarte,Ranchería,Yahualica de González Gallo,Jalisco,,Frio,,,,,,,,,,,,,,,,,,,
47313,La Tapona,Ranchería,Yahualica de González Gallo,Jalisco,,Frio,,,,,,,,,,,,,,,,,,,
47314,La Cucharita,Ranchería,Yahualica de González Gallo,Jalisco,,Frio,,,,,,,,,,,,,,,,,,,
47315,Los Pastores,Ranchería,Yahualica de González Gallo,Jalisco,,Frio,,,,,,,,,,,,,,,,,,,
47315,San Isidro,Ranchería,Yahualica de González Gallo,Jalisco,,Frio,,,,,,,,,,,,,,,,,,,
47320,El Durazno,Ranchería,Yahualica de González Gallo,Jalisco,,Frio,,,,,,,,,,,,,,,,,,,
47325,Río Colorado de Arriba (Palo Gacho),Ranchería,Yahualica de González Gallo,Jalisco,,Frio,,,,,,,,,,,,,,,,,,,
47325,Agua Colorada,Ranchería,Yahualica de González Gallo,Jalisco,,Frio,,,,,,,,,,,,,,,,,,,
47327,Río Colorado de Abajo,Ranchería,Yahualica de González Gallo,Jalisco,,Frio,,,,,,,,,,,,,,,,,,,
47330,Las Ciénegas,Colonia,Yahualica de González Gallo,Jalisco,,Frio,,,,,,,,,,,,,,,,,,,
47330,La Jarrilla,Ranchería,Yahualica de González Gallo,Jalisco,,Frio,,,,,,,,,,,,,,,,,,,
47330,Manalisco,Pueblo,Yahualica de González Gallo,Jalisco,,Frio,,,,,,,,,,,,,,,,,,,
47334,Apozol de Gutiérrez,Ranchería,Yahualica de González Gallo,Jalisco,,Frio,,,,,,,,,,,,,,,,,,,
47334,Casas Viejas,Ranchería,Yahualica de González Gallo,Jalisco,,Frio,,,,,,,,,,,,,,,,,,,
47335,La Labor de Vargas,Ranchería,Yahualica de González Gallo,Jalisco,,Frio,,,,,,,,,,,,,,,,,,,
47336,San Antonio,Ranchería,Yahualica de González Gallo,Jalisco,,Frio,,,,,,,,,,,,,,,,,,,
47337,La Estancia,Ranchería,Yahualica de González Gallo,Jalisco,,Frio,,,,,,,,,,,,,,,,,,,
47337,Santillan,Ranchería,Yahualica de González Gallo,Jalisco,,Frio,,,,,,,,,,,,,,,,,,,
47338,Ocotes de Moya,Ranchería,Yahualica de González Gallo,Jalisco,,Frio,,,,,,,,,,,,,,,,,,,
47339,La Labor de San Ignacio,Ranchería,Yahualica de González Gallo,Jalisco,,Frio,,,,,,,,,,,,,,,,,,,
47340,Mexticacán Centro,Colonia,Mexticacán,Jalisco,,Frio,,,,,,,,,,,,,,,,,,,
47343,El Santuario (Santuario del Sagrado Corazón),Ranchería,Mexticacán,Jalisco,,Frio,,,,,,,,,,,,,,,,,,,
47344,Acasico,Congregación,Mexticacán,Jalisco,,Frio,,,,,,,,,,,,,,,,,,,
47347,Ciudad de los Mártires,Equipamiento,Mexticacán,Jalisco,,Frio,,,,,,,,,,,,,,,,,,,
47347,Cañada de Islas,Ranchería,Mexticacán,Jalisco,,Frio,,,,,,,,,,,,,,,,,,,
47348,San Felipe,Ranchería,Mexticacán,Jalisco,,Frio,,,,,,,,,,,,,,,,,,,
47350,Ojuelos (San José de Ojuelos),Pueblo,Mexticacán,Jalisco,,Frio,,,,,,,,,,,,,,,,,,,
47359,Chimaliquín de Arriba,Ranchería,Mexticacán,Jalisco,,Frio,,,,,,,,,,,,,,,,,,,
47359,Tapias de Arriba,Ranchería,Mexticacán,Jalisco,,Frio,,,,,,,,,,,,,,,,,,,
47360,Centro Cañadas de Obregón,Colonia,Cañadas de Obregón,Jalisco,,Frio,,,,,,,,,,,,,,,,,,,
47368,La Cueva (Santa Rosalía de la Cueva),Ranchería,Cañadas de Obregón,Jalisco,,Frio,,,,,,,,,,,,,,,,,,,
47369,Rincón de Guzmán,Ranchería,Cañadas de Obregón,Jalisco,,Frio,,,,,,,,,,,,,,,,,,,
47370,Temacapulín (Temaca),Pueblo,Cañadas de Obregón,Jalisco,,Frio,,,,,,,,,,,,,,,,,,,
47373,Los Yugos,Hacienda,Cañadas de Obregón,Jalisco,,Frio,,,,,,,,,,,,,,,,,,,
47374,El Zapote,Ranchería,Cañadas de Obregón,Jalisco,,Frio,,,,,,,,,,,,,,,,,,,
47378,El Zapotillo,Ranchería,Cañadas de Obregón,Jalisco,,Frio,,,,,,,,,,,,,,,,,,,
47380,Valle de Guadalupe Centro,Colonia,Valle de Guadalupe,Jalisco,Valle de Guadalupe,Caliente,,,,,,,,,,,,,,,,,,,
47383,Alameda,Fraccionamiento,Valle de Guadalupe,Jalisco,Valle de Guadalupe,Caliente,,,,,,,,,,,,,,,,,,,
47384,San Juan Bosco,Colonia,Valle de Guadalupe,Jalisco,Valle de Guadalupe,Tibio,,,,,,,,,,,,,,,,,,,
47384,Aragón,Fraccionamiento,Valle de Guadalupe,Jalisco,Valle de Guadalupe,Caliente,,,,,,,,,,,,,,,,,,,
47386,El Trigo,Ranchería,Valle de Guadalupe,Jalisco,,Frio,,,,,,,,,,,,,,,,,,,
47398,El Talle,Ranchería,Valle de Guadalupe,Jalisco,,Frio,,,,,,,,,,,,,,,,,,,
47400,Lagos de Moreno Centro,Colonia,Lagos de Moreno,Jalisco,Lagos de Moreno,Caliente,,,,,,,,,,,,,,,,,,,
47410,Misión San Juan,Fraccionamiento,Lagos de Moreno,Jalisco,Lagos de Moreno,Caliente,,,,,,,,,,,,,,,,,,,
47410,Ladera Chica,Colonia,Lagos de Moreno,Jalisco,Lagos de Moreno,Tibio,,,,,,,,,,,,,,,,,,,
47410,Quintas del Campestre,Fraccionamiento,Lagos de Moreno,Jalisco,Lagos de Moreno,Caliente,,,,,,,,,,,,,,,,,,,
47410,Jardines del Tepeyac,Fraccionamiento,Lagos de Moreno,Jalisco,Lagos de Moreno,Caliente,,,,,,,,,,,,,,,,,,,
47410,La Palma II,Fraccionamiento,Lagos de Moreno,Jalisco,Lagos de Moreno,Caliente,,,,,,,,,,,,,,,,,,,
47410,La Adelita,Fraccionamiento,Lagos de Moreno,Jalisco,Lagos de Moreno,Caliente,,,,,,,,,,,,,,,,,,,
47410,El Tepeyac,Colonia,Lagos de Moreno,Jalisco,Lagos de Moreno,Tibio,,,,,,,,,,,,,,,,,,,
47410,La Palma,Fraccionamiento,Lagos de Moreno,Jalisco,Lagos de Moreno,Caliente,,,,,,,,,,,,,,,,,,,
47410,Jardines de la Ladera,Colonia,Lagos de Moreno,Jalisco,Lagos de Moreno,Tibio,,,,,,,,,,,,,,,,,,,
47410,Geovillas de los Lagos,Colonia,Lagos de Moreno,Jalisco,Lagos de Moreno,Caliente,,,,,,,,,,,,,,,,,,,
47410,La Laguna,Colonia,Lagos de Moreno,Jalisco,Lagos de Moreno,Tibio,,,,,,,,,,,,,,,,,,,
47420,San José,Fraccionamiento,Lagos de Moreno,Jalisco,Lagos de Moreno,Caliente,,,,,,,,,,,,,,,,,,,
47420,El Calvario,Colonia,Lagos de Moreno,Jalisco,Lagos de Moreno,Tibio,,,,,,,,,,,,,,,,,,,
47420,San Miguel,Colonia,Lagos de Moreno,Jalisco,Lagos de Moreno,Tibio,,,,,,,,,,,,,,,,,,,
47420,Hernando de Martell,Colonia,Lagos de Moreno,Jalisco,Lagos de Moreno,Tibio,,,,,,,,,,,,,,,,,,,
47420,Arboledas de San Martin,Colonia,Lagos de Moreno,Jalisco,Lagos de Moreno,Tibio,,,,,,,,,,,,,,,,,,,
47420,San Miguelito,Colonia,Lagos de Moreno,Jalisco,Lagos de Moreno,Tibio,,,,,,,,,,,,,,,,,,,
47420,Cuesta Blanca,Colonia,Lagos de Moreno,Jalisco,Lagos de Moreno,Tibio,,,,,,,,,,,,,,,,,,,
47423,Praderas de Fray Ramón,Fraccionamiento,Lagos de Moreno,Jalisco,Lagos de Moreno,Caliente,,,,,,,,,,,,,,,,,,,
47423,Porta Grande,Fraccionamiento,Lagos de Moreno,Jalisco,Lagos de Moreno,Caliente,,,,,,,,,,,,,,,,,,,
47423,Camino Real,Fraccionamiento,Lagos de Moreno,Jalisco,Lagos de Moreno,Caliente,,,,,,,,,,,,,,,,,,,
47423,Torzano,Fraccionamiento,Lagos de Moreno,Jalisco,Lagos de Moreno,Caliente,,,,,,,,,,,,,,,,,,,
47423,La Ladera,Colonia,Lagos de Moreno,Jalisco,Lagos de Moreno,Tibio,,,,,,,,,,,,,,,,,,,
47423,Potrero de Fray Ramón,Colonia,Lagos de Moreno,Jalisco,Lagos de Moreno,Tibio,,,,,,,,,,,,,,,,,,,
47425,Estación,Colonia,Lagos de Moreno,Jalisco,Lagos de Moreno,Tibio,,,,,,,,,,,,,,,,,,,
47425,Residencial La Luz,Fraccionamiento,Lagos de Moreno,Jalisco,Lagos de Moreno,Caliente,,,,,,,,,,,,,,,,,,,
47425,De la Luz,Colonia,Lagos de Moreno,Jalisco,Lagos de Moreno,Tibio,,,,,,,,,,,,,,,,,,,
47430,Pueblo de Moya,Colonia,Lagos de Moreno,Jalisco,Lagos de Moreno,Tibio,,,,,,,,,,,,,,,,,,,
47430,Agua Caliente,Colonia,Lagos de Moreno,Jalisco,Lagos de Moreno,Tibio,,,,,,,,,,,,,,,,,,,
47433,Granadillas,Colonia,Lagos de Moreno,Jalisco,Lagos de Moreno,Tibio,,,,,,,,,,,,,,,,,,,
47433,Santa Lucía,Rancho,Lagos de Moreno,Jalisco,,Frio,,,,,,,,,,,,,,,,,,,
47440,La Toscana,Fraccionamiento,Lagos de Moreno,Jalisco,Lagos de Moreno,Caliente,,,,,,,,,,,,,,,,,,,
47440,Arboledas,Fraccionamiento,Lagos de Moreno,Jalisco,Lagos de Moreno,Caliente,,,,,,,,,,,,,,,,,,,
47440,Las Ceibas,Colonia,Lagos de Moreno,Jalisco,Lagos de Moreno,Tibio,,,,,,,,,,,,,,,,,,,
47440,Bajo de Moya,Barrio,Lagos de Moreno,Jalisco,Lagos de Moreno,Tibio,,,,,,,,,,,,,,,,,,,
47440,Las Huertitas,Colonia,Lagos de Moreno,Jalisco,Lagos de Moreno,Tibio,,,,,,,,,,,,,,,,,,,
47440,Las Capuchinas,Colonia,Lagos de Moreno,Jalisco,Lagos de Moreno,Tibio,,,,,,,,,,,,,,,,,,,
47440,Las Palmas,Colonia,Lagos de Moreno,Jalisco,Lagos de Moreno,Tibio,,,,,,,,,,,,,,,,,,,
47443,Rinconada Vista Hermosa,Fraccionamiento,Lagos de Moreno,Jalisco,Lagos de Moreno,Caliente,,,,,,,,,,,,,,,,,,,
47443,Rinconada Valle Real,Fraccionamiento,Lagos de Moreno,Jalisco,Lagos de Moreno,Caliente,,,,,,,,,,,,,,,,,,,
47443,Villas del Sol I,Fraccionamiento,Lagos de Moreno,Jalisco,Lagos de Moreno,Caliente,,,,,,,,,,,,,,,,,,,
47443,Villas del Sol II,Fraccionamiento,Lagos de Moreno,Jalisco,Lagos de Moreno,Caliente,,,,,,,,,,,,,,,,,,,
47443,Villas del Sol III,Fraccionamiento,Lagos de Moreno,Jalisco,Lagos de Moreno,Caliente,,,,,,,,,,,,,,,,,,,
47443,Vista Hermosa,Colonia,Lagos de Moreno,Jalisco,Lagos de Moreno,Tibio,,,,,,,,,,,,,,,,,,,
47443,Jardines de Vista Hermosa,Colonia,Lagos de Moreno,Jalisco,Lagos de Moreno,Tibio,,,,,,,,,,,,,,,,,,,
47443,Residencial Valle Real,Colonia,Lagos de Moreno,Jalisco,Lagos de Moreno,Tibio,,,,,,,,,,,,,,,,,,,
47443,San Antonio,Fraccionamiento,Lagos de Moreno,Jalisco,Lagos de Moreno,Caliente,,,,,,,,,,,,,,,,,,,
47450,Santa Catalina,Fraccionamiento,Lagos de Moreno,Jalisco,Lagos de Moreno,Caliente,,,,,,,,,,,,,,,,,,,
47450,Cañada de Ricos,Colonia,Lagos de Moreno,Jalisco,Lagos de Moreno,Tibio,,,,,,,,,,,,,,,,,,,
47450,Loma Bonita,Colonia,Lagos de Moreno,Jalisco,Lagos de Moreno,Tibio,,,,,,,,,,,,,,,,,,,
47450,Hacienda de Bravo,Colonia,Lagos de Moreno,Jalisco,Lagos de Moreno,Tibio,,,,,,,,,,,,,,,,,,,
47450,Nueva España,Colonia,Lagos de Moreno,Jalisco,Lagos de Moreno,Tibio,,,,,,,,,,,,,,,,,,,
47457,El Mezquital,Colonia,Lagos de Moreno,Jalisco,Lagos de Moreno,Tibio,,,,,,,,,,,,,,,,,,,
47457,Los Tepetates,Colonia,Lagos de Moreno,Jalisco,Lagos de Moreno,Tibio,,,,,,,,,,,,,,,,,,,
47457,Maravillas,Colonia,Lagos de Moreno,Jalisco,Lagos de Moreno,Tibio,,,,,,,,,,,,,,,,,,,
47460,Valle la Campana,Fraccionamiento,Lagos de Moreno,Jalisco,Lagos de Moreno,Caliente,,,,,,,,,,,,,,,,,,,
47460,Lomas Del Valle,Colonia,Lagos de Moreno,Jalisco,Lagos de Moreno,Tibio,,,,,,,,,,,,,,,,,,,
47460,Colinas Del Valle,Colonia,Lagos de Moreno,Jalisco,Lagos de Moreno,Tibio,,,,,,,,,,,,,,,,,,,
47463,Colinas de San Javier,Colonia,Lagos de Moreno,Jalisco,Lagos de Moreno,Tibio,,,,,,,,,,,,,,,,,,,
47463,Paseos de La Montaña,Colonia,Lagos de Moreno,Jalisco,Lagos de Moreno,Tibio,,,,,,,,,,,,,,,,,,,
47470,El Refugio,Colonia,Lagos de Moreno,Jalisco,Lagos de Moreno,Tibio,,,,,,,,,,,,,,,,,,,
47470,Los Chirlitos,Colonia,Lagos de Moreno,Jalisco,Lagos de Moreno,Tibio,,,,,,,,,,,,,,,,,,,
47470,San Felipe,Colonia,Lagos de Moreno,Jalisco,Lagos de Moreno,Tibio,,,,,,,,,,,,,,,,,,,
47470,Xekj,Colonia,Lagos de Moreno,Jalisco,Lagos de Moreno,Tibio,,,,,,,,,,,,,,,,,,,
47472,La Perla,Fraccionamiento,Lagos de Moreno,Jalisco,Lagos de Moreno,Caliente,,,,,,,,,,,,,,,,,,,
47472,Villas Santa Sofía,Fraccionamiento,Lagos de Moreno,Jalisco,Lagos de Moreno,Caliente,,,,,,,,,,,,,,,,,,,
47472,La Esmeralda,Colonia,Lagos de Moreno,Jalisco,Lagos de Moreno,Tibio,,,,,,,,,,,,,,,,,,,
47472,Municipio Libre,Colonia,Lagos de Moreno,Jalisco,Lagos de Moreno,Tibio,,,,,,,,,,,,,,,,,,,
47472,Hacienda Los Jacales,Fraccionamiento,Lagos de Moreno,Jalisco,Lagos de Moreno,Caliente,,,,,,,,,,,,,,,,,,,
47472,Villa Esmeralda,Colonia,Lagos de Moreno,Jalisco,Lagos de Moreno,Tibio,,,,,,,,,,,,,,,,,,,
47473,Vistas del Valle,Fraccionamiento,Lagos de Moreno,Jalisco,Lagos de Moreno,Caliente,,,,,,,,,,,,,,,,,,,
47473,Perla Real,Fraccionamiento,Lagos de Moreno,Jalisco,Lagos de Moreno,Caliente,,,,,,,,,,,,,,,,,,,
47473,La Esmeralda,Colonia,Lagos de Moreno,Jalisco,Lagos de Moreno,Tibio,,,,,,,,,,,,,,,,,,,
47473,Indeco,Colonia,Lagos de Moreno,Jalisco,Lagos de Moreno,Tibio,,,,,,,,,,,,,,,,,,,
47473,La Aurora,Colonia,Lagos de Moreno,Jalisco,Lagos de Moreno,Tibio,,,,,,,,,,,,,,,,,,,
47473,Alvarez Del Castillo,Colonia,Lagos de Moreno,Jalisco,Lagos de Moreno,Tibio,,,,,,,,,,,,,,,,,,,
47474,La Campana,Colonia,Lagos de Moreno,Jalisco,Lagos de Moreno,Tibio,,,,,,,,,,,,,,,,,,,
47474,Residencial Alcaldes,Colonia,Lagos de Moreno,Jalisco,Lagos de Moreno,Tibio,,,,,,,,,,,,,,,,,,,
47474,Nueva Santa Maria,Colonia,Lagos de Moreno,Jalisco,Lagos de Moreno,Tibio,,,,,,,,,,,,,,,,,,,
47474,Bugambilias,Colonia,Lagos de Moreno,Jalisco,Lagos de Moreno,Tibio,,,,,,,,,,,,,,,,,,,
47474,La Loma,Colonia,Lagos de Moreno,Jalisco,Lagos de Moreno,Tibio,,,,,,,,,,,,,,,,,,,
47476,Cristeros,Fraccionamiento,Lagos de Moreno,Jalisco,Lagos de Moreno,Caliente,,,,,,,,,,,,,,,,,,,
47479,Panteón,Colonia,Lagos de Moreno,Jalisco,Lagos de Moreno,Tibio,,,,,,,,,,,,,,,,,,,
47480,Nueva Santa Elena,Colonia,Lagos de Moreno,Jalisco,Lagos de Moreno,Tibio,,,,,,,,,,,,,,,,,,,
47480,Real de Lagos,Fraccionamiento,Lagos de Moreno,Jalisco,Lagos de Moreno,Caliente,,,,,,,,,,,,,,,,,,,
47480,Pirulito,Colonia,Lagos de Moreno,Jalisco,Lagos de Moreno,Tibio,,,,,,,,,,,,,,,,,,,
47480,Santa Elena,Colonia,Lagos de Moreno,Jalisco,Lagos de Moreno,Tibio,,,,,,,,,,,,,,,,,,,
47480,Residencial Santa Elena,Fraccionamiento,Lagos de Moreno,Jalisco,Lagos de Moreno,Caliente,,,,,,,,,,,,,,,,,,,
47480,La Forestal,Colonia,Lagos de Moreno,Jalisco,Lagos de Moreno,Tibio,,,,,,,,,,,,,,,,,,,
47480,El Mosaico,Colonia,Lagos de Moreno,Jalisco,Lagos de Moreno,Tibio,,,,,,,,,,,,,,,,,,,
47480,Del Carmen,Colonia,Lagos de Moreno,Jalisco,Lagos de Moreno,Tibio,,,,,,,,,,,,,,,,,,,
47490,Praderas del Carmen,Fraccionamiento,Lagos de Moreno,Jalisco,Lagos de Moreno,Caliente,,,,,,,,,,,,,,,,,,,
47490,Las Torres,Fraccionamiento,Lagos de Moreno,Jalisco,Lagos de Moreno,Caliente,,,,,,,,,,,,,,,,,,,
47490,Arboledas,Fraccionamiento,Lagos de Moreno,Jalisco,Lagos de Moreno,Caliente,,,,,,,,,,,,,,,,,,,
47490,Parques del Carmen,Fraccionamiento,Lagos de Moreno,Jalisco,Lagos de Moreno,Caliente,,,,,,,,,,,,,,,,,,,
47490,Santa Fe,Fraccionamiento,Lagos de Moreno,Jalisco,Lagos de Moreno,Caliente,,,,,,,,,,,,,,,,,,,
47490,La Huitlacocha,Colonia,Lagos de Moreno,Jalisco,Lagos de Moreno,Tibio,,,,,,,,,,,,,,,,,,,
47490,De Padre Torres,Colonia,Lagos de Moreno,Jalisco,Lagos de Moreno,Tibio,,,,,,,,,,,,,,,,,,,
47500,El Puesto,Ranchería,Lagos de Moreno,Jalisco,,Frio,,,,,,,,,,,,,,,,,,,
47500,El Chorro,Ranchería,Lagos de Moreno,Jalisco,,Frio,,,,,,,,,,,,,,,,,,,
47500,La Leona,Ranchería,Lagos de Moreno,Jalisco,,Frio,,,,,,,,,,,,,,,,,,,
47500,La Tomita,Ranchería,Lagos de Moreno,Jalisco,,Frio,,,,,,,,,,,,,,,,,,,
47500,Los Saucitos,Ranchería,Lagos de Moreno,Jalisco,,Frio,,,,,,,,,,,,,,,,,,,
47500,Providencia,Ranchería,Lagos de Moreno,Jalisco,,Frio,,,,,,,,,,,,,,,,,,,
47503,San Cristóbal,Hacienda,Lagos de Moreno,Jalisco,,Frio,,,,,,,,,,,,,,,,,,,
47503,El Ranchito de Guadalupe,Ranchería,Lagos de Moreno,Jalisco,,Frio,,,,,,,,,,,,,,,,,,,
47503,El Ranchito de Juan Flores,Ranchería,Lagos de Moreno,Jalisco,,Frio,,,,,,,,,,,,,,,,,,,
47503,La Magistral,Ranchería,Lagos de Moreno,Jalisco,,Frio,,,,,,,,,,,,,,,,,,,
47503,Loma de San Antonio,Ranchería,Lagos de Moreno,Jalisco,,Frio,,,,,,,,,,,,,,,,,,,
47503,Los Alamitos,Ranchería,Lagos de Moreno,Jalisco,,Frio,,,,,,,,,,,,,,,,,,,
47503,Rancho el Tepeyac,Ranchería,Lagos de Moreno,Jalisco,,Frio,,,,,,,,,,,,,,,,,,,
47503,Salto de Yeguas,Ranchería,Lagos de Moreno,Jalisco,,Frio,,,,,,,,,,,,,,,,,,,
47503,San José de la Cinta,Ranchería,Lagos de Moreno,Jalisco,,Frio,,,,,,,,,,,,,,,,,,,
47503,San José de la Luz,Ranchería,Lagos de Moreno,Jalisco,,Frio,,,,,,,,,,,,,,,,,,,
47504,Betulia,Colonia,Lagos de Moreno,Jalisco,,Frio,,,,,,,,,,,,,,,,,,,
47504,San Jorge,Ranchería,Lagos de Moreno,Jalisco,,Frio,,,,,,,,,,,,,,,,,,,
47504,Cuautitlán,Ejido,Lagos de Moreno,Jalisco,,Frio,,,,,,,,,,,,,,,,,,,
47504,Ledesma,Colonia,Lagos de Moreno,Jalisco,,Frio,,,,,,,,,,,,,,,,,,,
47504,Santa Teresa,Ranchería,Lagos de Moreno,Jalisco,,Frio,,,,,,,,,,,,,,,,,,,
47504,Tacubaya,Ranchería,Lagos de Moreno,Jalisco,,Frio,,,,,,,,,,,,,,,,,,,
47504,Casas Blancas,Ranchería,Lagos de Moreno,Jalisco,,Frio,,,,,,,,,,,,,,,,,,,
47504,Chayotillo,Ranchería,Lagos de Moreno,Jalisco,,Frio,,,,,,,,,,,,,,,,,,,
47504,Cuatro Milpas,Ranchería,Lagos de Moreno,Jalisco,,Frio,,,,,,,,,,,,,,,,,,,
47504,El Arbolito,Ranchería,Lagos de Moreno,Jalisco,,Frio,,,,,,,,,,,,,,,,,,,
47504,El Frijolito,Ranchería,Lagos de Moreno,Jalisco,,Frio,,,,,,,,,,,,,,,,,,,
47504,El Huiroche,Ranchería,Lagos de Moreno,Jalisco,,Frio,,,,,,,,,,,,,,,,,,,
47504,El Juguete,Ranchería,Lagos de Moreno,Jalisco,,Frio,,,,,,,,,,,,,,,,,,,
47504,El Olotón (El Vergel),Ranchería,Lagos de Moreno,Jalisco,,Frio,,,,,,,,,,,,,,,,,,,
47504,El Palomo,Ranchería,Lagos de Moreno,Jalisco,,Frio,,,,,,,,,,,,,,,,,,,
47504,El Puente,Colonia,Lagos de Moreno,Jalisco,,Frio,,,,,,,,,,,,,,,,,,,
47504,El Tanque de Don Juan,Ranchería,Lagos de Moreno,Jalisco,,Frio,,,,,,,,,,,,,,,,,,,
47504,El Torreón,Ranchería,Lagos de Moreno,Jalisco,,Frio,,,,,,,,,,,,,,,,,,,
47504,La Barranca,Ranchería,Lagos de Moreno,Jalisco,,Frio,,,,,,,,,,,,,,,,,,,
47504,La Cañadita,Ranchería,Lagos de Moreno,Jalisco,,Frio,,,,,,,,,,,,,,,,,,,
47504,La China,Ranchería,Lagos de Moreno,Jalisco,,Frio,,,,,,,,,,,,,,,,,,,
47504,La Congoja (Rincón de Bernalejo),Ranchería,Lagos de Moreno,Jalisco,,Frio,,,,,,,,,,,,,,,,,,,
47504,La Cruz,Ranchería,Lagos de Moreno,Jalisco,,Frio,,,,,,,,,,,,,,,,,,,
47504,La Loma,Ranchería,Lagos de Moreno,Jalisco,,Frio,,,,,,,,,,,,,,,,,,,
47504,La Palmita,Ranchería,Lagos de Moreno,Jalisco,,Frio,,,,,,,,,,,,,,,,,,,
47504,La Puerta de San Nicolás,Ranchería,Lagos de Moreno,Jalisco,,Frio,,,,,,,,,,,,,,,,,,,
47504,La Purísima,Ranchería,Lagos de Moreno,Jalisco,,Frio,,,,,,,,,,,,,,,,,,,
47504,Las Metaleras,Ranchería,Lagos de Moreno,Jalisco,,Frio,,,,,,,,,,,,,,,,,,,
47504,Los Alamitos,Ranchería,Lagos de Moreno,Jalisco,,Frio,,,,,,,,,,,,,,,,,,,
47504,Los Arbolitos,Ranchería,Lagos de Moreno,Jalisco,,Frio,,,,,,,,,,,,,,,,,,,
47504,Los Arquitos,Ranchería,Lagos de Moreno,Jalisco,,Frio,,,,,,,,,,,,,,,,,,,
47504,Los Olivos,Ranchería,Lagos de Moreno,Jalisco,,Frio,,,,,,,,,,,,,,,,,,,
47504,Los Tulipanes,Rancho,Lagos de Moreno,Jalisco,,Tibio,,,,,,,,,,,,,,,,,,,
47504,Los Vergeles,Ranchería,Lagos de Moreno,Jalisco,,Frio,,,,,,,,,,,,,,,,,,,
47504,Puerta de la Cruz,Ranchería,Lagos de Moreno,Jalisco,,Frio,,,,,,,,,,,,,,,,,,,
47504,San Antonio de los Álvarez,Ranchería,Lagos de Moreno,Jalisco,,Frio,,,,,,,,,,,,,,,,,,,
47504,San Isidro,Ranchería,Lagos de Moreno,Jalisco,,Frio,,,,,,,,,,,,,,,,,,,
47504,San José de los Salas,Ranchería,Lagos de Moreno,Jalisco,,Frio,,,,,,,,,,,,,,,,,,,
47504,San Luis Gonzaga,Ranchería,Lagos de Moreno,Jalisco,,Frio,,,,,,,,,,,,,,,,,,,
47505,Francisco Primo de Verdad (Ciénega de Mata),Colonia,Lagos de Moreno,Jalisco,,Tibio,,,,,,,,,,,,,,,,,,,
47505,La Troje (Los Nogales),Colonia,Lagos de Moreno,Jalisco,,Tibio,,,,,,,,,,,,,,,,,,,
47505,La Punta,Colonia,Lagos de Moreno,Jalisco,,Tibio,,,,,,,,,,,,,,,,,,,
47505,Rancho el Rico,Ranchería,Lagos de Moreno,Jalisco,,Frio,,,,,,,,,,,,,,,,,,,
47506,El Pitón,Ranchería,Lagos de Moreno,Jalisco,,Frio,,,,,,,,,,,,,,,,,,,
47506,El Reparo,Ranchería,Lagos de Moreno,Jalisco,,Frio,,,,,,,,,,,,,,,,,,,
47506,El Seijo,Ranchería,Lagos de Moreno,Jalisco,,Frio,,,,,,,,,,,,,,,,,,,
47506,El Yaqui,Ranchería,Lagos de Moreno,Jalisco,,Frio,,,,,,,,,,,,,,,,,,,
47506,Granja Angélica,Ranchería,Lagos de Moreno,Jalisco,,Frio,,,,,,,,,,,,,,,,,,,
47506,Granja Mary,Ranchería,Lagos de Moreno,Jalisco,,Frio,,,,,,,,,,,,,,,,,,,
47506,Jesús María,Ranchería,Lagos de Moreno,Jalisco,,Frio,,,,,,,,,,,,,,,,,,,
47506,La Cruz,Ranchería,Lagos de Moreno,Jalisco,,Frio,,,,,,,,,,,,,,,,,,,
47506,La Escuadra,Ranchería,Lagos de Moreno,Jalisco,,Frio,,,,,,,,,,,,,,,,,,,
47506,La Esperanza,Ranchería,Lagos de Moreno,Jalisco,,Frio,,,,,,,,,,,,,,,,,,,
47506,La Esperanza II,Ranchería,Lagos de Moreno,Jalisco,,Frio,,,,,,,,,,,,,,,,,,,
47506,La Estrella,Ranchería,Lagos de Moreno,Jalisco,,Frio,,,,,,,,,,,,,,,,,,,
47506,La Media Luna,Ranchería,Lagos de Moreno,Jalisco,,Frio,,,,,,,,,,,,,,,,,,,
47506,La Providencia [Granja],Ranchería,Lagos de Moreno,Jalisco,,Frio,,,,,,,,,,,,,,,,,,,
47506,La Valentina,Ranchería,Lagos de Moreno,Jalisco,,Frio,,,,,,,,,,,,,,,,,,,
47506,Las Amapolas,Ranchería,Lagos de Moreno,Jalisco,,Frio,,,,,,,,,,,,,,,,,,,
47506,Rancho los Hernández,Ranchería,Lagos de Moreno,Jalisco,,Frio,,,,,,,,,,,,,,,,,,,
47506,San Antonio de los Reyes,Ranchería,Lagos de Moreno,Jalisco,,Frio,,,,,,,,,,,,,,,,,,,
47506,San Antonio de Padua,Ranchería,Lagos de Moreno,Jalisco,,Frio,,,,,,,,,,,,,,,,,,,
47506,San José de los Díaz,Ranchería,Lagos de Moreno,Jalisco,,Frio,,,,,,,,,,,,,,,,,,,
47506,San Juanito (San Juan sin Agua),Ranchería,Lagos de Moreno,Jalisco,,Frio,,,,,,,,,,,,,,,,,,,
47506,San Rafael,Ranchería,Lagos de Moreno,Jalisco,,Frio,,,,,,,,,,,,,,,,,,,
47506,San Rafael Chico,Ranchería,Lagos de Moreno,Jalisco,,Frio,,,,,,,,,,,,,,,,,,,
47506,Santa Elena,Ranchería,Lagos de Moreno,Jalisco,,Frio,,,,,,,,,,,,,,,,,,,
47506,Santo Domingo,Ranchería,Lagos de Moreno,Jalisco,,Frio,,,,,,,,,,,,,,,,,,,
47506,Villa del Carmen,Ranchería,Lagos de Moreno,Jalisco,,Frio,,,,,,,,,,,,,,,,,,,
47507,Los Azulitos,Ejido,Lagos de Moreno,Jalisco,,Frio,,,,,,,,,,,,,,,,,,,
47507,Matamoros los Hoyos,Ejido,Lagos de Moreno,Jalisco,,Frio,,,,,,,,,,,,,,,,,,,
47507,Santa María de Gallardo,Rancho,Lagos de Moreno,Jalisco,,Frio,,,,,,,,,,,,,,,,,,,
47507,Chapalita (El Judío),Ranchería,Lagos de Moreno,Jalisco,,Frio,,,,,,,,,,,,,,,,,,,
47507,El Conito,Ranchería,Lagos de Moreno,Jalisco,,Frio,,,,,,,,,,,,,,,,,,,
47507,El Grullito II,Ranchería,Lagos de Moreno,Jalisco,,Frio,,,,,,,,,,,,,,,,,,,
47507,El Ranchito,Rancho,Lagos de Moreno,Jalisco,,Frio,,,,,,,,,,,,,,,,,,,
47507,El Refugio,Ranchería,Lagos de Moreno,Jalisco,,Frio,,,,,,,,,,,,,,,,,,,
47507,El Suspiro,Ranchería,Lagos de Moreno,Jalisco,,Frio,,,,,,,,,,,,,,,,,,,
47507,La Luz,Ranchería,Lagos de Moreno,Jalisco,,Frio,,,,,,,,,,,,,,,,,,,
47507,La Unión,Ranchería,Lagos de Moreno,Jalisco,,Frio,,,,,,,,,,,,,,,,,,,
47507,Loma de Amapola,Ranchería,Lagos de Moreno,Jalisco,,Frio,,,,,,,,,,,,,,,,,,,
47507,Los Lirios,Ranchería,Lagos de Moreno,Jalisco,,Frio,,,,,,,,,,,,,,,,,,,
47507,Puerta del Llano,Ranchería,Lagos de Moreno,Jalisco,,Frio,,,,,,,,,,,,,,,,,,,
47507,Puerta la Chiripa (La Pascuala),Ranchería,Lagos de Moreno,Jalisco,,Frio,,,,,,,,,,,,,,,,,,,
47507,San Fernando,Ranchería,Lagos de Moreno,Jalisco,,Frio,,,,,,,,,,,,,,,,,,,
47507,San José de los Granados,Ranchería,Lagos de Moreno,Jalisco,,Frio,,,,,,,,,,,,,,,,,,,
47507,San Matías,Ranchería,Lagos de Moreno,Jalisco,,Frio,,,,,,,,,,,,,,,,,,,
47507,San Nicolás,Ranchería,Lagos de Moreno,Jalisco,,Frio,,,,,,,,,,,,,,,,,,,
47507,San Vicente,Ranchería,Lagos de Moreno,Jalisco,,Frio,,,,,,,,,,,,,,,,,,,
47507,Santa Elena,Ranchería,Lagos de Moreno,Jalisco,,Frio,,,,,,,,,,,,,,,,,,,
47507,Santa Lucía,Ranchería,Lagos de Moreno,Jalisco,,Frio,,,,,,,,,,,,,,,,,,,
47510,Dieciocho de Marzo,Ejido,Lagos de Moreno,Jalisco,,Frio,,,,,,,,,,,,,,,,,,,
47510,Primero de Mayo (Chupaderos),Colonia,Lagos de Moreno,Jalisco,,Tibio,,,,,,,,,,,,,,,,,,,
47510,Dieciocho de Marzo,Ranchería,Lagos de Moreno,Jalisco,,Frio,,,,,,,,,,,,,,,,,,,
47510,El Girasol,Ranchería,Lagos de Moreno,Jalisco,,Frio,,,,,,,,,,,,,,,,,,,
47510,El Potrero de Afuera,Ranchería,Lagos de Moreno,Jalisco,,Frio,,,,,,,,,,,,,,,,,,,
47510,La Estancia,Ranchería,Lagos de Moreno,Jalisco,,Frio,,,,,,,,,,,,,,,,,,,
47510,Rancho Vista Alegre,Ranchería,Lagos de Moreno,Jalisco,,Frio,,,,,,,,,,,,,,,,,,,
47510,San Cirilo,Ranchería,Lagos de Moreno,Jalisco,,Frio,,,,,,,,,,,,,,,,,,,
47510,San Cristóbal de Arriba,Ranchería,Lagos de Moreno,Jalisco,,Frio,,,,,,,,,,,,,,,,,,,
47510,San Nicolás,Ranchería,Lagos de Moreno,Jalisco,,Frio,,,,,,,,,,,,,,,,,,,
47510,Tlalixcoyan (Tlalixcoya),Ranchería,Lagos de Moreno,Jalisco,,Frio,,,,,,,,,,,,,,,,,,,
47513,El Bajío (La Laguna),Pueblo,Lagos de Moreno,Jalisco,,Tibio,,,,,,,,,,,,,,,,,,,
47513,Buenavista (San Miguel),Pueblo,Lagos de Moreno,Jalisco,,Tibio,,,,,,,,,,,,,,,,,,,
47513,Torrecillas (El Lindero),Colonia,Lagos de Moreno,Jalisco,,Tibio,,,,,,,,,,,,,,,,,,,
47513,Altamira,Rancho,Lagos de Moreno,Jalisco,,Frio,,,,,,,,,,,,,,,,,,,
47513,El Basilisco,Ranchería,Lagos de Moreno,Jalisco,,Frio,,,,,,,,,,,,,,,,,,,
47513,El Ranchito,Ranchería,Lagos de Moreno,Jalisco,,Frio,,,,,,,,,,,,,,,,,,,
47513,Juan Álvarez,Ranchería,Lagos de Moreno,Jalisco,,Frio,,,,,,,,,,,,,,,,,,,
47513,La Orilla del Agua,Colonia,Lagos de Moreno,Jalisco,,Tibio,,,,,,,,,,,,,,,,,,,
47513,Los Macías (Los Zapotes),Rancho,Lagos de Moreno,Jalisco,,Frio,,,,,,,,,,,,,,,,,,,
47513,El Pirul,Rancho,Lagos de Moreno,Jalisco,,Frio,,,,,,,,,,,,,,,,,,,
47513,Rancho Santa María,Ranchería,Lagos de Moreno,Jalisco,,Frio,,,,,,,,,,,,,,,,,,,
47513,San Isidro el Alto,Ranchería,Lagos de Moreno,Jalisco,,Frio,,,,,,,,,,,,,,,,,,,
47513,San Rafael,Ranchería,Lagos de Moreno,Jalisco,,Frio,,,,,,,,,,,,,,,,,,,
47513,Santa Cruz,Ranchería,Lagos de Moreno,Jalisco,,Frio,,,,,,,,,,,,,,,,,,,
47514,La Isla,Colonia,Lagos de Moreno,Jalisco,,Tibio,,,,,,,,,,,,,,,,,,,
47514,Camino a la Higuera,Ranchería,Lagos de Moreno,Jalisco,,Frio,,,,,,,,,,,,,,,,,,,
47514,Camino al Puesto,Ejido,Lagos de Moreno,Jalisco,,Frio,,,,,,,,,,,,,,,,,,,
47514,El Alto del Refugio,Ranchería,Lagos de Moreno,Jalisco,,Frio,,,,,,,,,,,,,,,,,,,
47514,El Pradito,Ranchería,Lagos de Moreno,Jalisco,,Frio,,,,,,,,,,,,,,,,,,,
47514,El Salto,Ranchería,Lagos de Moreno,Jalisco,,Frio,,,,,,,,,,,,,,,,,,,
47514,El Tesoro,Ranchería,Lagos de Moreno,Jalisco,,Frio,,,,,,,,,,,,,,,,,,,
47514,El Vergel,Ranchería,Lagos de Moreno,Jalisco,,Frio,,,,,,,,,,,,,,,,,,,
47514,La Palma,Colonia,Lagos de Moreno,Jalisco,,Tibio,,,,,,,,,,,,,,,,,,,
47514,La Trinidad,Colonia,Lagos de Moreno,Jalisco,,Tibio,,,,,,,,,,,,,,,,,,,
47514,Laborcita de González (La Laborcita),Ranchería,Lagos de Moreno,Jalisco,,Frio,,,,,,,,,,,,,,,,,,,
47514,Las Peñitas,Ranchería,Lagos de Moreno,Jalisco,,Frio,,,,,,,,,,,,,,,,,,,
47514,Las Playas,Ranchería,Lagos de Moreno,Jalisco,,Frio,,,,,,,,,,,,,,,,,,,
47514,Libramiento Norte,Ranchería,Lagos de Moreno,Jalisco,,Frio,,,,,,,,,,,,,,,,,,,
47514,Manzanillas,Ranchería,Lagos de Moreno,Jalisco,,Frio,,,,,,,,,,,,,,,,,,,
47514,Melo,Ranchería,Lagos de Moreno,Jalisco,,Frio,,,,,,,,,,,,,,,,,,,
47514,Montelera,Ranchería,Lagos de Moreno,Jalisco,,Frio,,,,,,,,,,,,,,,,,,,
47514,Quinta San Francisco,Ranchería,Lagos de Moreno,Jalisco,,Frio,,,,,,,,,,,,,,,,,,,
47514,Rancho Nuevo,Ranchería,Lagos de Moreno,Jalisco,,Frio,,,,,,,,,,,,,,,,,,,
47514,San Antonio,Rancho,Lagos de Moreno,Jalisco,,Frio,,,,,,,,,,,,,,,,,,,
47514,San Cayetano de Abajo,Ranchería,Lagos de Moreno,Jalisco,,Frio,,,,,,,,,,,,,,,,,,,
47514,San Cayetano de Arriba,Ranchería,Lagos de Moreno,Jalisco,,Frio,,,,,,,,,,,,,,,,,,,
47514,Santana,Ranchería,Lagos de Moreno,Jalisco,,Frio,,,,,,,,,,,,,,,,,,,
47514,Villegas,Ranchería,Lagos de Moreno,Jalisco,,Frio,,,,,,,,,,,,,,,,,,,
47515,Parque Industrial Colinas de Lagos,Zona industrial,Lagos de Moreno,Jalisco,,Caliente,,,,,,,,,,,,,,,,,,,
47515,La Troje (Las Trojes),Hacienda,Lagos de Moreno,Jalisco,,Caliente,,,,,,,,,,,,,,,,,,,
47515,Chipinque de Arriba,Colonia,Lagos de Moreno,Jalisco,,Tibio,,,,,,,,,,,,,,,,,,,
47515,Loma de Veloces,Colonia,Lagos de Moreno,Jalisco,,Tibio,,,,,,,,,,,,,,,,,,,
47515,Chipinque de Abajo,Ranchería,Lagos de Moreno,Jalisco,,Frio,,,,,,,,,,,,,,,,,,,
47515,Sepúlveda,Rancho,Lagos de Moreno,Jalisco,,Frio,,,,,,,,,,,,,,,,,,,
47515,San Isidro de Arriba,Ranchería,Lagos de Moreno,Jalisco,,Frio,,,,,,,,,,,,,,,,,,,
47515,Agropecuaria Márvic,Ejido,Lagos de Moreno,Jalisco,,Frio,,,,,,,,,,,,,,,,,,,
47515,Casas Blancas,Ranchería,Lagos de Moreno,Jalisco,,Frio,,,,,,,,,,,,,,,,,,,
47515,Cieneguilla,Ranchería,Lagos de Moreno,Jalisco,,Frio,,,,,,,,,,,,,,,,,,,
47515,Cieneguilla,Rancho,Lagos de Moreno,Jalisco,,Frio,,,,,,,,,,,,,,,,,,,
47515,El Cerrito (Cerritos),Colonia,Lagos de Moreno,Jalisco,,Tibio,,,,,,,,,,,,,,,,,,,
47515,El Chamizal,Ranchería,Lagos de Moreno,Jalisco,,Frio,,,,,,,,,,,,,,,,,,,
47515,El Conejo,Ranchería,Lagos de Moreno,Jalisco,,Frio,,,,,,,,,,,,,,,,,,,
47515,El Mesoncito,Ranchería,Lagos de Moreno,Jalisco,,Frio,,,,,,,,,,,,,,,,,,,
47515,El Mole,Ranchería,Lagos de Moreno,Jalisco,,Frio,,,,,,,,,,,,,,,,,,,
47515,El Molino,Ranchería,Lagos de Moreno,Jalisco,,Frio,,,,,,,,,,,,,,,,,,,
47515,El Sartenejo,Ranchería,Lagos de Moreno,Jalisco,,Frio,,,,,,,,,,,,,,,,,,,
47515,La Bahía de Sepúlveda,Ranchería,Lagos de Moreno,Jalisco,,Frio,,,,,,,,,,,,,,,,,,,
47515,La Galera,Ranchería,Lagos de Moreno,Jalisco,,Frio,,,,,,,,,,,,,,,,,,,
47515,La Longaniza,Ranchería,Lagos de Moreno,Jalisco,,Frio,,,,,,,,,,,,,,,,,,,
47515,La Merced (La Chona),Ranchería,Lagos de Moreno,Jalisco,,Frio,,,,,,,,,,,,,,,,,,,
47515,La Trojita,Ranchería,Lagos de Moreno,Jalisco,,Frio,,,,,,,,,,,,,,,,,,,
47515,Labor de Padilla,Ranchería,Lagos de Moreno,Jalisco,,Frio,,,,,,,,,,,,,,,,,,,
47515,Las Víboras,Ranchería,Lagos de Moreno,Jalisco,,Frio,,,,,,,,,,,,,,,,,,,
47515,Lindavista,Ranchería,Lagos de Moreno,Jalisco,,Frio,,,,,,,,,,,,,,,,,,,
47515,Los Jacales,Ranchería,Lagos de Moreno,Jalisco,,Frio,,,,,,,,,,,,,,,,,,,
47515,Mesón de los García,Ranchería,Lagos de Moreno,Jalisco,,Frio,,,,,,,,,,,,,,,,,,,
47515,Potrero de Guadalupe,Ranchería,Lagos de Moreno,Jalisco,,Frio,,,,,,,,,,,,,,,,,,,
47515,Potrero de la Mora,Ranchería,Lagos de Moreno,Jalisco,,Frio,,,,,,,,,,,,,,,,,,,
47515,Providencia,Ranchería,Lagos de Moreno,Jalisco,,Frio,,,,,,,,,,,,,,,,,,,
47515,San Isidro de Abajo,Ranchería,Lagos de Moreno,Jalisco,,Frio,,,,,,,,,,,,,,,,,,,
47515,San Isidro de en Medio,Ranchería,Lagos de Moreno,Jalisco,,Frio,,,,,,,,,,,,,,,,,,,
47515,Sanfandila,Ranchería,Lagos de Moreno,Jalisco,,Frio,,,,,,,,,,,,,,,,,,,
47515,Santa Fe,Ranchería,Lagos de Moreno,Jalisco,,Frio,,,,,,,,,,,,,,,,,,,
47515,Santa Rita,Ranchería,Lagos de Moreno,Jalisco,,Frio,,,,,,,,,,,,,,,,,,,
47515,Tlacualeche,Ranchería,Lagos de Moreno,Jalisco,,Frio,,,,,,,,,,,,,,,,,,,
47515,Zitácuaro,Ranchería,Lagos de Moreno,Jalisco,,Frio,,,,,,,,,,,,,,,,,,,
47516,La Venta,Ranchería,Lagos de Moreno,Jalisco,,Frio,,,,,,,,,,,,,,,,,,,
47516,Casas Nuevas,Ranchería,Lagos de Moreno,Jalisco,,Frio,,,,,,,,,,,,,,,,,,,
47516,El Argel,Ranchería,Lagos de Moreno,Jalisco,,Frio,,,,,,,,,,,,,,,,,,,
47516,El Bajío de las Escobas,Ranchería,Lagos de Moreno,Jalisco,,Frio,,,,,,,,,,,,,,,,,,,
47516,El Callejón,Ranchería,Lagos de Moreno,Jalisco,,Frio,,,,,,,,,,,,,,,,,,,
47516,El Crespo de Abajo,Rancho,Lagos de Moreno,Jalisco,,Frio,,,,,,,,,,,,,,,,,,,
47516,El Mosco,Ranchería,Lagos de Moreno,Jalisco,,Frio,,,,,,,,,,,,,,,,,,,
47516,El Rincón [Granja],Ranchería,Lagos de Moreno,Jalisco,,Frio,,,,,,,,,,,,,,,,,,,
47516,El Sauz de Abajo,Ranchería,Lagos de Moreno,Jalisco,,Frio,,,,,,,,,,,,,,,,,,,
47516,Los Potreritos de Ojo de Agua,Ranchería,Lagos de Moreno,Jalisco,,Frio,,,,,,,,,,,,,,,,,,,
47516,Providencia,Ranchería,Lagos de Moreno,Jalisco,,Frio,,,,,,,,,,,,,,,,,,,
47516,Salsipuedes (El Puerto),Ranchería,Lagos de Moreno,Jalisco,,Frio,,,,,,,,,,,,,,,,,,,
47516,Santa Fe,Ranchería,Lagos de Moreno,Jalisco,,Frio,,,,,,,,,,,,,,,,,,,
47517,Las Cardonas,Rancho,Lagos de Moreno,Jalisco,,Frio,,,,,,,,,,,,,,,,,,,
47517,Las Cibeles,Ranchería,Lagos de Moreno,Jalisco,,Frio,,,,,,,,,,,,,,,,,,,
47517,Puerto del Cuarenta,Ranchería,Lagos de Moreno,Jalisco,,Frio,,,,,,,,,,,,,,,,,,,
47519,San Antonio de Buenavista,Ranchería,Lagos de Moreno,Jalisco,,Frio,,,,,,,,,,,,,,,,,,,
47519,El Hallazgo,Rancho,Lagos de Moreno,Jalisco,,Frio,,,,,,,,,,,,,,,,,,,
47519,El Soyate,Ranchería,Lagos de Moreno,Jalisco,,Frio,,,,,,,,,,,,,,,,,,,
47519,La Escondida,Ranchería,Lagos de Moreno,Jalisco,,Frio,,,,,,,,,,,,,,,,,,,
47519,La Tinaja,Rancho,Lagos de Moreno,Jalisco,,Frio,,,,,,,,,,,,,,,,,,,
47520,El Ojuelo,Colonia,Lagos de Moreno,Jalisco,,Frio,,,,,,,,,,,,,,,,,,,
47520,El Encino,Ranchería,Lagos de Moreno,Jalisco,,Frio,,,,,,,,,,,,,,,,,,,
47520,El Oasis,Ranchería,Lagos de Moreno,Jalisco,,Frio,,,,,,,,,,,,,,,,,,,
47520,El Refugio (El Maguey),Ranchería,Lagos de Moreno,Jalisco,,Frio,,,,,,,,,,,,,,,,,,,
47520,El Zapote,Ranchería,Lagos de Moreno,Jalisco,,Frio,,,,,,,,,,,,,,,,,,,
47520,La Cascarona,Ranchería,Lagos de Moreno,Jalisco,,Frio,,,,,,,,,,,,,,,,,,,
47520,La Daga,Ranchería,Lagos de Moreno,Jalisco,,Frio,,,,,,,,,,,,,,,,,,,
47520,La Palma,Ranchería,Lagos de Moreno,Jalisco,,Frio,,,,,,,,,,,,,,,,,,,
47520,La Palmita,Ranchería,Lagos de Moreno,Jalisco,,Frio,,,,,,,,,,,,,,,,,,,
47520,La Providencia,Ranchería,Lagos de Moreno,Jalisco,,Frio,,,,,,,,,,,,,,,,,,,
47520,Las Crucitas,Ranchería,Lagos de Moreno,Jalisco,,Frio,,,,,,,,,,,,,,,,,,,
47520,Las Huertitas,Ranchería,Lagos de Moreno,Jalisco,,Frio,,,,,,,,,,,,,,,,,,,
47520,Las Liebres,Ranchería,Lagos de Moreno,Jalisco,,Frio,,,,,,,,,,,,,,,,,,,
47520,Las Palomas,Ranchería,Lagos de Moreno,Jalisco,,Frio,,,,,,,,,,,,,,,,,,,
47520,Los Mezquites,Ranchería,Lagos de Moreno,Jalisco,,Frio,,,,,,,,,,,,,,,,,,,
47520,Palomas Dos [Granja],Ranchería,Lagos de Moreno,Jalisco,,Frio,,,,,,,,,,,,,,,,,,,
47520,San Ángel,Ranchería,Lagos de Moreno,Jalisco,,Frio,,,,,,,,,,,,,,,,,,,
47520,San José de los Ranchos,Ranchería,Lagos de Moreno,Jalisco,,Frio,,,,,,,,,,,,,,,,,,,
47520,San Luis Gonzaga de Portugal,Ranchería,Lagos de Moreno,Jalisco,,Frio,,,,,,,,,,,,,,,,,,,
47520,Tierra Negra,Ranchería,Lagos de Moreno,Jalisco,,Frio,,,,,,,,,,,,,,,,,,,
47520,Varela,Ranchería,Lagos de Moreno,Jalisco,,Frio,,,,,,,,,,,,,,,,,,,
47524,El Tajo,Rancho,Lagos de Moreno,Jalisco,,Frio,,,,,,,,,,,,,,,,,,,
47524,La Famosa,Ranchería,Lagos de Moreno,Jalisco,,Frio,,,,,,,,,,,,,,,,,,,
47524,La Paloma,Ranchería,Lagos de Moreno,Jalisco,,Frio,,,,,,,,,,,,,,,,,,,
47524,La Perlita,Ranchería,Lagos de Moreno,Jalisco,,Frio,,,,,,,,,,,,,,,,,,,
47524,La Vigilancia,Ranchería,Lagos de Moreno,Jalisco,,Frio,,,,,,,,,,,,,,,,,,,
47524,Lagunillas,Ranchería,Lagos de Moreno,Jalisco,,Frio,,,,,,,,,,,,,,,,,,,
47524,Los Lobos,Ranchería,Lagos de Moreno,Jalisco,,Frio,,,,,,,,,,,,,,,,,,,
47524,San Antonio de las Flores,Ranchería,Lagos de Moreno,Jalisco,,Frio,,,,,,,,,,,,,,,,,,,
47525,Paso de Cuarenta (San Miguel de Cuarenta),Colonia,Lagos de Moreno,Jalisco,,Tibio,,,,,,,,,,,,,,,,,,,
47525,Atrixco,Ejido,Lagos de Moreno,Jalisco,,Frio,,,,,,,,,,,,,,,,,,,
47525,Camino Real,Ranchería,Lagos de Moreno,Jalisco,,Frio,,,,,,,,,,,,,,,,,,,
47525,El Jaralito,Ranchería,Lagos de Moreno,Jalisco,,Frio,,,,,,,,,,,,,,,,,,,
47525,El Sombrerón,Ranchería,Lagos de Moreno,Jalisco,,Frio,,,,,,,,,,,,,,,,,,,
47525,Huachinote,Ranchería,Lagos de Moreno,Jalisco,,Frio,,,,,,,,,,,,,,,,,,,
47525,La Esperanza,Ranchería,Lagos de Moreno,Jalisco,,Frio,,,,,,,,,,,,,,,,,,,
47525,La Presa de Cuarenta,Ranchería,Lagos de Moreno,Jalisco,,Frio,,,,,,,,,,,,,,,,,,,
47525,La Soledad,Ranchería,Lagos de Moreno,Jalisco,,Frio,,,,,,,,,,,,,,,,,,,
47525,San José,Ranchería,Lagos de Moreno,Jalisco,,Frio,,,,,,,,,,,,,,,,,,,
47525,San Juan del Maguey,Ranchería,Lagos de Moreno,Jalisco,,Frio,,,,,,,,,,,,,,,,,,,
47525,Santa Cruz,Ranchería,Lagos de Moreno,Jalisco,,Frio,,,,,,,,,,,,,,,,,,,
47525,Toluca,Ranchería,Lagos de Moreno,Jalisco,,Frio,,,,,,,,,,,,,,,,,,,
47526,Bernalejo (Comanja),Ranchería,Lagos de Moreno,Jalisco,,Frio,,,,,,,,,,,,,,,,,,,
47526,Comanja de Corona,Pueblo,Lagos de Moreno,Jalisco,,Tibio,,,,,,,,,,,,,,,,,,,
47526,Agua Azul,Ranchería,Lagos de Moreno,Jalisco,,Frio,,,,,,,,,,,,,,,,,,,
47526,Cerro Colorado,Ranchería,Lagos de Moreno,Jalisco,,Frio,,,,,,,,,,,,,,,,,,,
47526,El Pino,Ranchería,Lagos de Moreno,Jalisco,,Frio,,,,,,,,,,,,,,,,,,,
47526,Hacienda Santiago,Ranchería,Lagos de Moreno,Jalisco,,Frio,,,,,,,,,,,,,,,,,,,
47526,La Ciénega,Ranchería,Lagos de Moreno,Jalisco,,Frio,,,,,,,,,,,,,,,,,,,
47526,La Cruz,Ranchería,Lagos de Moreno,Jalisco,,Frio,,,,,,,,,,,,,,,,,,,
47526,La Labor,Ranchería,Lagos de Moreno,Jalisco,,Frio,,,,,,,,,,,,,,,,,,,
47526,Las Huertas,Ranchería,Lagos de Moreno,Jalisco,,Frio,,,,,,,,,,,,,,,,,,,
47526,Los Cerritos,Ranchería,Lagos de Moreno,Jalisco,,Frio,,,,,,,,,,,,,,,,,,,
47526,Los Gorriones,Ranchería,Lagos de Moreno,Jalisco,,Frio,,,,,,,,,,,,,,,,,,,
47526,Los Llanitos,Ranchería,Lagos de Moreno,Jalisco,,Frio,,,,,,,,,,,,,,,,,,,
47526,Los Tanques del Refugio,Ranchería,Lagos de Moreno,Jalisco,,Frio,,,,,,,,,,,,,,,,,,,
47526,Rentería,Ranchería,Lagos de Moreno,Jalisco,,Frio,,,,,,,,,,,,,,,,,,,
47526,San Francisco de Olivo,Ranchería,Lagos de Moreno,Jalisco,,Frio,,,,,,,,,,,,,,,,,,,
47527,Calabacillas,Ranchería,Lagos de Moreno,Jalisco,,Frio,,,,,,,,,,,,,,,,,,,
47527,Canoas,Ranchería,Lagos de Moreno,Jalisco,,Frio,,,,,,,,,,,,,,,,,,,
47527,Casillas,Ranchería,Lagos de Moreno,Jalisco,,Frio,,,,,,,,,,,,,,,,,,,
47527,Chero,Ranchería,Lagos de Moreno,Jalisco,,Frio,,,,,,,,,,,,,,,,,,,
47527,El Mojino,Ranchería,Lagos de Moreno,Jalisco,,Frio,,,,,,,,,,,,,,,,,,,
47527,Jaramillo de Abajo,Ranchería,Lagos de Moreno,Jalisco,,Frio,,,,,,,,,,,,,,,,,,,
47527,Jaramillo de Arriba,Ranchería,Lagos de Moreno,Jalisco,,Frio,,,,,,,,,,,,,,,,,,,
47527,La Atarjea,Ranchería,Lagos de Moreno,Jalisco,,Frio,,,,,,,,,,,,,,,,,,,
47527,La Estancia,Ranchería,Lagos de Moreno,Jalisco,,Frio,,,,,,,,,,,,,,,,,,,
47527,La Haciendita [Granja],Ranchería,Lagos de Moreno,Jalisco,,Frio,,,,,,,,,,,,,,,,,,,
47527,Lomas de Jaramillo de Abajo,Ranchería,Lagos de Moreno,Jalisco,,Frio,,,,,,,,,,,,,,,,,,,
47527,Los Alambres (Ejido Santa Elena),Ranchería,Lagos de Moreno,Jalisco,,Frio,,,,,,,,,,,,,,,,,,,
47527,Rancho la Posta,Ranchería,Lagos de Moreno,Jalisco,,Frio,,,,,,,,,,,,,,,,,,,
47527,Villas Ecológicas los Nardos (Los Nardos),Ranchería,Lagos de Moreno,Jalisco,,Frio,,,,,,,,,,,,,,,,,,,
47528,Moya,Ejido,Lagos de Moreno,Jalisco,,Frio,,,,,,,,,,,,,,,,,,,
47528,Cañada de Ricos,Ranchería,Lagos de Moreno,Jalisco,,Frio,,,,,,,,,,,,,,,,,,,
47528,Cañada de Ricos (Tepetates),Ranchería,Lagos de Moreno,Jalisco,,Frio,,,,,,,,,,,,,,,,,,,
47528,Castelongo,Ranchería,Lagos de Moreno,Jalisco,,Frio,,,,,,,,,,,,,,,,,,,
47528,El Terrero,Ranchería,Lagos de Moreno,Jalisco,,Frio,,,,,,,,,,,,,,,,,,,
47528,El Tigre,Ranchería,Lagos de Moreno,Jalisco,,Frio,,,,,,,,,,,,,,,,,,,
47528,La Gloria,Ranchería,Lagos de Moreno,Jalisco,,Frio,,,,,,,,,,,,,,,,,,,
47528,La Luz de Arriba,Ranchería,Lagos de Moreno,Jalisco,,Frio,,,,,,,,,,,,,,,,,,,
47528,La Sauceda (Pedro Moreno),Ranchería,Lagos de Moreno,Jalisco,,Frio,,,,,,,,,,,,,,,,,,,
47528,Las Presas,Ranchería,Lagos de Moreno,Jalisco,,Frio,,,,,,,,,,,,,,,,,,,
47528,Los Sauces,Ranchería,Lagos de Moreno,Jalisco,,Frio,,,,,,,,,,,,,,,,,,,
47528,Los Terreritos,Ranchería,Lagos de Moreno,Jalisco,,Frio,,,,,,,,,,,,,,,,,,,
47528,Rancho Seco (Rincón de Mesa),Ranchería,Lagos de Moreno,Jalisco,,Frio,,,,,,,,,,,,,,,,,,,
47528,San Bernardo,Ranchería,Lagos de Moreno,Jalisco,,Frio,,,,,,,,,,,,,,,,,,,
47528,San Jorge (Macedonio Ayala),Ranchería,Lagos de Moreno,Jalisco,,Frio,,,,,,,,,,,,,,,,,,,
47528,San Miguel (4to. de Milla),Ranchería,Lagos de Moreno,Jalisco,,Frio,,,,,,,,,,,,,,,,,,,
47528,San Rafael,Ranchería,Lagos de Moreno,Jalisco,,Frio,,,,,,,,,,,,,,,,,,,
47530,Paseos del Sol,Colonia,Lagos de Moreno,Jalisco,,Caliente,,,,,,,,,,,,,,,,,,,
47530,Jardines de la Capilla,Fraccionamiento,Lagos de Moreno,Jalisco,,Caliente,,,,,,,,,,,,,,,,,,,
47530,El Arenal,Colonia,Lagos de Moreno,Jalisco,,Tibio,,,,,,,,,,,,,,,,,,,
47530,Geovillas Laureles del Campanario,Fraccionamiento,Lagos de Moreno,Jalisco,,Caliente,,,,,,,,,,,,,,,,,,,
47530,Alto de Moya,Ranchería,Lagos de Moreno,Jalisco,,Frio,,,,,,,,,,,,,,,,,,,
47530,Avilag [La Granja],Ejido,Lagos de Moreno,Jalisco,,Frio,,,,,,,,,,,,,,,,,,,
47530,Ejido Cañada de Ricos (La Alfalfa),Ranchería,Lagos de Moreno,Jalisco,,Frio,,,,,,,,,,,,,,,,,,,
47530,El Durazno,Ranchería,Lagos de Moreno,Jalisco,,Frio,,,,,,,,,,,,,,,,,,,
47530,La Florida,Ranchería,Lagos de Moreno,Jalisco,,Frio,,,,,,,,,,,,,,,,,,,
47530,La Providencia,Ranchería,Lagos de Moreno,Jalisco,,Frio,,,,,,,,,,,,,,,,,,,
47530,Las Alfalfas,Ranchería,Lagos de Moreno,Jalisco,,Frio,,,,,,,,,,,,,,,,,,,
47530,Las Arboledas [Granja],Ranchería,Lagos de Moreno,Jalisco,,Frio,,,,,,,,,,,,,,,,,,,
47530,Loma de Espinosa,Ranchería,Lagos de Moreno,Jalisco,,Frio,,,,,,,,,,,,,,,,,,,
47530,Los Pinos,Ranchería,Lagos de Moreno,Jalisco,,Frio,,,,,,,,,,,,,,,,,,,
47530,Plan de los Rodríguez,Colonia,Lagos de Moreno,Jalisco,,Tibio,,,,,,,,,,,,,,,,,,,
47530,Portugalejo,Ranchería,Lagos de Moreno,Jalisco,,Frio,,,,,,,,,,,,,,,,,,,
47530,Rancho Colorado,Ranchería,Lagos de Moreno,Jalisco,,Frio,,,,,,,,,,,,,,,,,,,
47530,Rancho los Gallardo,Ranchería,Lagos de Moreno,Jalisco,,Frio,,,,,,,,,,,,,,,,,,,
47530,Rancho los Hernández,Ranchería,Lagos de Moreno,Jalisco,,Frio,,,,,,,,,,,,,,,,,,,
47530,Rancho los Martínez,Ranchería,Lagos de Moreno,Jalisco,,Frio,,,,,,,,,,,,,,,,,,,
47530,Rancho Verde,Ranchería,Lagos de Moreno,Jalisco,,Frio,,,,,,,,,,,,,,,,,,,
47530,San Agustín (San Agustín de los Romanes),Ranchería,Lagos de Moreno,Jalisco,,Frio,,,,,,,,,,,,,,,,,,,
47530,Santa Cruz,Colonia,Lagos de Moreno,Jalisco,,Tibio,,,,,,,,,,,,,,,,,,,
47532,La Marimba,Rancho,Lagos de Moreno,Jalisco,,Frio,,,,,,,,,,,,,,,,,,,
47532,Huertas Familiares San Pedro,Colonia,Lagos de Moreno,Jalisco,,Tibio,,,,,,,,,,,,,,,,,,,
47532,Alto de la Cantera,Ranchería,Lagos de Moreno,Jalisco,,Frio,,,,,,,,,,,,,,,,,,,
47532,Bajío de Álvarez,Ejido,Lagos de Moreno,Jalisco,,Frio,,,,,,,,,,,,,,,,,,,
47532,Ceja de Bolitas (La Ceja),Ranchería,Lagos de Moreno,Jalisco,,Frio,,,,,,,,,,,,,,,,,,,
47532,El Alto de San Pedro,Ranchería,Lagos de Moreno,Jalisco,,Frio,,,,,,,,,,,,,,,,,,,
47532,El Capadero,Ranchería,Lagos de Moreno,Jalisco,,Frio,,,,,,,,,,,,,,,,,,,
47532,El Cerrito,Ranchería,Lagos de Moreno,Jalisco,,Frio,,,,,,,,,,,,,,,,,,,
47532,El Circo,Ranchería,Lagos de Moreno,Jalisco,,Frio,,,,,,,,,,,,,,,,,,,
47532,El Molino de Nazas (El Molino),Ranchería,Lagos de Moreno,Jalisco,,Frio,,,,,,,,,,,,,,,,,,,
47532,El Refugio [Granja],Ranchería,Lagos de Moreno,Jalisco,,Frio,,,,,,,,,,,,,,,,,,,
47532,El Rodeo,Ranchería,Lagos de Moreno,Jalisco,,Frio,,,,,,,,,,,,,,,,,,,
47532,Jaritas,Ranchería,Lagos de Moreno,Jalisco,,Frio,,,,,,,,,,,,,,,,,,,
47532,La Barranca del Refugio,Ranchería,Lagos de Moreno,Jalisco,,Frio,,,,,,,,,,,,,,,,,,,
47532,La Peña [Granja],Ranchería,Lagos de Moreno,Jalisco,,Frio,,,,,,,,,,,,,,,,,,,
47532,Las Barrancas,Ranchería,Lagos de Moreno,Jalisco,,Frio,,,,,,,,,,,,,,,,,,,
47532,Loma de Prados,Ranchería,Lagos de Moreno,Jalisco,,Frio,,,,,,,,,,,,,,,,,,,
47532,Los Chícharos,Ranchería,Lagos de Moreno,Jalisco,,Frio,,,,,,,,,,,,,,,,,,,
47532,Paso de la Mesa,Ranchería,Lagos de Moreno,Jalisco,,Frio,,,,,,,,,,,,,,,,,,,
47532,Sabino,Ranchería,Lagos de Moreno,Jalisco,,Frio,,,,,,,,,,,,,,,,,,,
47532,San Pedro,Ranchería,Lagos de Moreno,Jalisco,,Frio,,,,,,,,,,,,,,,,,,,
47532,Santa Emilia,Ranchería,Lagos de Moreno,Jalisco,,Frio,,,,,,,,,,,,,,,,,,,
47532,Tampico,Ranchería,Lagos de Moreno,Jalisco,,Frio,,,,,,,,,,,,,,,,,,,
47533,Carril de San Ángel,Ranchería,Lagos de Moreno,Jalisco,,Frio,,,,,,,,,,,,,,,,,,,
47533,Cerro Prieto,Ranchería,Lagos de Moreno,Jalisco,,Frio,,,,,,,,,,,,,,,,,,,
47533,El Carmen,Ranchería,Lagos de Moreno,Jalisco,,Frio,,,,,,,,,,,,,,,,,,,
47533,El Encino,Ranchería,Lagos de Moreno,Jalisco,,Frio,,,,,,,,,,,,,,,,,,,
47533,El Tepame,Ranchería,Lagos de Moreno,Jalisco,,Frio,,,,,,,,,,,,,,,,,,,
47533,Guanajuatillo,Ranchería,Lagos de Moreno,Jalisco,,Frio,,,,,,,,,,,,,,,,,,,
47533,La Cotija,Ranchería,Lagos de Moreno,Jalisco,,Frio,,,,,,,,,,,,,,,,,,,
47533,La Ermita,Ranchería,Lagos de Moreno,Jalisco,,Frio,,,,,,,,,,,,,,,,,,,
47533,La Ladera,Ranchería,Lagos de Moreno,Jalisco,,Frio,,,,,,,,,,,,,,,,,,,
47533,La Santísima,Ranchería,Lagos de Moreno,Jalisco,,Frio,,,,,,,,,,,,,,,,,,,
47533,Labor de Montegrande (Labor de los Enriquez),Ranchería,Lagos de Moreno,Jalisco,,Frio,,,,,,,,,,,,,,,,,,,
47533,Las Mangas,Ranchería,Lagos de Moreno,Jalisco,,Frio,,,,,,,,,,,,,,,,,,,
47533,Las Tortugas,Ranchería,Lagos de Moreno,Jalisco,,Frio,,,,,,,,,,,,,,,,,,,
47533,Los Pérez,Ranchería,Lagos de Moreno,Jalisco,,Frio,,,,,,,,,,,,,,,,,,,
47533,Monte Alto,Ranchería,Lagos de Moreno,Jalisco,,Frio,,,,,,,,,,,,,,,,,,,
47533,Paredones,Ranchería,Lagos de Moreno,Jalisco,,Frio,,,,,,,,,,,,,,,,,,,
47533,Potrerillos,Ranchería,Lagos de Moreno,Jalisco,,Frio,,,,,,,,,,,,,,,,,,,
47533,Rancho Seco,Ranchería,Lagos de Moreno,Jalisco,,Frio,,,,,,,,,,,,,,,,,,,
47533,San Francisco de los Romanes,Ranchería,Lagos de Moreno,Jalisco,,Frio,,,,,,,,,,,,,,,,,,,
47534,Dolores,Ranchería,Lagos de Moreno,Jalisco,,Frio,,,,,,,,,,,,,,,,,,,
47534,El Alto de Encinillas,Ranchería,Lagos de Moreno,Jalisco,,Frio,,,,,,,,,,,,,,,,,,,
47534,El Cajón de Abajo,Ranchería,Lagos de Moreno,Jalisco,,Frio,,,,,,,,,,,,,,,,,,,
47534,El Cajón de Arriba,Ranchería,Lagos de Moreno,Jalisco,,Frio,,,,,,,,,,,,,,,,,,,
47534,El Ixtle,Ranchería,Lagos de Moreno,Jalisco,,Frio,,,,,,,,,,,,,,,,,,,
47534,El Jaral,Ranchería,Lagos de Moreno,Jalisco,,Frio,,,,,,,,,,,,,,,,,,,
47534,El Posirón,Ranchería,Lagos de Moreno,Jalisco,,Frio,,,,,,,,,,,,,,,,,,,
47534,El Sauz,Ranchería,Lagos de Moreno,Jalisco,,Frio,,,,,,,,,,,,,,,,,,,
47534,Fracción los Cajones (El Ranchito),Ranchería,Lagos de Moreno,Jalisco,,Frio,,,,,,,,,,,,,,,,,,,
47534,La Presa,Ranchería,Lagos de Moreno,Jalisco,,Frio,,,,,,,,,,,,,,,,,,,
47534,La Silleta,Ranchería,Lagos de Moreno,Jalisco,,Frio,,,,,,,,,,,,,,,,,,,
47534,Las Cajas,Ranchería,Lagos de Moreno,Jalisco,,Frio,,,,,,,,,,,,,,,,,,,
47534,Llano de Miranda,Ranchería,Lagos de Moreno,Jalisco,,Frio,,,,,,,,,,,,,,,,,,,
47534,Los Olivos,Ranchería,Lagos de Moreno,Jalisco,,Frio,,,,,,,,,,,,,,,,,,,
47534,Ojo de Agua,Ranchería,Lagos de Moreno,Jalisco,,Frio,,,,,,,,,,,,,,,,,,,
47534,Puerta de los Quiotes,Ranchería,Lagos de Moreno,Jalisco,,Frio,,,,,,,,,,,,,,,,,,,
47534,Puerta del Llano,Ranchería,Lagos de Moreno,Jalisco,,Frio,,,,,,,,,,,,,,,,,,,
47534,San José de la Isla,Ranchería,Lagos de Moreno,Jalisco,,Frio,,,,,,,,,,,,,,,,,,,
47534,San José del Potrero,Ranchería,Lagos de Moreno,Jalisco,,Frio,,,,,,,,,,,,,,,,,,,
47534,San Pablo,Ranchería,Lagos de Moreno,Jalisco,,Frio,,,,,,,,,,,,,,,,,,,
47534,Santa Anita,Ranchería,Lagos de Moreno,Jalisco,,Frio,,,,,,,,,,,,,,,,,,,
47534,Santo Domingo (Arroyo del Palo),Ranchería,Lagos de Moreno,Jalisco,,Frio,,,,,,,,,,,,,,,,,,,
47535,Miranda,Colonia,Lagos de Moreno,Jalisco,,Tibio,,,,,,,,,,,,,,,,,,,
47535,El Purgatorio,Ranchería,Lagos de Moreno,Jalisco,,Frio,,,,,,,,,,,,,,,,,,,
47535,Las Cofradías,Ranchería,Lagos de Moreno,Jalisco,,Frio,,,,,,,,,,,,,,,,,,,
47535,Lo de Ávalos,Ranchería,Lagos de Moreno,Jalisco,,Frio,,,,,,,,,,,,,,,,,,,
47535,Miranda del Refugio,Ranchería,Lagos de Moreno,Jalisco,,Frio,,,,,,,,,,,,,,,,,,,
47535,Potrero del Llano,Ranchería,Lagos de Moreno,Jalisco,,Frio,,,,,,,,,,,,,,,,,,,
47536,Bernalejo,Colonia,Lagos de Moreno,Jalisco,,Tibio,,,,,,,,,,,,,,,,,,,
47536,La Cantera (La Cantera de los Moreno),Ranchería,Lagos de Moreno,Jalisco,,Frio,,,,,,,,,,,,,,,,,,,
47536,La Virgen,Colonia,Lagos de Moreno,Jalisco,,Tibio,,,,,,,,,,,,,,,,,,,
47536,Cuatro Caminos,Ranchería,Lagos de Moreno,Jalisco,,Frio,,,,,,,,,,,,,,,,,,,
47536,El Capricho,Ranchería,Lagos de Moreno,Jalisco,,Frio,,,,,,,,,,,,,,,,,,,
47536,El Jagüey,Ranchería,Lagos de Moreno,Jalisco,,Frio,,,,,,,,,,,,,,,,,,,
47536,El Sitio,Ranchería,Lagos de Moreno,Jalisco,,Frio,,,,,,,,,,,,,,,,,,,
47536,El Tutano,Ranchería,Lagos de Moreno,Jalisco,,Frio,,,,,,,,,,,,,,,,,,,
47536,Jacales,Ranchería,Lagos de Moreno,Jalisco,,Frio,,,,,,,,,,,,,,,,,,,
47536,La Joya,Ranchería,Lagos de Moreno,Jalisco,,Frio,,,,,,,,,,,,,,,,,,,
47536,Las Palomas,Ranchería,Lagos de Moreno,Jalisco,,Frio,,,,,,,,,,,,,,,,,,,
47536,Loma de Mena,Ranchería,Lagos de Moreno,Jalisco,,Frio,,,,,,,,,,,,,,,,,,,
47536,Los Fresnos,Ranchería,Lagos de Moreno,Jalisco,,Frio,,,,,,,,,,,,,,,,,,,
47536,Los Manzanos,Ranchería,Lagos de Moreno,Jalisco,,Frio,,,,,,,,,,,,,,,,,,,
47536,Ojo de Agua,Ranchería,Lagos de Moreno,Jalisco,,Frio,,,,,,,,,,,,,,,,,,,
47536,San José del Cigarral,Ranchería,Lagos de Moreno,Jalisco,,Frio,,,,,,,,,,,,,,,,,,,
47536,San Juanico,Rancho,Lagos de Moreno,Jalisco,,Frio,,,,,,,,,,,,,,,,,,,
47536,San Pablo de Nazas,Ranchería,Lagos de Moreno,Jalisco,,Frio,,,,,,,,,,,,,,,,,,,
47537,Santa Inés,Ranchería,Lagos de Moreno,Jalisco,,Frio,,,,,,,,,,,,,,,,,,,
47537,Cantareras,Ranchería,Lagos de Moreno,Jalisco,,Frio,,,,,,,,,,,,,,,,,,,
47537,El Llano,Ranchería,Lagos de Moreno,Jalisco,,Frio,,,,,,,,,,,,,,,,,,,
47537,El Mesoncito,Ranchería,Lagos de Moreno,Jalisco,,Frio,,,,,,,,,,,,,,,,,,,
47537,La Arronera,Ranchería,Lagos de Moreno,Jalisco,,Frio,,,,,,,,,,,,,,,,,,,
47537,La Ladera,Ranchería,Lagos de Moreno,Jalisco,,Frio,,,,,,,,,,,,,,,,,,,
47537,Las Huertas,Ranchería,Lagos de Moreno,Jalisco,,Frio,,,,,,,,,,,,,,,,,,,
47537,Los Salas,Ranchería,Lagos de Moreno,Jalisco,,Frio,,,,,,,,,,,,,,,,,,,
47537,Portezuelos de González (El Zapote),Ranchería,Lagos de Moreno,Jalisco,,Frio,,,,,,,,,,,,,,,,,,,
47537,Rancho Nuevo,Ranchería,Lagos de Moreno,Jalisco,,Frio,,,,,,,,,,,,,,,,,,,
47539,Ciudad Maderas,Fraccionamiento,Lagos de Moreno,Jalisco,,Caliente,,,,,,,,,,,,,,,,,,,
47539,Las Cruces,Ranchería,Lagos de Moreno,Jalisco,,Frio,,,,,,,,,,,,,,,,,,,
47539,Cantera de Torres,Ranchería,Lagos de Moreno,Jalisco,,Frio,,,,,,,,,,,,,,,,,,,
47539,El Castillo,Ranchería,Lagos de Moreno,Jalisco,,Frio,,,,,,,,,,,,,,,,,,,
47539,El Horizonte,Ranchería,Lagos de Moreno,Jalisco,,Frio,,,,,,,,,,,,,,,,,,,
47539,El Lobo Dos,Ranchería,Lagos de Moreno,Jalisco,,Frio,,,,,,,,,,,,,,,,,,,
47539,El Refugio,Ranchería,Lagos de Moreno,Jalisco,,Frio,,,,,,,,,,,,,,,,,,,
47539,La Hoyuela de Torres,Ranchería,Lagos de Moreno,Jalisco,,Frio,,,,,,,,,,,,,,,,,,,
47539,La Loma (La Lomita),Ranchería,Lagos de Moreno,Jalisco,,Frio,,,,,,,,,,,,,,,,,,,
47539,La Venta,Ranchería,Lagos de Moreno,Jalisco,,Frio,,,,,,,,,,,,,,,,,,,
47539,Las Crucitas,Ranchería,Lagos de Moreno,Jalisco,,Frio,,,,,,,,,,,,,,,,,,,
47539,Loma de San Antonio,Ranchería,Lagos de Moreno,Jalisco,,Frio,,,,,,,,,,,,,,,,,,,
47539,Los Gachupines,Ranchería,Lagos de Moreno,Jalisco,,Frio,,,,,,,,,,,,,,,,,,,
47539,Rancho Nuevo Dos,Ranchería,Lagos de Moreno,Jalisco,,Frio,,,,,,,,,,,,,,,,,,,
47539,San Andrés,Ranchería,Lagos de Moreno,Jalisco,,Frio,,,,,,,,,,,,,,,,,,,
47539,San Antonio de las Cruces,Ranchería,Lagos de Moreno,Jalisco,,Frio,,,,,,,,,,,,,,,,,,,
47540,Magisterial,Colonia,Ojuelos de Jalisco,Jalisco,,Tibio,,,,,,,,,,,,,,,,,,,
47540,El Ranchito,Colonia,Ojuelos de Jalisco,Jalisco,,Tibio,,,,,,,,,,,,,,,,,,,
47540,Cristo Rey,Colonia,Ojuelos de Jalisco,Jalisco,,Tibio,,,,,,,,,,,,,,,,,,,
47540,Matancillas (San Isidro),Pueblo,Ojuelos de Jalisco,Jalisco,,Tibio,,,,,,,,,,,,,,,,,,,
47540,Ojuelos de Jalisco,Pueblo,Ojuelos de Jalisco,Jalisco,,Caliente,,,,,,,,,,,,,,,,,,,
47542,Hierba de Matancillas,Colonia,Ojuelos de Jalisco,Jalisco,,Tibio,,,,,,,,,,,,,,,,,,,
47545,Encinillas,Ranchería,Ojuelos de Jalisco,Jalisco,,Frio,,,,,,,,,,,,,,,,,,,
47545,Morenitos,Ranchería,Ojuelos de Jalisco,Jalisco,,Frio,,,,,,,,,,,,,,,,,,,
47546,Los Campos,Colonia,Ojuelos de Jalisco,Jalisco,,Tibio,,,,,,,,,,,,,,,,,,,
47547,Salitrillo de Chinampas,Ranchería,Ojuelos de Jalisco,Jalisco,,Frio,,,,,,,,,,,,,,,,,,,
47548,La Granja,Ranchería,Ojuelos de Jalisco,Jalisco,,Frio,,,,,,,,,,,,,,,,,,,
47549,Chinampas,Pueblo,Ojuelos de Jalisco,Jalisco,,Tibio,,,,,,,,,,,,,,,,,,,
47550,La Paz,Pueblo,Ojuelos de Jalisco,Jalisco,,Tibio,,,,,,,,,,,,,,,,,,,
47557,La Presa,Pueblo,Ojuelos de Jalisco,Jalisco,,Tibio,,,,,,,,,,,,,,,,,,,
47560,Guadalupe Victoria,Ranchería,Ojuelos de Jalisco,Jalisco,,Frio,,,,,,,,,,,,,,,,,,,
47563,Vaquerías (Languillo),Pueblo,Ojuelos de Jalisco,Jalisco,,Tibio,,,,,,,,,,,,,,,,,,,
47564,Emiliano Zapata,Ejido,Ojuelos de Jalisco,Jalisco,,Frio,,,,,,,,,,,,,,,,,,,
47565,Las Amarillas,Pueblo,Ojuelos de Jalisco,Jalisco,,Tibio,,,,,,,,,,,,,,,,,,,
47565,Matanzas,Pueblo,Ojuelos de Jalisco,Jalisco,,Tibio,,,,,,,,,,,,,,,,,,,
47566,Papas de Enmedio,Ranchería,Ojuelos de Jalisco,Jalisco,,Frio,,,,,,,,,,,,,,,,,,,
47570,Union de San Antonio Centro,Colonia,Unión de San Antonio,Jalisco,Unión de San Antonio,Caliente,,,,,,,,,,,,,,,,,,,
47572,Santo Tomas,Colonia,Unión de San Antonio,Jalisco,Unión de San Antonio,Tibio,,,,,,,,,,,,,,,,,,,
47573,La Quinta,Colonia,Unión de San Antonio,Jalisco,Unión de San Antonio,Tibio,,,,,,,,,,,,,,,,,,,
47574,San José,Colonia,Unión de San Antonio,Jalisco,Unión de San Antonio,Tibio,,,,,,,,,,,,,,,,,,,
47574,Moderna,Colonia,Unión de San Antonio,Jalisco,Unión de San Antonio,Tibio,,,,,,,,,,,,,,,,,,,
47574,El Mirador,Colonia,Unión de San Antonio,Jalisco,Unión de San Antonio,Tibio,,,,,,,,,,,,,,,,,,,
47574,El Tepeyac,Colonia,Unión de San Antonio,Jalisco,Unión de San Antonio,Tibio,,,,,,,,,,,,,,,,,,,
47574,Leon XIII,Colonia,Unión de San Antonio,Jalisco,Unión de San Antonio,Tibio,,,,,,,,,,,,,,,,,,,
47574,Lomas del Tesoro,Colonia,Unión de San Antonio,Jalisco,Unión de San Antonio,Caliente,,,,,,,,,,,,,,,,,,,
47574,Lomas de la Presa,Colonia,Unión de San Antonio,Jalisco,Unión de San Antonio,Caliente,,,,,,,,,,,,,,,,,,,
47575,San José El Alto,Ranchería,Unión de San Antonio,Jalisco,,Frio,,,,,,,,,,,,,,,,,,,
47575,San Antonio de la Garza,Ranchería,Unión de San Antonio,Jalisco,,Frio,,,,,,,,,,,,,,,,,,,
47575,Tlacuitapan,Congregación,Unión de San Antonio,Jalisco,,Tibio,,,,,,,,,,,,,,,,,,,
47576,Cañada de Infante,Congregación,Unión de San Antonio,Jalisco,,Tibio,,,,,,,,,,,,,,,,,,,
47576,Río de Vázquez,Congregación,Unión de San Antonio,Jalisco,,Tibio,,,,,,,,,,,,,,,,,,,
47577,El Saltillo de Velázquez,Congregación,Unión de San Antonio,Jalisco,,Tibio,,,,,,,,,,,,,,,,,,,
47580,Vizcaino,Congregación,Unión de San Antonio,Jalisco,,Tibio,,,,,,,,,,,,,,,,,,,
47580,Loma de Sotelos,Congregación,Unión de San Antonio,Jalisco,,Tibio,,,,,,,,,,,,,,,,,,,
47580,Estación Pedrito,Colonia,Unión de San Antonio,Jalisco,,Tibio,,,,,,,,,,,,,,,,,,,
47584,La Noria (Las Norias de las Vueltas),Congregación,Unión de San Antonio,Jalisco,,Tibio,,,,,,,,,,,,,,,,,,,
47585,San Bartolo de González (San Bartolo),Pueblo,Unión de San Antonio,Jalisco,,Tibio,,,,,,,,,,,,,,,,,,,
47585,San José de las Palmas,Congregación,Unión de San Antonio,Jalisco,,Tibio,,,,,,,,,,,,,,,,,,,
47586,Providencia,Ranchería,Unión de San Antonio,Jalisco,,Frio,,,,,,,,,,,,,,,,,,,
47586,San José del Caliche (El Caliche),Pueblo,Unión de San Antonio,Jalisco,,Tibio,,,,,,,,,,,,,,,,,,,
47587,El Saucillo de Primavera,Congregación,Unión de San Antonio,Jalisco,,Tibio,,,,,,,,,,,,,,,,,,,
47588,Cañada de Mena,Congregación,Unión de San Antonio,Jalisco,,Tibio,,,,,,,,,,,,,,,,,,,
47588,Lomas de Santa Gertrudis,Congregación,Unión de San Antonio,Jalisco,,Tibio,,,,,,,,,,,,,,,,,,,
47590,San Diego de Alejandría Centro,Colonia,San Diego de Alejandría,Jalisco,San Diego de Alejandría,Caliente,,,,,,,,,,,,,,,,,,,
47592,Chulavista,Fraccionamiento,San Diego de Alejandría,Jalisco,San Diego de Alejandría,Caliente,,,,,,,,,,,,,,,,,,,
47593,La Campaña de Morelos,Colonia,San Diego de Alejandría,Jalisco,San Diego de Alejandría,Tibio,,,,,,,,,,,,,,,,,,,
47595,San Antonio,Colonia,San Diego de Alejandría,Jalisco,San Diego de Alejandría,Tibio,,,,,,,,,,,,,,,,,,,
47595,San Jose,Colonia,San Diego de Alejandría,Jalisco,San Diego de Alejandría,Tibio,,,,,,,,,,,,,,,,,,,
47595,Arboledas,Colonia,San Diego de Alejandría,Jalisco,San Diego de Alejandría,Tibio,,,,,,,,,,,,,,,,,,,
47596,El Ocote,Ranchería,San Diego de Alejandría,Jalisco,,Frio,,,,,,,,,,,,,,,,,,,
47597,Las Pintas,Ranchería,San Diego de Alejandría,Jalisco,,Frio,,,,,,,,,,,,,,,,,,,
47599,El Ranchito,Ranchería,San Diego de Alejandría,Jalisco,,Frio,,,,,,,,,,,,,,,,,,,
47600,Tepatitlán de Morelos Centro,Colonia,Tepatitlán de Morelos,Jalisco,Tepatitlán de Morelos,Caliente,,,,,,,,,,,,,,,,,,,
47610,Hacienda la Cruz,Fraccionamiento,Tepatitlán de Morelos,Jalisco,Tepatitlán de Morelos,Caliente,,,,,,,,,,,,,,,,,,,
47610,Cerrito de la Cruz,Colonia,Tepatitlán de Morelos,Jalisco,Tepatitlán de Morelos,Tibio,,,,,,,,,,,,,,,,,,,
47610,La Nueva Cruz,Colonia,Tepatitlán de Morelos,Jalisco,Tepatitlán de Morelos,Tibio,,,,,,,,,,,,,,,,,,,
47610,Pozo del Monte,Colonia,Tepatitlán de Morelos,Jalisco,Tepatitlán de Morelos,Tibio,,,,,,,,,,,,,,,,,,,
47614,Los Viveros,Colonia,Tepatitlán de Morelos,Jalisco,Tepatitlán de Morelos,Tibio,,,,,,,,,,,,,,,,,,,
47620,El Árbol,Fraccionamiento,Tepatitlán de Morelos,Jalisco,Tepatitlán de Morelos,Caliente,,,,,,,,,,,,,,,,,,,
47620,Colinas Residencial,Fraccionamiento,Tepatitlán de Morelos,Jalisco,Tepatitlán de Morelos,Caliente,,,,,,,,,,,,,,,,,,,
47620,Maranta,Fraccionamiento,Tepatitlán de Morelos,Jalisco,Tepatitlán de Morelos,Caliente,,,,,,,,,,,,,,,,,,,
47620,Santa Cecilia,Fraccionamiento,Tepatitlán de Morelos,Jalisco,Tepatitlán de Morelos,Caliente,,,,,,,,,,,,,,,,,,,
47620,Aria,Fraccionamiento,Tepatitlán de Morelos,Jalisco,Tepatitlán de Morelos,Caliente,,,,,,,,,,,,,,,,,,,
47620,Hacienda Popotes,Fraccionamiento,Tepatitlán de Morelos,Jalisco,Tepatitlán de Morelos,Caliente,,,,,,,,,,,,,,,,,,,
47620,Las Colonias,Colonia,Tepatitlán de Morelos,Jalisco,Tepatitlán de Morelos,Tibio,,,,,,,,,,,,,,,,,,,
47620,Los Popotes,Colonia,Tepatitlán de Morelos,Jalisco,Tepatitlán de Morelos,Tibio,,,,,,,,,,,,,,,,,,,
47622,Altara Residencial,Fraccionamiento,Tepatitlán de Morelos,Jalisco,Tepatitlán de Morelos,Caliente,,,,,,,,,,,,,,,,,,,
47630,Españita,Colonia,Tepatitlán de Morelos,Jalisco,Tepatitlán de Morelos,Tibio,,,,,,,,,,,,,,,,,,,
47630,Nueva Españita,Colonia,Tepatitlán de Morelos,Jalisco,Tepatitlán de Morelos,Tibio,,,,,,,,,,,,,,,,,,,
47634,San Pablo,Fraccionamiento,Tepatitlán de Morelos,Jalisco,Tepatitlán de Morelos,Caliente,,,,,,,,,,,,,,,,,,,
47634,Jardín Español,Colonia,Tepatitlán de Morelos,Jalisco,Tepatitlán de Morelos,Tibio,,,,,,,,,,,,,,,,,,,
47634,Paseo de las Lomas,Fraccionamiento,Tepatitlán de Morelos,Jalisco,Tepatitlán de Morelos,Caliente,,,,,,,,,,,,,,,,,,,
47634,Las Hadas,Colonia,Tepatitlán de Morelos,Jalisco,Tepatitlán de Morelos,Tibio,,,,,,,,,,,,,,,,,,,
47635,Bugambilias,Fraccionamiento,Tepatitlán de Morelos,Jalisco,Tepatitlán de Morelos,Caliente,,,,,,,,,,,,,,,,,,,
47635,Prados del Roble,Fraccionamiento,Tepatitlán de Morelos,Jalisco,Tepatitlán de Morelos,Caliente,,,,,,,,,,,,,,,,,,,
47635,San Rafael,Fraccionamiento,Tepatitlán de Morelos,Jalisco,Tepatitlán de Morelos,Caliente,,,,,,,,,,,,,,,,,,,
47635,Residencial Country,Fraccionamiento,Tepatitlán de Morelos,Jalisco,Tepatitlán de Morelos,Caliente,,,,,,,,,,,,,,,,,,,
47635,Providencia,Fraccionamiento,Tepatitlán de Morelos,Jalisco,Tepatitlán de Morelos,Caliente,,,,,,,,,,,,,,,,,,,
47635,El Pedregal,Colonia,Tepatitlán de Morelos,Jalisco,Tepatitlán de Morelos,Tibio,,,,,,,,,,,,,,,,,,,
47635,FOVISSSTE,Colonia,Tepatitlán de Morelos,Jalisco,Tepatitlán de Morelos,Tibio,,,,,,,,,,,,,,,,,,,
47635,Santa Bárbara,Fraccionamiento,Tepatitlán de Morelos,Jalisco,Tepatitlán de Morelos,Caliente,,,,,,,,,,,,,,,,,,,
47636,Residencial La Cuesta,Fraccionamiento,Tepatitlán de Morelos,Jalisco,Tepatitlán de Morelos,Caliente,,,,,,,,,,,,,,,,,,,
47636,Real de Marsella,Fraccionamiento,Tepatitlán de Morelos,Jalisco,Tepatitlán de Morelos,Caliente,,,,,,,,,,,,,,,,,,,
47637,Juan Pablo II,Fraccionamiento,Tepatitlán de Morelos,Jalisco,Tepatitlán de Morelos,Caliente,,,,,,,,,,,,,,,,,,,
47639,El Tablón INFONAVIT,Colonia,Tepatitlán de Morelos,Jalisco,Tepatitlán de Morelos,Tibio,,,,,,,,,,,,,,,,,,,
47639,San Gabriel,Colonia,Tepatitlán de Morelos,Jalisco,Tepatitlán de Morelos,Tibio,,,,,,,,,,,,,,,,,,,
47639,Santa Mónica,Fraccionamiento,Tepatitlán de Morelos,Jalisco,Tepatitlán de Morelos,Caliente,,,,,,,,,,,,,,,,,,,
47639,San Alfonso,Fraccionamiento,Tepatitlán de Morelos,Jalisco,Tepatitlán de Morelos,Caliente,,,,,,,,,,,,,,,,,,,
47640,San Antonio el Alto,Colonia,Tepatitlán de Morelos,Jalisco,Tepatitlán de Morelos,Tibio,,,,,,,,,,,,,,,,,,,
47649,Las Jardineras,Colonia,Tepatitlán de Morelos,Jalisco,Tepatitlán de Morelos,Tibio,,,,,,,,,,,,,,,,,,,
47650,Alameda,Colonia,Tepatitlán de Morelos,Jalisco,Tepatitlán de Morelos,Tibio,,,,,,,,,,,,,,,,,,,
47650,El Pipón,Colonia,Tepatitlán de Morelos,Jalisco,Tepatitlán de Morelos,Tibio,,,,,,,,,,,,,,,,,,,
47650,Guadalupe,Colonia,Tepatitlán de Morelos,Jalisco,Tepatitlán de Morelos,Tibio,,,,,,,,,,,,,,,,,,,
47655,Comercial del Sur,Colonia,Tepatitlán de Morelos,Jalisco,Tepatitlán de Morelos,Tibio,,,,,,,,,,,,,,,,,,,
47655,Las Calles de Alcalá,Fraccionamiento,Tepatitlán de Morelos,Jalisco,Tepatitlán de Morelos,Caliente,,,,,,,,,,,,,,,,,,,
47655,Libramiento Sur,Colonia,Tepatitlán de Morelos,Jalisco,Tepatitlán de Morelos,Tibio,,,,,,,,,,,,,,,,,,,
47656,Los Arroyos,Fraccionamiento,Tepatitlán de Morelos,Jalisco,Tepatitlán de Morelos,Caliente,,,,,,,,,,,,,,,,,,,
47656,Central Business Park,Fraccionamiento,Tepatitlán de Morelos,Jalisco,Tepatitlán de Morelos,Caliente,,,,,,,,,,,,,,,,,,,
47656,4 Caminos,Fraccionamiento,Tepatitlán de Morelos,Jalisco,Tepatitlán de Morelos,Caliente,,,,,,,,,,,,,,,,,,,
47656,Los Adobes,Fraccionamiento,Tepatitlán de Morelos,Jalisco,Tepatitlán de Morelos,Caliente,,,,,,,,,,,,,,,,,,,
47657,El Chispeadero de Arriba,Colonia,Tepatitlán de Morelos,Jalisco,Tepatitlán de Morelos,Tibio,,,,,,,,,,,,,,,,,,,
47660,Jesús María,Colonia,Tepatitlán de Morelos,Jalisco,Tepatitlán de Morelos,Tibio,,,,,,,,,,,,,,,,,,,
47660,San Miguel,Colonia,Tepatitlán de Morelos,Jalisco,Tepatitlán de Morelos,Tibio,,,,,,,,,,,,,,,,,,,
47664,El Molino,Colonia,Tepatitlán de Morelos,Jalisco,Tepatitlán de Morelos,Tibio,,,,,,,,,,,,,,,,,,,
47670,La Gloria,Colonia,Tepatitlán de Morelos,Jalisco,Tepatitlán de Morelos,Tibio,,,,,,,,,,,,,,,,,,,
47670,Santa María,Condominio,Tepatitlán de Morelos,Jalisco,Tepatitlán de Morelos,Tibio,,,,,,,,,,,,,,,,,,,
47670,Vista Hermosa,Colonia,Tepatitlán de Morelos,Jalisco,Tepatitlán de Morelos,Tibio,,,,,,,,,,,,,,,,,,,
47674,Bosques de la Gloria,Fraccionamiento,Tepatitlán de Morelos,Jalisco,Tepatitlán de Morelos,Caliente,,,,,,,,,,,,,,,,,,,
47674,San Antonio El Alto,Colonia,Tepatitlán de Morelos,Jalisco,Tepatitlán de Morelos,Tibio,,,,,,,,,,,,,,,,,,,
47675,Real Alteño,Fraccionamiento,Tepatitlán de Morelos,Jalisco,Tepatitlán de Morelos,Caliente,,,,,,,,,,,,,,,,,,,
47675,Jardines de la Rivera,Fraccionamiento,Tepatitlán de Morelos,Jalisco,Tepatitlán de Morelos,Caliente,,,,,,,,,,,,,,,,,,,
47675,Loma Linda,Colonia,Tepatitlán de Morelos,Jalisco,Tepatitlán de Morelos,Tibio,,,,,,,,,,,,,,,,,,,
47675,Lomas del Real,Fraccionamiento,Tepatitlán de Morelos,Jalisco,Tepatitlán de Morelos,Caliente,,,,,,,,,,,,,,,,,,,
47675,Saint Michel,Fraccionamiento,Tepatitlán de Morelos,Jalisco,Tepatitlán de Morelos,Caliente,,,,,,,,,,,,,,,,,,,
47676,Residencial Lomas de San Ángel,Fraccionamiento,Tepatitlán de Morelos,Jalisco,Tepatitlán de Morelos,Caliente,,,,,,,,,,,,,,,,,,,
47680,El Zapote,Colonia,Tepatitlán de Morelos,Jalisco,Tepatitlán de Morelos,Tibio,,,,,,,,,,,,,,,,,,,
47680,Jardines de Oriente,Colonia,Tepatitlán de Morelos,Jalisco,Tepatitlán de Morelos,Tibio,,,,,,,,,,,,,,,,,,,
47680,Jardines Tepatitlán,Colonia,Tepatitlán de Morelos,Jalisco,Tepatitlán de Morelos,Tibio,,,,,,,,,,,,,,,,,,,
47684,Bosques de la Hacienda,Fraccionamiento,Tepatitlán de Morelos,Jalisco,Tepatitlán de Morelos,Caliente,,,,,,,,,,,,,,,,,,,
47684,Campos Elíseos,Fraccionamiento,Tepatitlán de Morelos,Jalisco,Tepatitlán de Morelos,Caliente,,,,,,,,,,,,,,,,,,,
47684,Colonial,Fraccionamiento,Tepatitlán de Morelos,Jalisco,Tepatitlán de Morelos,Caliente,,,,,,,,,,,,,,,,,,,
47684,Comarcas Francesas,Fraccionamiento,Tepatitlán de Morelos,Jalisco,Tepatitlán de Morelos,Caliente,,,,,,,,,,,,,,,,,,,
47684,Residencial la Hacienda,Colonia,Tepatitlán de Morelos,Jalisco,Tepatitlán de Morelos,Caliente,,,,,,,,,,,,,,,,,,,
47685,Coto del Rey,Fraccionamiento,Tepatitlán de Morelos,Jalisco,Tepatitlán de Morelos,Caliente,,,,,,,,,,,,,,,,,,,
47685,Jardines del Valle,Fraccionamiento,Tepatitlán de Morelos,Jalisco,Tepatitlán de Morelos,Caliente,,,,,,,,,,,,,,,,,,,
47685,Loma Dorada,Fraccionamiento,Tepatitlán de Morelos,Jalisco,Tepatitlán de Morelos,Caliente,,,,,,,,,,,,,,,,,,,
47685,Bosques del Lago,Colonia,Tepatitlán de Morelos,Jalisco,Tepatitlán de Morelos,Tibio,,,,,,,,,,,,,,,,,,,
47685,La Loma,Colonia,Tepatitlán de Morelos,Jalisco,Tepatitlán de Morelos,Tibio,,,,,,,,,,,,,,,,,,,
47685,Lomas del Rey,Fraccionamiento,Tepatitlán de Morelos,Jalisco,Tepatitlán de Morelos,Caliente,,,,,,,,,,,,,,,,,,,
47690,La Cima,Fraccionamiento,Tepatitlán de Morelos,Jalisco,Tepatitlán de Morelos,Caliente,,,,,,,,,,,,,,,,,,,
47690,Residencial del Carmen,Fraccionamiento,Tepatitlán de Morelos,Jalisco,Tepatitlán de Morelos,Caliente,,,,,,,,,,,,,,,,,,,
47690,Residencial Jardines del Carmen,Fraccionamiento,Tepatitlán de Morelos,Jalisco,Tepatitlán de Morelos,Caliente,,,,,,,,,,,,,,,,,,,
47690,Lomas del Carmen,Fraccionamiento,Tepatitlán de Morelos,Jalisco,Tepatitlán de Morelos,Caliente,,,,,,,,,,,,,,,,,,,
47690,Del Carmen,Colonia,Tepatitlán de Morelos,Jalisco,Tepatitlán de Morelos,Tibio,,,,,,,,,,,,,,,,,,,
47690,Los Conejos,Colonia,Tepatitlán de Morelos,Jalisco,Tepatitlán de Morelos,Tibio,,,,,,,,,,,,,,,,,,,
47694,Sierra Hermosa,Fraccionamiento,Tepatitlán de Morelos,Jalisco,Tepatitlán de Morelos,Caliente,,,,,,,,,,,,,,,,,,,
47698,San Jorge,Fraccionamiento,Tepatitlán de Morelos,Jalisco,Tepatitlán de Morelos,Caliente,,,,,,,,,,,,,,,,,,,
47698,Jardines del Rosal,Fraccionamiento,Tepatitlán de Morelos,Jalisco,Tepatitlán de Morelos,Caliente,,,,,,,,,,,,,,,,,,,
47698,Las Águilas,Fraccionamiento,Tepatitlán de Morelos,Jalisco,Tepatitlán de Morelos,Caliente,,,,,,,,,,,,,,,,,,,
47698,Las Aguilillas,Colonia,Tepatitlán de Morelos,Jalisco,Tepatitlán de Morelos,Tibio,,,,,,,,,,,,,,,,,,,
47698,San Carlos,Fraccionamiento,Tepatitlán de Morelos,Jalisco,Tepatitlán de Morelos,Caliente,,,,,,,,,,,,,,,,,,,
47698,Jardines del Real,Fraccionamiento,Tepatitlán de Morelos,Jalisco,Tepatitlán de Morelos,Caliente,,,,,,,,,,,,,,,,,,,
47700,Paleta Chica,Colonia,Tepatitlán de Morelos,Jalisco,,Tibio,,,,,,,,,,,,,,,,,,,
47700,El Carril,Colonia,Tepatitlán de Morelos,Jalisco,,Tibio,,,,,,,,,,,,,,,,,,,
47700,Juan Jiménez (La Esperanza),Fraccionamiento,Tepatitlán de Morelos,Jalisco,,Caliente,,,,,,,,,,,,,,,,,,,
47700,Capilla de Guadalupe,Pueblo,Tepatitlán de Morelos,Jalisco,,Tibio,,,,,,,,,,,,,,,,,,,
47703,El Cinco,Colonia,Tepatitlán de Morelos,Jalisco,,Tibio,,,,,,,,,,,,,,,,,,,
47703,Maravillas,Colonia,Tepatitlán de Morelos,Jalisco,,Tibio,,,,,,,,,,,,,,,,,,,
47703,Los Sauces de Franco,Colonia,Tepatitlán de Morelos,Jalisco,,Tibio,,,,,,,,,,,,,,,,,,,
47707,La Cruz,Ranchería,Tepatitlán de Morelos,Jalisco,,Frio,,,,,,,,,,,,,,,,,,,
47710,Mezcala,Pueblo,Tepatitlán de Morelos,Jalisco,,Tibio,,,,,,,,,,,,,,,,,,,
47714,Los Sauces,Colonia,Tepatitlán de Morelos,Jalisco,,Tibio,,,,,,,,,,,,,,,,,,,
47714,Los Sauces,Fraccionamiento,Tepatitlán de Morelos,Jalisco,,Caliente,,,,,,,,,,,,,,,,,,,
47714,Santana de Abajo,Colonia,Tepatitlán de Morelos,Jalisco,,Tibio,,,,,,,,,,,,,,,,,,,
47714,El Crucero de Arandas,Colonia,Tepatitlán de Morelos,Jalisco,,Tibio,,,,,,,,,,,,,,,,,,,
47714,La Soledad,Colonia,Tepatitlán de Morelos,Jalisco,,Tibio,,,,,,,,,,,,,,,,,,,
47714,Santa Bárbara,Colonia,Tepatitlán de Morelos,Jalisco,,Tibio,,,,,,,,,,,,,,,,,,,
47714,Virreyes,Fraccionamiento,Tepatitlán de Morelos,Jalisco,,Caliente,,,,,,,,,,,,,,,,,,,
47714,San José de Bazarte (La Villa),Colonia,Tepatitlán de Morelos,Jalisco,,Tibio,,,,,,,,,,,,,,,,,,,
47715,Pegueros,Pueblo,Tepatitlán de Morelos,Jalisco,,Tibio,,,,,,,,,,,,,,,,,,,
47716,Los Cerritos,Colonia,Tepatitlán de Morelos,Jalisco,,Tibio,,,,,,,,,,,,,,,,,,,
47716,Los Terreros,Colonia,Tepatitlán de Morelos,Jalisco,,Tibio,,,,,,,,,,,,,,,,,,,
47716,Agua Blanca,Colonia,Tepatitlán de Morelos,Jalisco,,Tibio,,,,,,,,,,,,,,,,,,,
47716,Mazatitlán,Pueblo,Tepatitlán de Morelos,Jalisco,,Tibio,,,,,,,,,,,,,,,,,,,
47720,Capilla de Milpillas (Milpillas),Pueblo,Tepatitlán de Morelos,Jalisco,,Tibio,,,,,,,,,,,,,,,,,,,
47720,Rancho Viejo,Ranchería,Tepatitlán de Morelos,Jalisco,,Frio,,,,,,,,,,,,,,,,,,,
47723,El Bajío de Plascencia,Ranchería,Tepatitlán de Morelos,Jalisco,,Frio,,,,,,,,,,,,,,,,,,,
47723,La Mesa del Guitarrero,Ranchería,Tepatitlán de Morelos,Jalisco,,Frio,,,,,,,,,,,,,,,,,,,
47723,Rincón de Velázquez,Ranchería,Tepatitlán de Morelos,Jalisco,,Frio,,,,,,,,,,,,,,,,,,,
47724,La Ciénega,Ranchería,Tepatitlán de Morelos,Jalisco,,Frio,,,,,,,,,,,,,,,,,,,
47724,Ojo de Agua de Latillas,Ranchería,Tepatitlán de Morelos,Jalisco,,Frio,,,,,,,,,,,,,,,,,,,
47725,Ramblas Grande,Ranchería,Tepatitlán de Morelos,Jalisco,,Frio,,,,,,,,,,,,,,,,,,,
47726,Tecomatlán,Pueblo,Tepatitlán de Morelos,Jalisco,,Tibio,,,,,,,,,,,,,,,,,,,
47727,La Loma (Loma de Enmedio),Colonia,Tepatitlán de Morelos,Jalisco,,Tibio,,,,,,,,,,,,,,,,,,,
47727,El Tepetate,Colonia,Tepatitlán de Morelos,Jalisco,,Tibio,,,,,,,,,,,,,,,,,,,
47727,Ojo de Agua de Becerras,Colonia,Tepatitlán de Morelos,Jalisco,,Tibio,,,,,,,,,,,,,,,,,,,
47728,Ojo de Agua de Aceves (Santa Cruz),Ranchería,Tepatitlán de Morelos,Jalisco,,Frio,,,,,,,,,,,,,,,,,,,
47728,El Ramblas (Ramblas Grande),Ranchería,Tepatitlán de Morelos,Jalisco,,Frio,,,,,,,,,,,,,,,,,,,
47728,Jardín Real,Fraccionamiento,Tepatitlán de Morelos,Jalisco,,Caliente,,,,,,,,,,,,,,,,,,,
47728,El Colorín,Fraccionamiento,Tepatitlán de Morelos,Jalisco,,Caliente,,,,,,,,,,,,,,,,,,,
47728,Las Hormigas,Ranchería,Tepatitlán de Morelos,Jalisco,,Frio,,,,,,,,,,,,,,,,,,,
47728,Los Cerritos,Ranchería,Tepatitlán de Morelos,Jalisco,,Frio,,,,,,,,,,,,,,,,,,,
47728,San Jose de Gracia,Pueblo,Tepatitlán de Morelos,Jalisco,,Tibio,,,,,,,,,,,,,,,,,,,
47729,El Pochote,Rancho,Tepatitlán de Morelos,Jalisco,,Frio,,,,,,,,,,,,,,,,,,,
47729,Atotonilquillo (Fátima),Colonia,Tepatitlán de Morelos,Jalisco,,Tibio,,,,,,,,,,,,,,,,,,,
47730,Jardines de Tototlán,Fraccionamiento,Tototlán,Jalisco,Tototlán,Caliente,,,,,,,,,,,,,,,,,,,
47730,La Primavera,Colonia,Tototlán,Jalisco,Tototlán,Tibio,,,,,,,,,,,,,,,,,,,
47730,Real de Fresnos,Fraccionamiento,Tototlán,Jalisco,Tototlán,Caliente,,,,,,,,,,,,,,,,,,,
47730,Guadalupana,Colonia,Tototlán,Jalisco,Tototlán,Tibio,,,,,,,,,,,,,,,,,,,
47730,Los Pinos,Colonia,Tototlán,Jalisco,Tototlán,Tibio,,,,,,,,,,,,,,,,,,,
47730,Tototlán Centro,Colonia,Tototlán,Jalisco,Tototlán,Caliente,,,,,,,,,,,,,,,,,,,
47730,Adolfo López Mateos,Colonia,Tototlán,Jalisco,Tototlán,Tibio,,,,,,,,,,,,,,,,,,,
47730,Teodosio Rodríguez Guevara,Colonia,Tototlán,Jalisco,Tototlán,Tibio,,,,,,,,,,,,,,,,,,,
47730,Lindavista,Colonia,Tototlán,Jalisco,Tototlán,Tibio,,,,,,,,,,,,,,,,,,,
47730,Providencia,Colonia,Tototlán,Jalisco,Tototlán,Tibio,,,,,,,,,,,,,,,,,,,
47730,San Javier,Colonia,Tototlán,Jalisco,Tototlán,Tibio,,,,,,,,,,,,,,,,,,,
47732,Ramblas Chico,Ranchería,Tototlán,Jalisco,,Frio,,,,,,,,,,,,,,,,,,,
47733,San Agustín (Capulines),Ranchería,Tototlán,Jalisco,,Frio,,,,,,,,,,,,,,,,,,,
47733,Garabatos,Ejido,Tototlán,Jalisco,,Frio,,,,,,,,,,,,,,,,,,,
47734,Yerbabuena,Ranchería,Tototlán,Jalisco,,Frio,,,,,,,,,,,,,,,,,,,
47736,Laja de Cervantes,Colonia,Tototlán,Jalisco,,Frio,,,,,,,,,,,,,,,,,,,
47740,Unión de Guadalupe,Ranchería,Tototlán,Jalisco,,Frio,,,,,,,,,,,,,,,,,,,
47740,San Isidro,Hacienda,Tototlán,Jalisco,,Frio,,,,,,,,,,,,,,,,,,,
47740,Nuevo Refugio de Afuera,Pueblo,Tototlán,Jalisco,,Tibio,,,,,,,,,,,,,,,,,,,
47740,San Antonio de Gómez,Hacienda,Tototlán,Jalisco,,Frio,,,,,,,,,,,,,,,,,,,
47741,Cuesta de Ovejas,Ranchería,Tototlán,Jalisco,,Frio,,,,,,,,,,,,,,,,,,,
47742,Palo Dulce,Ejido,Tototlán,Jalisco,,Frio,,,,,,,,,,,,,,,,,,,
47743,La Laja de Gómez,Ranchería,Tototlán,Jalisco,,Frio,,,,,,,,,,,,,,,,,,,
47743,El Sabino,Ranchería,Tototlán,Jalisco,,Frio,,,,,,,,,,,,,,,,,,,
47744,Las Eras,Ranchería,Tototlán,Jalisco,,Frio,,,,,,,,,,,,,,,,,,,
47746,El Dique (San José de los Ríos),Ranchería,Tototlán,Jalisco,,Frio,,,,,,,,,,,,,,,,,,,
47746,Ríos de Ruiz,Ranchería,Tototlán,Jalisco,,Frio,,,,,,,,,,,,,,,,,,,
47747,San Ramón,Colonia,Tototlán,Jalisco,,Tibio,,,,,,,,,,,,,,,,,,,
47747,Carrozas,Hacienda,Tototlán,Jalisco,,Frio,,,,,,,,,,,,,,,,,,,
47748,Coina Grande,Ranchería,Tototlán,Jalisco,,Frio,,,,,,,,,,,,,,,,,,,
47750,Lomas del Valle Residencial,Fraccionamiento,Atotonilco el Alto,Jalisco,Atotonilco el Alto,Caliente,,,,,,,,,,,,,,,,,,,
47750,Atotonilco el Alto Centro,Colonia,Atotonilco el Alto,Jalisco,Atotonilco el Alto,Caliente,,,,,,,,,,,,,,,,,,,
47750,Josefino,Barrio,Atotonilco el Alto,Jalisco,Atotonilco el Alto,Tibio,,,,,,,,,,,,,,,,,,,
47750,Los Naranjos,Colonia,Atotonilco el Alto,Jalisco,Atotonilco el Alto,Tibio,,,,,,,,,,,,,,,,,,,
47750,La Alameda,Colonia,Atotonilco el Alto,Jalisco,Atotonilco el Alto,Tibio,,,,,,,,,,,,,,,,,,,
47750,San Felipe,Colonia,Atotonilco el Alto,Jalisco,Atotonilco el Alto,Tibio,,,,,,,,,,,,,,,,,,,
47750,Bellavista,Colonia,Atotonilco el Alto,Jalisco,Atotonilco el Alto,Tibio,,,,,,,,,,,,,,,,,,,
47750,Guadalupana,Colonia,Atotonilco el Alto,Jalisco,Atotonilco el Alto,Tibio,,,,,,,,,,,,,,,,,,,
47750,Betania,Colonia,Atotonilco el Alto,Jalisco,Atotonilco el Alto,Tibio,,,,,,,,,,,,,,,,,,,
47750,Chichimeco,Colonia,Atotonilco el Alto,Jalisco,Atotonilco el Alto,Tibio,,,,,,,,,,,,,,,,,,,
47750,El Mirador,Colonia,Atotonilco el Alto,Jalisco,Atotonilco el Alto,Tibio,,,,,,,,,,,,,,,,,,,
47750,Huacaltzinga,Colonia,Atotonilco el Alto,Jalisco,Atotonilco el Alto,Tibio,,,,,,,,,,,,,,,,,,,
47750,INFONAVIT,Colonia,Atotonilco el Alto,Jalisco,Atotonilco el Alto,Tibio,,,,,,,,,,,,,,,,,,,
47750,INFONAVIT Milpillas,Fraccionamiento,Atotonilco el Alto,Jalisco,Atotonilco el Alto,Caliente,,,,,,,,,,,,,,,,,,,
47750,La Estación,Colonia,Atotonilco el Alto,Jalisco,Atotonilco el Alto,Tibio,,,,,,,,,,,,,,,,,,,
47750,Las Huertas,Colonia,Atotonilco el Alto,Jalisco,Atotonilco el Alto,Tibio,,,,,,,,,,,,,,,,,,,
47750,Riberas de la Unidad,Colonia,Atotonilco el Alto,Jalisco,Atotonilco el Alto,Tibio,,,,,,,,,,,,,,,,,,,
47750,Sagrado Corazón,Colonia,Atotonilco el Alto,Jalisco,Atotonilco el Alto,Tibio,,,,,,,,,,,,,,,,,,,
47750,Santa Rosa,Colonia,Atotonilco el Alto,Jalisco,Atotonilco el Alto,Tibio,,,,,,,,,,,,,,,,,,,
47750,Teretan,Colonia,Atotonilco el Alto,Jalisco,Atotonilco el Alto,Tibio,,,,,,,,,,,,,,,,,,,
47750,Vistas de Atotonilco,Colonia,Atotonilco el Alto,Jalisco,Atotonilco el Alto,Tibio,,,,,,,,,,,,,,,,,,,
47750,La Trinidad,Colonia,Atotonilco el Alto,Jalisco,Atotonilco el Alto,Tibio,,,,,,,,,,,,,,,,,,,
47750,El Carmen,Colonia,Atotonilco el Alto,Jalisco,Atotonilco el Alto,Tibio,,,,,,,,,,,,,,,,,,,
47750,San Cayetano,Colonia,Atotonilco el Alto,Jalisco,Atotonilco el Alto,Tibio,,,,,,,,,,,,,,,,,,,
47750,Universitaria,Colonia,Atotonilco el Alto,Jalisco,Atotonilco el Alto,Tibio,,,,,,,,,,,,,,,,,,,
47750,Vistas del Maguey,Colonia,Atotonilco el Alto,Jalisco,Atotonilco el Alto,Tibio,,,,,,,,,,,,,,,,,,,
47750,Buenavista,Colonia,Atotonilco el Alto,Jalisco,Atotonilco el Alto,Tibio,,,,,,,,,,,,,,,,,,,
47750,La Cofradía,Colonia,Atotonilco el Alto,Jalisco,Atotonilco el Alto,Tibio,,,,,,,,,,,,,,,,,,,
47750,María de Lourdes,Colonia,Atotonilco el Alto,Jalisco,Atotonilco el Alto,Tibio,,,,,,,,,,,,,,,,,,,
47750,Las Palmas,Colonia,Atotonilco el Alto,Jalisco,Atotonilco el Alto,Tibio,,,,,,,,,,,,,,,,,,,
47755,San Marcos,Colonia,Atotonilco el Alto,Jalisco,,Tibio,,,,,,,,,,,,,,,,,,,
47755,Ojo de Agua de Morán,Ranchería,Atotonilco el Alto,Jalisco,,Frio,,,,,,,,,,,,,,,,,,,
47755,San Francisco de Asís,Pueblo,Atotonilco el Alto,Jalisco,,Tibio,,,,,,,,,,,,,,,,,,,
47760,Arroyo Bonito,Ranchería,Atotonilco el Alto,Jalisco,,Frio,,,,,,,,,,,,,,,,,,,
47760,El Centro,Ranchería,Atotonilco el Alto,Jalisco,,Frio,,,,,,,,,,,,,,,,,,,
47760,La Purísima,Ranchería,Atotonilco el Alto,Jalisco,,Frio,,,,,,,,,,,,,,,,,,,
47760,Lagunillas,Ranchería,Atotonilco el Alto,Jalisco,,Frio,,,,,,,,,,,,,,,,,,,
47760,Monte Largo,Ranchería,Atotonilco el Alto,Jalisco,,Frio,,,,,,,,,,,,,,,,,,,
47764,El Chapingo,Ranchería,Atotonilco el Alto,Jalisco,,Frio,,,,,,,,,,,,,,,,,,,
47764,La Angostura de los Altos,Ranchería,Atotonilco el Alto,Jalisco,,Frio,,,,,,,,,,,,,,,,,,,
47764,Mesa Del Pino,Ranchería,Atotonilco el Alto,Jalisco,,Frio,,,,,,,,,,,,,,,,,,,
47764,Rinconada de Cristo Rey,Ranchería,Atotonilco el Alto,Jalisco,,Frio,,,,,,,,,,,,,,,,,,,
47765,El Salvador (Los Zapateros),Ranchería,Atotonilco el Alto,Jalisco,,Frio,,,,,,,,,,,,,,,,,,,
47765,El Sopial,Ranchería,Atotonilco el Alto,Jalisco,,Frio,,,,,,,,,,,,,,,,,,,
47765,Santa Rita de los Altos (La Angostura),Ranchería,Atotonilco el Alto,Jalisco,,Frio,,,,,,,,,,,,,,,,,,,
47766,Agua Fría,Ranchería,Atotonilco el Alto,Jalisco,,Frio,,,,,,,,,,,,,,,,,,,
47766,Mesa de Solorio,Ranchería,Atotonilco el Alto,Jalisco,,Frio,,,,,,,,,,,,,,,,,,,
47767,La Estancia de Navarro,Ranchería,Atotonilco el Alto,Jalisco,,Frio,,,,,,,,,,,,,,,,,,,
47767,Los Zalates,Ranchería,Atotonilco el Alto,Jalisco,,Frio,,,,,,,,,,,,,,,,,,,
47767,San Antonio de Fernández,Pueblo,Atotonilco el Alto,Jalisco,,Tibio,,,,,,,,,,,,,,,,,,,
47768,Caballerías,Ranchería,Atotonilco el Alto,Jalisco,,Frio,,,,,,,,,,,,,,,,,,,
47768,Santa Quiteria,Ranchería,Atotonilco el Alto,Jalisco,,Frio,,,,,,,,,,,,,,,,,,,
47769,Unión de Guadalupe (Rancho Guadalupe),Ranchería,Atotonilco el Alto,Jalisco,,Frio,,,,,,,,,,,,,,,,,,,
47769,La Soledad,Ranchería,Atotonilco el Alto,Jalisco,,Frio,,,,,,,,,,,,,,,,,,,
47769,Los Adobes,Ranchería,Atotonilco el Alto,Jalisco,,Frio,,,,,,,,,,,,,,,,,,,
47769,San Angel,Ranchería,Atotonilco el Alto,Jalisco,,Frio,,,,,,,,,,,,,,,,,,,
47770,Ciénega Del Pastor,Ranchería,Atotonilco el Alto,Jalisco,,Frio,,,,,,,,,,,,,,,,,,,
47770,La Esperanza,Ranchería,Atotonilco el Alto,Jalisco,,Frio,,,,,,,,,,,,,,,,,,,
47770,La Mata,Ranchería,Atotonilco el Alto,Jalisco,,Frio,,,,,,,,,,,,,,,,,,,
47770,La Pareja,Ranchería,Atotonilco el Alto,Jalisco,,Frio,,,,,,,,,,,,,,,,,,,
47770,Los Cuates (La Pareja),Ranchería,Atotonilco el Alto,Jalisco,,Frio,,,,,,,,,,,,,,,,,,,
47770,San Gaspar,Ranchería,Atotonilco el Alto,Jalisco,,Frio,,,,,,,,,,,,,,,,,,,
47775,El Valle (La Paz de Milpillas),Ejido,Atotonilco el Alto,Jalisco,,Frio,,,,,,,,,,,,,,,,,,,
47775,Barranca del Aguacate,Ranchería,Atotonilco el Alto,Jalisco,,Frio,,,,,,,,,,,,,,,,,,,
47775,Cucarachas,Ranchería,Atotonilco el Alto,Jalisco,,Frio,,,,,,,,,,,,,,,,,,,
47775,Nuevo Valle (Ex-Hacienda del Valle),Pueblo,Atotonilco el Alto,Jalisco,,Tibio,,,,,,,,,,,,,,,,,,,
47775,Milpillas,Ranchería,Atotonilco el Alto,Jalisco,,Frio,,,,,,,,,,,,,,,,,,,
47775,San José del Valle,Ranchería,Atotonilco el Alto,Jalisco,,Frio,,,,,,,,,,,,,,,,,,,
47777,San Joaquín,Ranchería,Atotonilco el Alto,Jalisco,,Frio,,,,,,,,,,,,,,,,,,,
47777,Santa Elena,Ranchería,Atotonilco el Alto,Jalisco,,Frio,,,,,,,,,,,,,,,,,,,
47778,El Agua Caliente,Pueblo,Atotonilco el Alto,Jalisco,,Tibio,,,,,,,,,,,,,,,,,,,
47778,El Maguey,Ranchería,Atotonilco el Alto,Jalisco,,Frio,,,,,,,,,,,,,,,,,,,
47778,El Refugio de los Bajos,Ranchería,Atotonilco el Alto,Jalisco,,Frio,,,,,,,,,,,,,,,,,,,
47778,Margaritas,Pueblo,Atotonilco el Alto,Jalisco,,Tibio,,,,,,,,,,,,,,,,,,,
47779,El Vergel,Fraccionamiento,Atotonilco el Alto,Jalisco,,Caliente,,,,,,,,,,,,,,,,,,,
47779,El Nacimiento,Colonia,Atotonilco el Alto,Jalisco,,Tibio,,,,,,,,,,,,,,,,,,,
47780,Joconoxtle (La Tuna),Pueblo,Ocotlán,Jalisco,,Tibio,,,,,,,,,,,,,,,,,,,
47780,Rancho Viejo del Refugio (Rancho Viejo),Pueblo,Ocotlán,Jalisco,,Tibio,,,,,,,,,,,,,,,,,,,
47780,San Martín de Zula,Pueblo,Ocotlán,Jalisco,,Tibio,,,,,,,,,,,,,,,,,,,
47780,San Vicente (Labor Vieja),Pueblo,Ocotlán,Jalisco,,Tibio,,,,,,,,,,,,,,,,,,,
47780,San Vicente (Márgaro),Rancho,Ocotlán,Jalisco,,Frio,,,,,,,,,,,,,,,,,,,
47785,Santa Clara de Zula,Pueblo,Ocotlán,Jalisco,,Tibio,,,,,,,,,,,,,,,,,,,
47786,El Sabino,Ranchería,Ocotlán,Jalisco,,Frio,,,,,,,,,,,,,,,,,,,
47786,General Joaquín Amaro (Los Sauces),Ranchería,Ocotlán,Jalisco,,Frio,,,,,,,,,,,,,,,,,,,
47795,El Fuerte,Colonia,Ocotlán,Jalisco,,Tibio,,,,,,,,,,,,,,,,,,,
47797,Paso de la Comunidad,Ranchería,Ocotlán,Jalisco,,Frio,,,,,,,,,,,,,,,,,,,
47798,La Orilla de la Cerca,Colonia,Ocotlán,Jalisco,,Tibio,,,,,,,,,,,,,,,,,,,
47798,El Pedregal (Santa Clara del Pedregal),Ranchería,Ocotlán,Jalisco,,Frio,,,,,,,,,,,,,,,,,,,
47799,La Palma,Ranchería,Ocotlán,Jalisco,,Frio,,,,,,,,,,,,,,,,,,,
47799,La Puerta de los Ranchos (Los Ranchos),Colonia,Ocotlán,Jalisco,,Tibio,,,,,,,,,,,,,,,,,,,
47800,Ocotlán Centro,Colonia,Ocotlán,Jalisco,Ocotlán,Caliente,,,,,,,,,,,,,,,,,,,
47810,San Felipe,Colonia,Ocotlán,Jalisco,Ocotlán,Tibio,,,,,,,,,,,,,,,,,,,
47810,Lindavista,Fraccionamiento,Ocotlán,Jalisco,Ocotlán,Caliente,,,,,,,,,,,,,,,,,,,
47810,Paso Blanco,Colonia,Ocotlán,Jalisco,Ocotlán,Tibio,,,,,,,,,,,,,,,,,,,
47810,Morelos,Colonia,Ocotlán,Jalisco,Ocotlán,Tibio,,,,,,,,,,,,,,,,,,,
47810,La Floresta,Unidad habitacional,Ocotlán,Jalisco,Ocotlán,Tibio,,,,,,,,,,,,,,,,,,,
47810,INFONAVIT III,Colonia,Ocotlán,Jalisco,Ocotlán,Tibio,,,,,,,,,,,,,,,,,,,
47820,Florida,Colonia,Ocotlán,Jalisco,Ocotlán,Tibio,,,,,,,,,,,,,,,,,,,
47829,La Primavera,Colonia,Ocotlán,Jalisco,Ocotlán,Tibio,,,,,,,,,,,,,,,,,,,
47829,Río Zula,Fraccionamiento,Ocotlán,Jalisco,Ocotlán,Caliente,,,,,,,,,,,,,,,,,,,
47830,Terranova,Fraccionamiento,Ocotlán,Jalisco,Ocotlán,Caliente,,,,,,,,,,,,,,,,,,,
47830,Los Olivos,Fraccionamiento,Ocotlán,Jalisco,Ocotlán,Caliente,,,,,,,,,,,,,,,,,,,
47830,Santa Sofía,Fraccionamiento,Ocotlán,Jalisco,Ocotlán,Caliente,,,,,,,,,,,,,,,,,,,
47830,Gran Vía,Fraccionamiento,Ocotlán,Jalisco,Ocotlán,Caliente,,,,,,,,,,,,,,,,,,,
47830,Ferrocarril,Colonia,Ocotlán,Jalisco,Ocotlán,Tibio,,,,,,,,,,,,,,,,,,,
47840,INFONAVIT I (Camino Real),Unidad habitacional,Ocotlán,Jalisco,Ocotlán,Tibio,,,,,,,,,,,,,,,,,,,
47849,Camino Real,Colonia,Ocotlán,Jalisco,Ocotlán,Tibio,,,,,,,,,,,,,,,,,,,
47849,Santa Cecilia,Fraccionamiento,Ocotlán,Jalisco,Ocotlán,Caliente,,,,,,,,,,,,,,,,,,,
47849,El Rosario,Fraccionamiento,Ocotlán,Jalisco,Ocotlán,Caliente,,,,,,,,,,,,,,,,,,,
47849,La Primavera,Fraccionamiento,Ocotlán,Jalisco,Ocotlán,Caliente,,,,,,,,,,,,,,,,,,,
47849,Potrero,Colonia,Ocotlán,Jalisco,Ocotlán,Tibio,,,,,,,,,,,,,,,,,,,
47850,San Vicente,Colonia,Ocotlán,Jalisco,Ocotlán,Tibio,,,,,,,,,,,,,,,,,,,
47860,Mascota,Colonia,Ocotlán,Jalisco,Ocotlán,Tibio,,,,,,,,,,,,,,,,,,,
47860,San Juan,Colonia,Ocotlán,Jalisco,Ocotlán,Tibio,,,,,,,,,,,,,,,,,,,
47862,Rincón de la Arboleda,Fraccionamiento,Ocotlán,Jalisco,Ocotlán,Caliente,,,,,,,,,,,,,,,,,,,
47862,Hacienda el Rincón,Fraccionamiento,Ocotlán,Jalisco,Ocotlán,Caliente,,,,,,,,,,,,,,,,,,,
47862,Real de Fresnos,Fraccionamiento,Ocotlán,Jalisco,Ocotlán,Caliente,,,,,,,,,,,,,,,,,,,
47862,Las Huertas,Fraccionamiento,Ocotlán,Jalisco,Ocotlán,Caliente,,,,,,,,,,,,,,,,,,,
47862,Solidaridad,Fraccionamiento,Ocotlán,Jalisco,Ocotlán,Caliente,,,,,,,,,,,,,,,,,,,
47862,Nuevo Porvenir,Colonia,Ocotlán,Jalisco,Ocotlán,Tibio,,,,,,,,,,,,,,,,,,,
47862,Villas de Zula,Colonia,Ocotlán,Jalisco,Ocotlán,Tibio,,,,,,,,,,,,,,,,,,,
47862,El Duque,Colonia,Ocotlán,Jalisco,Ocotlán,Tibio,,,,,,,,,,,,,,,,,,,
47870,Marcos Castellanos,Colonia,Ocotlán,Jalisco,Ocotlán,Tibio,,,,,,,,,,,,,,,,,,,
47870,Las Torrecillas,Colonia,Ocotlán,Jalisco,Ocotlán,Tibio,,,,,,,,,,,,,,,,,,,
47880,María Esther Zuno de Echeverría,Colonia,Ocotlán,Jalisco,Ocotlán,Tibio,,,,,,,,,,,,,,,,,,,
47880,6 de Noviembre,Colonia,Ocotlán,Jalisco,Ocotlán,Tibio,,,,,,,,,,,,,,,,,,,
47882,Porvenir,Colonia,Ocotlán,Jalisco,Ocotlán,Tibio,,,,,,,,,,,,,,,,,,,
47890,Rivera de Zula,Colonia,Ocotlán,Jalisco,Ocotlán,Tibio,,,,,,,,,,,,,,,,,,,
47892,El Raicero,Colonia,Ocotlán,Jalisco,Ocotlán,Tibio,,,,,,,,,,,,,,,,,,,
47892,San Isidro,Colonia,Ocotlán,Jalisco,Ocotlán,Tibio,,,,,,,,,,,,,,,,,,,
47892,Granjeros,Colonia,Ocotlán,Jalisco,Ocotlán,Tibio,,,,,,,,,,,,,,,,,,,
47892,El Carmen,Fraccionamiento,Ocotlán,Jalisco,Ocotlán,Caliente,,,,,,,,,,,,,,,,,,,
47898,El Mezquite,Fraccionamiento,Ocotlán,Jalisco,Ocotlán,Caliente,,,,,,,,,,,,,,,,,,,
47898,Habitacional San Andrés,Fraccionamiento,Ocotlán,Jalisco,Ocotlán,Caliente,,,,,,,,,,,,,,,,,,,
47898,San Andrés,Colonia,Ocotlán,Jalisco,Ocotlán,Tibio,,,,,,,,,,,,,,,,,,,
47899,Nuevo Fuerte,Colonia,Ocotlán,Jalisco,Ocotlán,Tibio,,,,,,,,,,,,,,,,,,,
47899,Lázaro Cárdenas,Colonia,Ocotlán,Jalisco,Ocotlán,Tibio,,,,,,,,,,,,,,,,,,,
47900,Las Huertas,Colonia,Jamay,Jalisco,Jamay,Tibio,,,,,,,,,,,,,,,,,,,
47900,El Guayabal,Colonia,Jamay,Jalisco,Jamay,Tibio,,,,,,,,,,,,,,,,,,,
47900,Jamay Centro,Colonia,Jamay,Jalisco,Jamay,Caliente,,,,,,,,,,,,,,,,,,,
47902,San Isidro,Colonia,Jamay,Jalisco,Jamay,Tibio,,,,,,,,,,,,,,,,,,,
47902,El Trompo,Colonia,Jamay,Jalisco,Jamay,Tibio,,,,,,,,,,,,,,,,,,,
47902,San Antonio,Colonia,Jamay,Jalisco,Jamay,Tibio,,,,,,,,,,,,,,,,,,,
47902,Escritores Mexicanos,Colonia,Jamay,Jalisco,Jamay,Tibio,,,,,,,,,,,,,,,,,,,
47902,Guadalupe,Colonia,Jamay,Jalisco,Jamay,Tibio,,,,,,,,,,,,,,,,,,,
47902,Tepeyac,Colonia,Jamay,Jalisco,Jamay,Tibio,,,,,,,,,,,,,,,,,,,
47902,El Seminario,Colonia,Jamay,Jalisco,Jamay,Tibio,,,,,,,,,,,,,,,,,,,
47903,La Maltaraña (La Palmita),Pueblo,Jamay,Jalisco,,Tibio,,,,,,,,,,,,,,,,,,,
47904,UHTR (Unidad habitacional Tercer Regimiento),Fraccionamiento,Jamay,Jalisco,,Caliente,,,,,,,,,,,,,,,,,,,
47905,San Agustin,Ranchería,Jamay,Jalisco,,Frio,,,,,,,,,,,,,,,,,,,
47909,San Miguel de la Paz,Pueblo,Jamay,Jalisco,,Tibio,,,,,,,,,,,,,,,,,,,
47910,La Estancia de San Juan de Dios,Colonia,La Barca,Jalisco,La Barca,Tibio,,,,,,,,,,,,,,,,,,,
47910,La Barca Centro,Colonia,La Barca,Jalisco,La Barca,Caliente,,,,,,,,,,,,,,,,,,,
47912,Real San Elías,Fraccionamiento,La Barca,Jalisco,La Barca,Caliente,,,,,,,,,,,,,,,,,,,
47912,La Castellana,Fraccionamiento,La Barca,Jalisco,La Barca,Caliente,,,,,,,,,,,,,,,,,,,
47912,Ejidal,Colonia,La Barca,Jalisco,La Barca,Tibio,,,,,,,,,,,,,,,,,,,
47912,La Joyita,Colonia,La Barca,Jalisco,La Barca,Tibio,,,,,,,,,,,,,,,,,,,
47912,La Trinidad,Colonia,La Barca,Jalisco,La Barca,Tibio,,,,,,,,,,,,,,,,,,,
47912,Camino Real,Colonia,La Barca,Jalisco,La Barca,Tibio,,,,,,,,,,,,,,,,,,,
47912,La Hacienda,Fraccionamiento,La Barca,Jalisco,La Barca,Caliente,,,,,,,,,,,,,,,,,,,
47912,Abrevadero,Colonia,La Barca,Jalisco,La Barca,Tibio,,,,,,,,,,,,,,,,,,,
47912,Santa Cecilia,Colonia,La Barca,Jalisco,La Barca,Tibio,,,,,,,,,,,,,,,,,,,
47912,Bosques de la Rivera,Fraccionamiento,La Barca,Jalisco,La Barca,Caliente,,,,,,,,,,,,,,,,,,,
47912,San Isidro,Colonia,La Barca,Jalisco,La Barca,Tibio,,,,,,,,,,,,,,,,,,,
47912,Solidaridad,Colonia,La Barca,Jalisco,La Barca,Tibio,,,,,,,,,,,,,,,,,,,
47912,Santa Mónica,Colonia,La Barca,Jalisco,La Barca,Tibio,,,,,,,,,,,,,,,,,,,
47912,Magueyera,Colonia,La Barca,Jalisco,La Barca,Tibio,,,,,,,,,,,,,,,,,,,
47912,San Gabriel,Fraccionamiento,La Barca,Jalisco,La Barca,Caliente,,,,,,,,,,,,,,,,,,,
47913,Las Bugambilias,Fraccionamiento,La Barca,Jalisco,La Barca,Caliente,,,,,,,,,,,,,,,,,,,
47913,Jardines San Ignacio,Fraccionamiento,La Barca,Jalisco,La Barca,Caliente,,,,,,,,,,,,,,,,,,,
47913,La Ciénega,Fraccionamiento,La Barca,Jalisco,La Barca,Caliente,,,,,,,,,,,,,,,,,,,
47913,San Antonio,Colonia,La Barca,Jalisco,La Barca,Tibio,,,,,,,,,,,,,,,,,,,
47913,Constitución,Fraccionamiento,La Barca,Jalisco,La Barca,Caliente,,,,,,,,,,,,,,,,,,,
47913,Revolución,Fraccionamiento,La Barca,Jalisco,La Barca,Caliente,,,,,,,,,,,,,,,,,,,
47913,Lomas de San Luis,Fraccionamiento,La Barca,Jalisco,La Barca,Caliente,,,,,,,,,,,,,,,,,,,
47913,Las Lomas,Colonia,La Barca,Jalisco,La Barca,Tibio,,,,,,,,,,,,,,,,,,,
47913,El Monte,Fraccionamiento,La Barca,Jalisco,La Barca,Caliente,,,,,,,,,,,,,,,,,,,
47913,Loma Bonita,Fraccionamiento,La Barca,Jalisco,La Barca,Caliente,,,,,,,,,,,,,,,,,,,
47913,Los Arrayanes,Fraccionamiento,La Barca,Jalisco,La Barca,Caliente,,,,,,,,,,,,,,,,,,,
47914,La Puerta de Guamúchil,Colonia,La Barca,Jalisco,,Tibio,,,,,,,,,,,,,,,,,,,
47914,La Paz de Ordaz,Pueblo,La Barca,Jalisco,,Tibio,,,,,,,,,,,,,,,,,,,
47914,San Francisco de Rivas,Ranchería,La Barca,Jalisco,,Frio,,,,,,,,,,,,,,,,,,,
47914,Zalamea,Pueblo,La Barca,Jalisco,,Tibio,,,,,,,,,,,,,,,,,,,
47914,El Mirto,Ranchería,La Barca,Jalisco,,Frio,,,,,,,,,,,,,,,,,,,
47915,Carrasqueño,Ranchería,La Barca,Jalisco,,Frio,,,,,,,,,,,,,,,,,,,
47916,Los Canales,Ranchería,La Barca,Jalisco,,Frio,,,,,,,,,,,,,,,,,,,
47916,Los Guayabos,Ranchería,La Barca,Jalisco,,Frio,,,,,,,,,,,,,,,,,,,
47916,Los Angeles,Ranchería,La Barca,Jalisco,,Frio,,,,,,,,,,,,,,,,,,,
47917,El Limón,Ranchería,La Barca,Jalisco,,Frio,,,,,,,,,,,,,,,,,,,
47918,San José de las Moras,Pueblo,La Barca,Jalisco,,Tibio,,,,,,,,,,,,,,,,,,,
47918,San Pedro de Ruiz,Ranchería,La Barca,Jalisco,,Frio,,,,,,,,,,,,,,,,,,,
47918,La Providencia,Pueblo,La Barca,Jalisco,,Tibio,,,,,,,,,,,,,,,,,,,
47920,Villa de García Márquez (El Tarengo Nuevo),Colonia,La Barca,Jalisco,,Tibio,,,,,,,,,,,,,,,,,,,
47920,Cóndiro,Colonia,La Barca,Jalisco,,Tibio,,,,,,,,,,,,,,,,,,,
47920,Hacienda del Tarengo,Pueblo,La Barca,Jalisco,,Tibio,,,,,,,,,,,,,,,,,,,
47920,Portezuelo,Pueblo,La Barca,Jalisco,,Tibio,,,,,,,,,,,,,,,,,,,
47924,El Loreto Occidental,Ranchería,La Barca,Jalisco,,Frio,,,,,,,,,,,,,,,,,,,
47924,San Ramon,Ranchería,La Barca,Jalisco,,Frio,,,,,,,,,,,,,,,,,,,
47925,Hacienda del Valle (Bodega de Ballesteros),Ranchería,La Barca,Jalisco,,Frio,,,,,,,,,,,,,,,,,,,
47925,El Carmen,Pueblo,La Barca,Jalisco,,Tibio,,,,,,,,,,,,,,,,,,,
47925,El Gobernador,Pueblo,La Barca,Jalisco,,Tibio,,,,,,,,,,,,,,,,,,,
47925,Guadalupe del Lerma,Pueblo,La Barca,Jalisco,,Tibio,,,,,,,,,,,,,,,,,,,
47925,San Antonio de Rivas,Ranchería,La Barca,Jalisco,,Frio,,,,,,,,,,,,,,,,,,,
47925,San José Casas Caídas,Pueblo,La Barca,Jalisco,,Tibio,,,,,,,,,,,,,,,,,,,
47925,Santa Lucía,Pueblo,La Barca,Jalisco,,Tibio,,,,,,,,,,,,,,,,,,,
47926,El Lopeño (Guajazo),Ranchería,La Barca,Jalisco,,Frio,,,,,,,,,,,,,,,,,,,
47927,General Gabriel Leyva,Ranchería,La Barca,Jalisco,,Frio,,,,,,,,,,,,,,,,,,,
47930,El Castillo (El Castillito),Colonia,Ayotlán,Jalisco,,Tibio,,,,,,,,,,,,,,,,,,,
47930,La Media Luna,Colonia,Ayotlán,Jalisco,,Tibio,,,,,,,,,,,,,,,,,,,
47930,Ayotlán,Pueblo,Ayotlán,Jalisco,,Tibio,,,,,,,,,,,,,,,,,,,
47930,El Bajío,Ranchería,Ayotlán,Jalisco,,Frio,,,,,,,,,,,,,,,,,,,
47930,La Ladera Grande,Colonia,Ayotlán,Jalisco,,Tibio,,,,,,,,,,,,,,,,,,,
47930,Villafuerte,Colonia,Ayotlán,Jalisco,,Tibio,,,,,,,,,,,,,,,,,,,
47934,El Rosario,Ranchería,Ayotlán,Jalisco,,Frio,,,,,,,,,,,,,,,,,,,
47934,Palo Blanco,Colonia,Ayotlán,Jalisco,,Tibio,,,,,,,,,,,,,,,,,,,
47934,Agua Blanca,Ranchería,Ayotlán,Jalisco,,Frio,,,,,,,,,,,,,,,,,,,
47934,El Maluco,Ranchería,Ayotlán,Jalisco,,Frio,,,,,,,,,,,,,,,,,,,
47935,La Palma (La Angostura),Colonia,Ayotlán,Jalisco,,Tibio,,,,,,,,,,,,,,,,,,,
47935,Los Fresnos (La Oficina),Colonia,Ayotlán,Jalisco,,Tibio,,,,,,,,,,,,,,,,,,,
47935,Betania,Ranchería,Ayotlán,Jalisco,,Frio,,,,,,,,,,,,,,,,,,,
47935,La Huerta Grande,Ranchería,Ayotlán,Jalisco,,Frio,,,,,,,,,,,,,,,,,,,
47935,La Loma,Ranchería,Ayotlán,Jalisco,,Frio,,,,,,,,,,,,,,,,,,,
47935,Los Fresnos,Ranchería,Ayotlán,Jalisco,,Frio,,,,,,,,,,,,,,,,,,,
47935,San Jose de Betania (El Piojo),Ranchería,Ayotlán,Jalisco,,Frio,,,,,,,,,,,,,,,,,,,
47936,Las Villas,Ranchería,Ayotlán,Jalisco,,Frio,,,,,,,,,,,,,,,,,,,
47937,La Cañada del Molino,Ranchería,Ayotlán,Jalisco,,Frio,,,,,,,,,,,,,,,,,,,
47938,Cañada de San Ignacio,Ranchería,Ayotlán,Jalisco,,Frio,,,,,,,,,,,,,,,,,,,
47939,San Rafael de Montelargo,Ranchería,Ayotlán,Jalisco,,Frio,,,,,,,,,,,,,,,,,,,
47940,La Concepción,Colonia,Ayotlán,Jalisco,,Tibio,,,,,,,,,,,,,,,,,,,
47940,La Noria,Ranchería,Ayotlán,Jalisco,,Frio,,,,,,,,,,,,,,,,,,,
47940,La Ribera,Pueblo,Ayotlán,Jalisco,,Tibio,,,,,,,,,,,,,,,,,,,
47940,Carretas,Ranchería,Ayotlán,Jalisco,,Frio,,,,,,,,,,,,,,,,,,,
47940,San Jerónimo,Hacienda,Ayotlán,Jalisco,,Frio,,,,,,,,,,,,,,,,,,,
47940,Santa Rita,Pueblo,Ayotlán,Jalisco,,Tibio,,,,,,,,,,,,,,,,,,,
47940,San José del Refugio,Rancho,Ayotlán,Jalisco,,Frio,,,,,,,,,,,,,,,,,,,
47945,La Isla,Hacienda,Ayotlán,Jalisco,,Frio,,,,,,,,,,,,,,,,,,,
47946,Santa Elena,Hacienda,Ayotlán,Jalisco,,Frio,,,,,,,,,,,,,,,,,,,
47947,El Chaveño,Ranchería,Ayotlán,Jalisco,,Frio,,,,,,,,,,,,,,,,,,,
47948,El Fraile,Ranchería,Ayotlán,Jalisco,,Frio,,,,,,,,,,,,,,,,,,,
47948,La Nopalera,Ranchería,Ayotlán,Jalisco,,Frio,,,,,,,,,,,,,,,,,,,
47948,San Miguel de Acahuales,Ranchería,Ayotlán,Jalisco,,Frio,,,,,,,,,,,,,,,,,,,
47949,El Guayabo,Ranchería,Ayotlán,Jalisco,,Frio,,,,,,,,,,,,,,,,,,,
47949,Las Higueras,Ranchería,Ayotlán,Jalisco,,Frio,,,,,,,,,,,,,,,,,,,
47949,Mirandillas,Ranchería,Ayotlán,Jalisco,,Frio,,,,,,,,,,,,,,,,,,,
47950,Los Robles,Colonia,Jesús María,Jalisco,,Tibio,,,,,,,,,,,,,,,,,,,
47950,Jesús Maria,Pueblo,Jesús María,Jalisco,,Tibio,,,,,,,,,,,,,,,,,,,
47952,Los Ojos de Agua,Ranchería,Jesús María,Jalisco,,Frio,,,,,,,,,,,,,,,,,,,
47955,Ojo Zarco de Fuentes,Ranchería,Jesús María,Jalisco,,Frio,,,,,,,,,,,,,,,,,,,
47956,San Vicente,Ranchería,Jesús María,Jalisco,,Frio,,,,,,,,,,,,,,,,,,,
47957,Las Pómez,Ranchería,Jesús María,Jalisco,,Frio,,,,,,,,,,,,,,,,,,,
47958,El Pantano,Ranchería,Jesús María,Jalisco,,Frio,,,,,,,,,,,,,,,,,,,
47958,Las Cruces,Ranchería,Jesús María,Jalisco,,Frio,,,,,,,,,,,,,,,,,,,
47959,Paso de Guadalupe,Rancho,Jesús María,Jalisco,,Frio,,,,,,,,,,,,,,,,,,,
47959,Las Pilas,Ranchería,Jesús María,Jalisco,,Frio,,,,,,,,,,,,,,,,,,,
47960,Josefino de Allende,Colonia,Jesús María,Jalisco,,Tibio,,,,,,,,,,,,,,,,,,,
47964,La Montaña,Ranchería,Jesús María,Jalisco,,Frio,,,,,,,,,,,,,,,,,,,
47965,El Ocote,Ranchería,Jesús María,Jalisco,,Frio,,,,,,,,,,,,,,,,,,,
47970,San José de la Paz,Ranchería,Jesús María,Jalisco,,Frio,,,,,,,,,,,,,,,,,,,
47974,San Rafael de Laguna,Ranchería,Jesús María,Jalisco,,Frio,,,,,,,,,,,,,,,,,,,
47975,Rosales,Ranchería,Jesús María,Jalisco,,Frio,,,,,,,,,,,,,,,,,,,
47975,La Leonera,Ranchería,Jesús María,Jalisco,,Frio,,,,,,,,,,,,,,,,,,,
47976,Ayo El Grande,Ranchería,Jesús María,Jalisco,,Frio,,,,,,,,,,,,,,,,,,,
47977,San Agustin,Ranchería,Jesús María,Jalisco,,Frio,,,,,,,,,,,,,,,,,,,
47980,San José Buena Agua,Colonia,Degollado,Jalisco,,Frio,,,,,,,,,,,,,,,,,,,
47980,Buenos Aires,Ranchería,Degollado,Jalisco,,Frio,,,,,,,,,,,,,,,,,,,
47980,Charapuato,Ranchería,Degollado,Jalisco,,Frio,,,,,,,,,,,,,,,,,,,
47980,Degollado,Pueblo,Degollado,Jalisco,,Tibio,,,,,,,,,,,,,,,,,,,
47980,Los Fresnos,Ranchería,Degollado,Jalisco,,Frio,,,,,,,,,,,,,,,,,,,
47983,Las Adjuntas,Ranchería,Degollado,Jalisco,,Frio,,,,,,,,,,,,,,,,,,,
47984,San Antonio (El Pujido),Rancho,Degollado,Jalisco,,Frio,,,,,,,,,,,,,,,,,,,
47984,El Mezquitillo,Ranchería,Degollado,Jalisco,,Frio,,,,,,,,,,,,,,,,,,,
47986,Los Arrayanes,Ranchería,Degollado,Jalisco,,Frio,,,,,,,,,,,,,,,,,,,
47986,El Bañadero,Ranchería,Degollado,Jalisco,,Frio,,,,,,,,,,,,,,,,,,,
47987,Altamira,Ranchería,Degollado,Jalisco,,Frio,,,,,,,,,,,,,,,,,,,
47987,La Sanguijuela,Ranchería,Degollado,Jalisco,,Frio,,,,,,,,,,,,,,,,,,,
47987,San Hipólito,Ranchería,Degollado,Jalisco,,Frio,,,,,,,,,,,,,,,,,,,
47988,Barbechitos,Ranchería,Degollado,Jalisco,,Frio,,,,,,,,,,,,,,,,,,,
47989,Puerto de Catarina,Ranchería,Degollado,Jalisco,,Frio,,,,,,,,,,,,,,,,,,,
47990,El Refugio de Vázquez,Ranchería,Degollado,Jalisco,,Frio,,,,,,,,,,,,,,,,,,,
47990,El Terrero de Villareño,Ranchería,Degollado,Jalisco,,Frio,,,,,,,,,,,,,,,,,,,
47990,La Víbora,Ranchería,Degollado,Jalisco,,Frio,,,,,,,,,,,,,,,,,,,
47990,Mezquite Grande,Ranchería,Degollado,Jalisco,,Frio,,,,,,,,,,,,,,,,,,,
47990,Quirino,Ranchería,Degollado,Jalisco,,Frio,,,,,,,,,,,,,,,,,,,
47993,Huáscato,Pueblo,Degollado,Jalisco,,Tibio,,,,,,,,,,,,,,,,,,,
47993,El Castillo,Ranchería,Degollado,Jalisco,,Frio,,,,,,,,,,,,,,,,,,,
47994,La Porquera,Ranchería,Degollado,Jalisco,,Frio,,,,,,,,,,,,,,,,,,,
47995,El Colorin,Ranchería,Degollado,Jalisco,,Frio,,,,,,,,,,,,,,,,,,,
47995,La Era,Ranchería,Degollado,Jalisco,,Frio,,,,,,,,,,,,,,,,,,,
47995,La Resolana,Ranchería,Degollado,Jalisco,,Frio,,,,,,,,,,,,,,,,,,,
47996,Los Ranchitos,Ranchería,Degollado,Jalisco,,Frio,,,,,,,,,,,,,,,,,,,
47996,Tarimoro,Ranchería,Degollado,Jalisco,,Frio,,,,,,,,,,,,,,,,,,,
47997,La Tinajera,Ranchería,Degollado,Jalisco,,Frio,,,,,,,,,,,,,,,,,,,
47998,El Corral de Piedra,Ranchería,Degollado,Jalisco,,Frio,,,,,,,,,,,,,,,,,,,
47998,Paso de Tarimoro,Ranchería,Degollado,Jalisco,,Frio,,,,,,,,,,,,,,,,,,,
47998,El Puerto de la Sabinilla,Ranchería,Degollado,Jalisco,,Frio,,,,,,,,,,,,,,,,,,,
48000,San Juan,Colonia,Unión de Tula,Jalisco,,Tibio,,,,,,,,,,,,,,,,,,,
48000,Centro Unión de Tula,Colonia,Unión de Tula,Jalisco,,Tibio,,,,,,,,,,,,,,,,,,,
48002,Puente la Trinidad,Colonia,Unión de Tula,Jalisco,,Tibio,,,,,,,,,,,,,,,,,,,
48010,El Bonete,Ranchería,Unión de Tula,Jalisco,,Frio,,,,,,,,,,,,,,,,,,,
48010,Santa Rosa de Lima,Ranchería,Unión de Tula,Jalisco,,Frio,,,,,,,,,,,,,,,,,,,
48017,La Taberna,Ranchería,Unión de Tula,Jalisco,,Frio,,,,,,,,,,,,,,,,,,,
48020,San Clemente,Colonia,Unión de Tula,Jalisco,,Tibio,,,,,,,,,,,,,,,,,,,
48026,Tacotán (La Alpatahua),Colonia,Unión de Tula,Jalisco,,Tibio,,,,,,,,,,,,,,,,,,,
48026,Santa Fe,Colonia,Unión de Tula,Jalisco,,Tibio,,,,,,,,,,,,,,,,,,,
48026,La Piñuela,Ejido,Unión de Tula,Jalisco,,Frio,,,,,,,,,,,,,,,,,,,
48030,San Gaspar,Colonia,Unión de Tula,Jalisco,,Tibio,,,,,,,,,,,,,,,,,,,
48035,Ixtlahuacán de Santiago,Colonia,Unión de Tula,Jalisco,,Tibio,,,,,,,,,,,,,,,,,,,
48035,La Alcaparrosa,Ranchería,Unión de Tula,Jalisco,,Frio,,,,,,,,,,,,,,,,,,,
48040,San Agustin,Ranchería,Unión de Tula,Jalisco,,Frio,,,,,,,,,,,,,,,,,,,
48047,San Cayetano,Ranchería,Unión de Tula,Jalisco,,Frio,,,,,,,,,,,,,,,,,,,
48048,San Jose de Avila,Ranchería,Unión de Tula,Jalisco,,Frio,,,,,,,,,,,,,,,,,,,
48050,Tepetates,Colonia,Ayutla,Jalisco,,Tibio,,,,,,,,,,,,,,,,,,,
48050,Capilla de Rayo,Colonia,Ayutla,Jalisco,,Tibio,,,,,,,,,,,,,,,,,,,
48050,Ayutla,Pueblo,Ayutla,Jalisco,,Tibio,,,,,,,,,,,,,,,,,,,
48050,Tepantla,Pueblo,Ayutla,Jalisco,,Tibio,,,,,,,,,,,,,,,,,,,
48052,El Zapote de Chávez,Colonia,Ayutla,Jalisco,,Tibio,,,,,,,,,,,,,,,,,,,
48052,San Francisco Del Rincón,Colonia,Ayutla,Jalisco,,Tibio,,,,,,,,,,,,,,,,,,,
48060,Santo Domingo,Ranchería,Ayutla,Jalisco,,Frio,,,,,,,,,,,,,,,,,,,
48064,Casa Blanca,Pueblo,Ayutla,Jalisco,,Tibio,,,,,,,,,,,,,,,,,,,
48065,El Tambor,Ranchería,Ayutla,Jalisco,,Frio,,,,,,,,,,,,,,,,,,,
48070,San Pedro,Congregación,Ayutla,Jalisco,,Tibio,,,,,,,,,,,,,,,,,,,
48075,El Colomo,Ranchería,Ayutla,Jalisco,,Frio,,,,,,,,,,,,,,,,,,,
48076,El Arrayán,Pueblo,Ayutla,Jalisco,,Tibio,,,,,,,,,,,,,,,,,,,
48077,Tepospizaloya,Pueblo,Ayutla,Jalisco,,Tibio,,,,,,,,,,,,,,,,,,,
48078,San Pío,Ranchería,Ayutla,Jalisco,,Frio,,,,,,,,,,,,,,,,,,,
48080,Santa Rosalía,Pueblo,Ayutla,Jalisco,,Tibio,,,,,,,,,,,,,,,,,,,
48084,La Cañada del Carmen,Pueblo,Ayutla,Jalisco,,Tibio,,,,,,,,,,,,,,,,,,,
48084,El Rosario,Ranchería,Ayutla,Jalisco,,Frio,,,,,,,,,,,,,,,,,,,
48086,Las Peruleras,Ranchería,Ayutla,Jalisco,,Frio,,,,,,,,,,,,,,,,,,,
48087,San Antonio de los Moran,Colonia,Ayutla,Jalisco,,Tibio,,,,,,,,,,,,,,,,,,,
48089,San Miguel de La Sierra,Colonia,Ayutla,Jalisco,,Tibio,,,,,,,,,,,,,,,,,,,
48090,Yerbabuena de las Palmas,Hacienda,Ayutla,Jalisco,,Tibio,,,,,,,,,,,,,,,,,,,
48092,Santa Mónica (Ruiz Cortinez),Ranchería,Ayutla,Jalisco,,Frio,,,,,,,,,,,,,,,,,,,
48093,San Juan Cacoma,Ranchería,Ayutla,Jalisco,,Frio,,,,,,,,,,,,,,,,,,,
48095,El Zapotillo,Ranchería,Ayutla,Jalisco,,Frio,,,,,,,,,,,,,,,,,,,
48096,Los Sauces,Ranchería,Ayutla,Jalisco,,Frio,,,,,,,,,,,,,,,,,,,
48098,La Joya,Ranchería,Ayutla,Jalisco,,Frio,,,,,,,,,,,,,,,,,,,
48100,Atenguillo,Pueblo,Atenguillo,Jalisco,,Tibio,,,,,,,,,,,,,,,,,,,
48110,San Pablo,Ranchería,Atenguillo,Jalisco,,Frio,,,,,,,,,,,,,,,,,,,
48120,El Ranchito (Espíritu Santo),Ranchería,Atenguillo,Jalisco,,Frio,,,,,,,,,,,,,,,,,,,
48130,Los Volcanes,Pueblo,Atenguillo,Jalisco,,Tibio,,,,,,,,,,,,,,,,,,,
48135,San Jose de los Andrade,Ranchería,Atenguillo,Jalisco,,Frio,,,,,,,,,,,,,,,,,,,
48136,Santa Bárbara,Ranchería,Atenguillo,Jalisco,,Frio,,,,,,,,,,,,,,,,,,,
48139,Ahuacatepec,Colonia,Atenguillo,Jalisco,,Tibio,,,,,,,,,,,,,,,,,,,
48140,San Antonio de los Macedo,Ejido,Atenguillo,Jalisco,,Frio,,,,,,,,,,,,,,,,,,,
48145,Las Cebollas,Ejido,Atenguillo,Jalisco,,Frio,,,,,,,,,,,,,,,,,,,
48146,El Rodeo,Ranchería,Atenguillo,Jalisco,,Frio,,,,,,,,,,,,,,,,,,,
48150,Cuautla,Pueblo,Cuautla,Jalisco,,Tibio,,,,,,,,,,,,,,,,,,,
48153,Tierras Blancas,Ranchería,Cuautla,Jalisco,,Frio,,,,,,,,,,,,,,,,,,,
48155,Chilacayote,Colonia,Cuautla,Jalisco,,Tibio,,,,,,,,,,,,,,,,,,,
48159,Tototlan de Oro,Congregación,Cuautla,Jalisco,,Tibio,,,,,,,,,,,,,,,,,,,
48160,Trigo de Alteñas,Ranchería,Atengo,Jalisco,,Frio,,,,,,,,,,,,,,,,,,,
48165,Tacota,Congregación,Atengo,Jalisco,,Tibio,,,,,,,,,,,,,,,,,,,
48166,El Macuchi (La Trinidad),Ranchería,Atengo,Jalisco,,Frio,,,,,,,,,,,,,,,,,,,
48170,San Pedro la Chale,Ranchería,Atengo,Jalisco,,Frio,,,,,,,,,,,,,,,,,,,
48175,Yerbabuena,Colonia,Atengo,Jalisco,,Tibio,,,,,,,,,,,,,,,,,,,
48180,Soyatlan Del Oro,Pueblo,Atengo,Jalisco,,Tibio,,,,,,,,,,,,,,,,,,,
48185,Agostadero,Congregación,Atengo,Jalisco,,Tibio,,,,,,,,,,,,,,,,,,,
48185,El Salitre,Rancho,Atengo,Jalisco,,Frio,,,,,,,,,,,,,,,,,,,
48190,Atengo,Pueblo,Atengo,Jalisco,,Tibio,,,,,,,,,,,,,,,,,,,
48193,Cofradía de Lepe,Ranchería,Atengo,Jalisco,,Frio,,,,,,,,,,,,,,,,,,,
48199,Huaxtla,Ranchería,Atengo,Jalisco,,Frio,,,,,,,,,,,,,,,,,,,
48200,Jardines de Talpa,Colonia,Talpa de Allende,Jalisco,Talpa de Allende,Tibio,,,,,,,,,,,,,,,,,,,
48200,Pozos Sarcos,Colonia,Talpa de Allende,Jalisco,Talpa de Allende,Tibio,,,,,,,,,,,,,,,,,,,
48200,La Parota,Colonia,Talpa de Allende,Jalisco,Talpa de Allende,Tibio,,,,,,,,,,,,,,,,,,,
48200,Lomas de San Francisco,Colonia,Talpa de Allende,Jalisco,Talpa de Allende,Tibio,,,,,,,,,,,,,,,,,,,
48200,La Ciénega,Colonia,Talpa de Allende,Jalisco,Talpa de Allende,Tibio,,,,,,,,,,,,,,,,,,,
48200,Playas de Pozonextle,Colonia,Talpa de Allende,Jalisco,Talpa de Allende,Tibio,,,,,,,,,,,,,,,,,,,
48200,Talpa de Allende Centro,Colonia,Talpa de Allende,Jalisco,Talpa de Allende,Tibio,,,,,,,,,,,,,,,,,,,
48200,Naranjo,Colonia,Talpa de Allende,Jalisco,Talpa de Allende,Tibio,,,,,,,,,,,,,,,,,,,
48200,La Mesa,Colonia,Talpa de Allende,Jalisco,Talpa de Allende,Tibio,,,,,,,,,,,,,,,,,,,
48200,El Cerrito,Colonia,Talpa de Allende,Jalisco,Talpa de Allende,Tibio,,,,,,,,,,,,,,,,,,,
48200,Villas Del Rosario,Colonia,Talpa de Allende,Jalisco,Talpa de Allende,Tibio,,,,,,,,,,,,,,,,,,,
48200,San Francisco,Colonia,Talpa de Allende,Jalisco,Talpa de Allende,Tibio,,,,,,,,,,,,,,,,,,,
48200,San Miguel,Colonia,Talpa de Allende,Jalisco,Talpa de Allende,Tibio,,,,,,,,,,,,,,,,,,,
48210,La Cañada,Ranchería,Talpa de Allende,Jalisco,,Frio,,,,,,,,,,,,,,,,,,,
48211,Cabos,Ranchería,Talpa de Allende,Jalisco,,Frio,,,,,,,,,,,,,,,,,,,
48212,Los Ocotes,Ejido,Talpa de Allende,Jalisco,,Frio,,,,,,,,,,,,,,,,,,,
48212,Los Zapotes,Ranchería,Talpa de Allende,Jalisco,,Frio,,,,,,,,,,,,,,,,,,,
48213,El Rincón de Cabos (El Rincón),Ranchería,Talpa de Allende,Jalisco,,Frio,,,,,,,,,,,,,,,,,,,
48220,Cuale,Ranchería,Talpa de Allende,Jalisco,,Frio,,,,,,,,,,,,,,,,,,,
48240,Concepción del Bramador (La Concha),Ranchería,Talpa de Allende,Jalisco,,Frio,,,,,,,,,,,,,,,,,,,
48245,Desmoronado (El Real),Ranchería,Talpa de Allende,Jalisco,,Frio,,,,,,,,,,,,,,,,,,,
48247,Los Encinos,Rancho,Talpa de Allende,Jalisco,,Frio,,,,,,,,,,,,,,,,,,,
48250,La Cuesta,Colonia,Talpa de Allende,Jalisco,,Tibio,,,,,,,,,,,,,,,,,,,
48255,Santa Julia (Rajas Paradas),Rancho,Talpa de Allende,Jalisco,,Frio,,,,,,,,,,,,,,,,,,,
48255,La Esperanza,Hacienda,Talpa de Allende,Jalisco,,Tibio,,,,,,,,,,,,,,,,,,,
48256,Soyatan,Ranchería,Talpa de Allende,Jalisco,,Frio,,,,,,,,,,,,,,,,,,,
48256,Santa Lucía de la Cuesta,Ranchería,Talpa de Allende,Jalisco,,Frio,,,,,,,,,,,,,,,,,,,
48259,Las Colonias,Ranchería,Talpa de Allende,Jalisco,,Frio,,,,,,,,,,,,,,,,,,,
48260,Las Palmas de Arriba,Pueblo,Puerto Vallarta,Jalisco,,Tibio,,,,,,,,,,,,,,,,,,,
48262,Tebelchia (El Roble),Pueblo,Puerto Vallarta,Jalisco,,Tibio,,,,,,,,,,,,,,,,,,,
48264,La Mesa del Veladero,Rancho,Puerto Vallarta,Jalisco,,Frio,,,,,,,,,,,,,,,,,,,
48265,El Zancudo,Colonia,Puerto Vallarta,Jalisco,,Tibio,,,,,,,,,,,,,,,,,,,
48265,El Colorado,Ranchería,Puerto Vallarta,Jalisco,,Frio,,,,,,,,,,,,,,,,,,,
48266,Santa Cruz de Quelitán (Palmillas),Ranchería,Puerto Vallarta,Jalisco,,Frio,,,,,,,,,,,,,,,,,,,
48267,Los Llanitos,Ranchería,Puerto Vallarta,Jalisco,,Frio,,,,,,,,,,,,,,,,,,,
48276,Las Higueras del Hundido,Rancho,Puerto Vallarta,Jalisco,,Frio,,,,,,,,,,,,,,,,,,,
48280,Banús Vallarta,Fraccionamiento,Puerto Vallarta,Jalisco,,Caliente,,,,,,,,,,,,,,,,,,,
48280,Los Cipreses,Fraccionamiento,Puerto Vallarta,Jalisco,,Caliente,,,,,,,,,,,,,,,,,,,
48280,Ixtapa Centro,Colonia,Puerto Vallarta,Jalisco,,Caliente,,,,,,,,,,,,,,,,,,,
48280,La Esperanza,Colonia,Puerto Vallarta,Jalisco,,Tibio,,,,,,,,,,,,,,,,,,,
48280,Las Flores,Colonia,Puerto Vallarta,Jalisco,,Tibio,,,,,,,,,,,,,,,,,,,
48280,Llanitos,Colonia,Puerto Vallarta,Jalisco,,Tibio,,,,,,,,,,,,,,,,,,,
48280,Niños Héroes,Colonia,Puerto Vallarta,Jalisco,,Tibio,,,,,,,,,,,,,,,,,,,
48280,Paraíso,Colonia,Puerto Vallarta,Jalisco,,Tibio,,,,,,,,,,,,,,,,,,,
48280,Primero de Mayo,Colonia,Puerto Vallarta,Jalisco,,Tibio,,,,,,,,,,,,,,,,,,,
48280,San Francisco,Colonia,Puerto Vallarta,Jalisco,,Tibio,,,,,,,,,,,,,,,,,,,
48280,Santo Domingo,Colonia,Puerto Vallarta,Jalisco,,Tibio,,,,,,,,,,,,,,,,,,,
48280,Los Tamarindos,Colonia,Puerto Vallarta,Jalisco,,Tibio,,,,,,,,,,,,,,,,,,,
48280,24 de Febrero,Colonia,Puerto Vallarta,Jalisco,,Tibio,,,,,,,,,,,,,,,,,,,
48280,Centro de Salud,Colonia,Puerto Vallarta,Jalisco,,Tibio,,,,,,,,,,,,,,,,,,,
48280,Colina Universitaria,Fraccionamiento,Puerto Vallarta,Jalisco,,Caliente,,,,,,,,,,,,,,,,,,,
48280,Ixtapa,Unidad habitacional,Puerto Vallarta,Jalisco,,Caliente,,,,,,,,,,,,,,,,,,,
48280,La Colonia,Fraccionamiento,Puerto Vallarta,Jalisco,,Tibio,,,,,,,,,,,,,,,,,,,
48280,La Mina,Colonia,Puerto Vallarta,Jalisco,,Tibio,,,,,,,,,,,,,,,,,,,
48280,La Mina II,Colonia,Puerto Vallarta,Jalisco,,Tibio,,,,,,,,,,,,,,,,,,,
48280,La Vía,Colonia,Puerto Vallarta,Jalisco,,Tibio,,,,,,,,,,,,,,,,,,,
48280,Palmar de Ixtapa,Colonia,Puerto Vallarta,Jalisco,,Caliente,,,,,,,,,,,,,,,,,,,
48280,Palmares Universidad,Fraccionamiento,Puerto Vallarta,Jalisco,,Caliente,,,,,,,,,,,,,,,,,,,
48280,Paseos Universidad,Fraccionamiento,Puerto Vallarta,Jalisco,,Caliente,,,,,,,,,,,,,,,,,,,
48280,Paseos Universidad II,Fraccionamiento,Puerto Vallarta,Jalisco,,Caliente,,,,,,,,,,,,,,,,,,,
48280,Villas Ixtapa,Fraccionamiento,Puerto Vallarta,Jalisco,,Caliente,,,,,,,,,,,,,,,,,,,
48280,Vista Hermosa,Colonia,Puerto Vallarta,Jalisco,,Tibio,,,,,,,,,,,,,,,,,,,
48280,Jardines,Colonia,Puerto Vallarta,Jalisco,,Frio,,,,,,,,,,,,,,,,,,,
48280,C.U.C.,Equipamiento,Puerto Vallarta,Jalisco,,Frio,,,,,,,,,,,,,,,,,,,
48280,Nuevo Ixtapa,Fraccionamiento,Puerto Vallarta,Jalisco,,Caliente,,,,,,,,,,,,,,,,,,,
48280,Real Ixtapa,Fraccionamiento,Puerto Vallarta,Jalisco,,Caliente,,,,,,,,,,,,,,,,,,,
48280,Costa Dorada,Fraccionamiento,Puerto Vallarta,Jalisco,,Caliente,,,,,,,,,,,,,,,,,,,
48280,Pacífico Azul,Fraccionamiento,Puerto Vallarta,Jalisco,,Caliente,,,,,,,,,,,,,,,,,,,
48280,Verde Vallarta,Fraccionamiento,Puerto Vallarta,Jalisco,,Caliente,,,,,,,,,,,,,,,,,,,
48283,El Ranchito (El Colesio),Pueblo,Puerto Vallarta,Jalisco,,Frio,,,,,,,,,,,,,,,,,,,
48283,La Desembocada,Pueblo,Puerto Vallarta,Jalisco,,Frio,,,,,,,,,,,,,,,,,,,
48284,Ecoterra,Fraccionamiento,Puerto Vallarta,Jalisco,,Caliente,,,,,,,,,,,,,,,,,,,
48284,El Cantón,Pueblo,Puerto Vallarta,Jalisco,,Frio,,,,,,,,,,,,,,,,,,,
48290,Valle del Mar,Fraccionamiento,Puerto Vallarta,Jalisco,Puerto Vallarta,Caliente,,,,,,,,,,,,,,,,,,,
48290,Sendero las Galeanas,Fraccionamiento,Puerto Vallarta,Jalisco,Puerto Vallarta,Caliente,,,,,,,,,,,,,,,,,,,
48290,Lisboa,Fraccionamiento,Puerto Vallarta,Jalisco,Puerto Vallarta,Caliente,,,,,,,,,,,,,,,,,,,
48290,Maralta,Fraccionamiento,Puerto Vallarta,Jalisco,Puerto Vallarta,Caliente,,,,,,,,,,,,,,,,,,,
48290,La Primavera,Fraccionamiento,Puerto Vallarta,Jalisco,Puerto Vallarta,Caliente,,,,,,,,,,,,,,,,,,,
48290,Brisas del Pacifico,Colonia,Puerto Vallarta,Jalisco,Puerto Vallarta,Tibio,,,,,,,,,,,,,,,,,,,
48290,Coapinole,Colonia,Puerto Vallarta,Jalisco,Puerto Vallarta,Tibio,,,,,,,,,,,,,,,,,,,
48290,El Calvario,Colonia,Puerto Vallarta,Jalisco,Puerto Vallarta,Tibio,,,,,,,,,,,,,,,,,,,
48290,El Mangal,Colonia,Puerto Vallarta,Jalisco,Puerto Vallarta,Tibio,,,,,,,,,,,,,,,,,,,
48290,Pitillal Centro,Colonia,Puerto Vallarta,Jalisco,Puerto Vallarta,Tibio,,,,,,,,,,,,,,,,,,,
48290,Joyas del Pedregal,Colonia,Puerto Vallarta,Jalisco,Puerto Vallarta,Caliente,,,,,,,,,,,,,,,,,,,
48290,La Floresta,Colonia,Puerto Vallarta,Jalisco,Puerto Vallarta,Tibio,,,,,,,,,,,,,,,,,,,
48290,Las Mojoneras,Colonia,Puerto Vallarta,Jalisco,Puerto Vallarta,Tibio,,,,,,,,,,,,,,,,,,,
48290,Leandro Valle,Colonia,Puerto Vallarta,Jalisco,Puerto Vallarta,Tibio,,,,,,,,,,,,,,,,,,,
48290,Loma Bonita,Colonia,Puerto Vallarta,Jalisco,Puerto Vallarta,Tibio,,,,,,,,,,,,,,,,,,,
48290,Lomas de Coapinole,Unidad habitacional,Puerto Vallarta,Jalisco,Puerto Vallarta,Tibio,,,,,,,,,,,,,,,,,,,
48290,Lomas de Enmedio,Colonia,Puerto Vallarta,Jalisco,Puerto Vallarta,Tibio,,,,,,,,,,,,,,,,,,,
48290,Magisterio,Colonia,Puerto Vallarta,Jalisco,Puerto Vallarta,Tibio,,,,,,,,,,,,,,,,,,,
48290,Morelos y Pavón,Colonia,Puerto Vallarta,Jalisco,Puerto Vallarta,Tibio,,,,,,,,,,,,,,,,,,,
48290,Progreso,Colonia,Puerto Vallarta,Jalisco,Puerto Vallarta,Tibio,,,,,,,,,,,,,,,,,,,
48290,San Esteban,Colonia,Puerto Vallarta,Jalisco,Puerto Vallarta,Tibio,,,,,,,,,,,,,,,,,,,
48290,Villa de Guadalupe,Colonia,Puerto Vallarta,Jalisco,Puerto Vallarta,Tibio,,,,,,,,,,,,,,,,,,,
48290,Lomas Del Calvario,Colonia,Puerto Vallarta,Jalisco,Puerto Vallarta,Tibio,,,,,,,,,,,,,,,,,,,
48290,El Palmar del Progreso,Colonia,Puerto Vallarta,Jalisco,Puerto Vallarta,Tibio,,,,,,,,,,,,,,,,,,,
48290,Lomas de San Nicolás,Colonia,Puerto Vallarta,Jalisco,Puerto Vallarta,Tibio,,,,,,,,,,,,,,,,,,,
48290,Del Villar,Fraccionamiento,Puerto Vallarta,Jalisco,Puerto Vallarta,Caliente,,,,,,,,,,,,,,,,,,,
48290,Paseos de La Ribera,Fraccionamiento,Puerto Vallarta,Jalisco,Puerto Vallarta,Caliente,,,,,,,,,,,,,,,,,,,
48290,Palma Real,Colonia,Puerto Vallarta,Jalisco,Puerto Vallarta,Tibio,,,,,,,,,,,,,,,,,,,
48290,12 de Octubre,Colonia,Puerto Vallarta,Jalisco,Puerto Vallarta,Tibio,,,,,,,,,,,,,,,,,,,
48290,9 de Octubre,Colonia,Puerto Vallarta,Jalisco,Puerto Vallarta,Tibio,,,,,,,,,,,,,,,,,,,
48290,Campestre San Nicolás,Colonia,Puerto Vallarta,Jalisco,Puerto Vallarta,Caliente,,,,,,,,,,,,,,,,,,,
48290,El Salitrillo,Colonia,Puerto Vallarta,Jalisco,Puerto Vallarta,Tibio,,,,,,,,,,,,,,,,,,,
48290,Laguna del Valle,Colonia,Puerto Vallarta,Jalisco,Puerto Vallarta,Tibio,,,,,,,,,,,,,,,,,,,
48290,Lomas del Progreso,Colonia,Puerto Vallarta,Jalisco,Puerto Vallarta,Tibio,,,,,,,,,,,,,,,,,,,
48290,Ampliación Vista Dorada,Colonia,Puerto Vallarta,Jalisco,Puerto Vallarta,Tibio,,,,,,,,,,,,,,,,,,,
48290,Ampliación Vista Hermosa,Colonia,Puerto Vallarta,Jalisco,Puerto Vallarta,Tibio,,,,,,,,,,,,,,,,,,,
48290,Bosque del Progreso,Colonia,Puerto Vallarta,Jalisco,Puerto Vallarta,Tibio,,,,,,,,,,,,,,,,,,,
48290,Campestre Las Cañadas,Colonia,Puerto Vallarta,Jalisco,Puerto Vallarta,Caliente,,,,,,,,,,,,,,,,,,,
48290,Campo Verde,Fraccionamiento,Puerto Vallarta,Jalisco,Puerto Vallarta,Caliente,,,,,,,,,,,,,,,,,,,
48290,Copa del Rey,Colonia,Puerto Vallarta,Jalisco,Puerto Vallarta,Tibio,,,,,,,,,,,,,,,,,,,
48290,El Conejo,Colonia,Puerto Vallarta,Jalisco,Puerto Vallarta,Tibio,,,,,,,,,,,,,,,,,,,
48290,Garza Blanca,Colonia,Puerto Vallarta,Jalisco,Puerto Vallarta,Caliente,,,,,,,,,,,,,,,,,,,
48290,Héroes de La Patria,Fraccionamiento,Puerto Vallarta,Jalisco,Puerto Vallarta,Tibio,,,,,,,,,,,,,,,,,,,
48290,La Floresta,Fraccionamiento,Puerto Vallarta,Jalisco,Puerto Vallarta,Caliente,,,,,,,,,,,,,,,,,,,
48290,La Trinidad,Colonia,Puerto Vallarta,Jalisco,Puerto Vallarta,Tibio,,,,,,,,,,,,,,,,,,,
48290,Club de Golf Vista Vallarta,Equipamiento,Puerto Vallarta,Jalisco,Puerto Vallarta,Caliente,,,,,,,,,,,,,,,,,,,
48290,Maravillas Vallarta,Fraccionamiento,Puerto Vallarta,Jalisco,Puerto Vallarta,Caliente,,,,,,,,,,,,,,,,,,,
48290,Rancho Alegre,Fraccionamiento,Puerto Vallarta,Jalisco,Puerto Vallarta,Caliente,,,,,,,,,,,,,,,,,,,
48290,San Miguel,Colonia,Puerto Vallarta,Jalisco,Puerto Vallarta,Tibio,,,,,,,,,,,,,,,,,,,
48290,San Nicolás,Colonia,Puerto Vallarta,Jalisco,Puerto Vallarta,Tibio,,,,,,,,,,,,,,,,,,,
48290,Villa del Real,Colonia,Puerto Vallarta,Jalisco,Puerto Vallarta,Tibio,,,,,,,,,,,,,,,,,,,
48290,Villas del Prado,Fraccionamiento,Puerto Vallarta,Jalisco,Puerto Vallarta,Caliente,,,,,,,,,,,,,,,,,,,
48290,Villas Universidad,Fraccionamiento,Puerto Vallarta,Jalisco,Puerto Vallarta,Caliente,,,,,,,,,,,,,,,,,,,
48290,Vista al Mar,Colonia,Puerto Vallarta,Jalisco,Puerto Vallarta,Tibio,,,,,,,,,,,,,,,,,,,
48290,Vista Dorada,Colonia,Puerto Vallarta,Jalisco,Puerto Vallarta,Tibio,,,,,,,,,,,,,,,,,,,
48290,Vista Hermosa II,Fraccionamiento,Puerto Vallarta,Jalisco,Puerto Vallarta,Caliente,,,,,,,,,,,,,,,,,,,
48290,Volcanes,Colonia,Puerto Vallarta,Jalisco,Puerto Vallarta,Tibio,,,,,,,,,,,,,,,,,,,
48290,Valle Dorado,Colonia,Puerto Vallarta,Jalisco,Puerto Vallarta,Tibio,,,,,,,,,,,,,,,,,,,
48290,Hipódromo,Fraccionamiento,Puerto Vallarta,Jalisco,Puerto Vallarta,Caliente,,,,,,,,,,,,,,,,,,,
48290,Parques Universidad (Sendero de Luna),Fraccionamiento,Puerto Vallarta,Jalisco,Puerto Vallarta,Caliente,,,,,,,,,,,,,,,,,,,
48290,Balcones Vallarta,Colonia,Puerto Vallarta,Jalisco,Puerto Vallarta,Tibio,,,,,,,,,,,,,,,,,,,
48290,Los Médanos,Fraccionamiento,Puerto Vallarta,Jalisco,Puerto Vallarta,Caliente,,,,,,,,,,,,,,,,,,,
48291,Andalucía,Fraccionamiento,Puerto Vallarta,Jalisco,Puerto Vallarta,Caliente,,,,,,,,,,,,,,,,,,,
48291,De las Juntas Delegación,Colonia,Puerto Vallarta,Jalisco,Puerto Vallarta,Tibio,,,,,,,,,,,,,,,,,,,
48291,El Crucero,Colonia,Puerto Vallarta,Jalisco,Puerto Vallarta,Tibio,,,,,,,,,,,,,,,,,,,
48291,Villas Las Palmas,Fraccionamiento,Puerto Vallarta,Jalisco,Puerto Vallarta,Caliente,,,,,,,,,,,,,,,,,,,
48291,San José,Colonia,Puerto Vallarta,Jalisco,Puerto Vallarta,Tibio,,,,,,,,,,,,,,,,,,,
48292,Boca de Tomatlán,Pueblo,Puerto Vallarta,Jalisco,Puerto Vallarta,Tibio,,,,,,,,,,,,,,,,,,,
48294,Mismaloya,Pueblo,Puerto Vallarta,Jalisco,Puerto Vallarta,Tibio,,,,,,,,,,,,,,,,,,,
48294,Sierra del Mar,Colonia,Puerto Vallarta,Jalisco,Puerto Vallarta,Tibio,,,,,,,,,,,,,,,,,,,
48296,Del Toro,Colonia,Puerto Vallarta,Jalisco,Puerto Vallarta,Tibio,,,,,,,,,,,,,,,,,,,
48296,La Playita,Colonia,Puerto Vallarta,Jalisco,Puerto Vallarta,Tibio,,,,,,,,,,,,,,,,,,,
48298,Bobadilla,Colonia,Puerto Vallarta,Jalisco,Puerto Vallarta,Tibio,,,,,,,,,,,,,,,,,,,
48300,Puerto Vallarta Centro,Colonia,Puerto Vallarta,Jalisco,Puerto Vallarta,Caliente,,,,,,,,,,,,,,,,,,,
48304,El Cerro,Colonia,Puerto Vallarta,Jalisco,Puerto Vallarta,Tibio,,,,,,,,,,,,,,,,,,,
48310,Diaz Ordaz,Colonia,Puerto Vallarta,Jalisco,Puerto Vallarta,Tibio,,,,,,,,,,,,,,,,,,,
48310,Los Mangos,Colonia,Puerto Vallarta,Jalisco,Puerto Vallarta,Tibio,,,,,,,,,,,,,,,,,,,
48310,Versalles,Colonia,Puerto Vallarta,Jalisco,Puerto Vallarta,Tibio,,,,,,,,,,,,,,,,,,,
48312,Residencial Fluvial Vallarta,Fraccionamiento,Puerto Vallarta,Jalisco,Puerto Vallarta,Caliente,,,,,,,,,,,,,,,,,,,
48313,Jardines de La Higuera,Colonia,Puerto Vallarta,Jalisco,Puerto Vallarta,Tibio,,,,,,,,,,,,,,,,,,,
48313,Villas Rio,Colonia,Puerto Vallarta,Jalisco,Puerto Vallarta,Tibio,,,,,,,,,,,,,,,,,,,
48313,Vallarta Villas,Colonia,Puerto Vallarta,Jalisco,Puerto Vallarta,Tibio,,,,,,,,,,,,,,,,,,,
48313,Primavera de Vallarta,Fraccionamiento,Puerto Vallarta,Jalisco,Puerto Vallarta,Caliente,,,,,,,,,,,,,,,,,,,
48313,FOVISSSTE 100,Unidad habitacional,Puerto Vallarta,Jalisco,Puerto Vallarta,Tibio,,,,,,,,,,,,,,,,,,,
48313,Prados de la Higuera,Fraccionamiento,Puerto Vallarta,Jalisco,Puerto Vallarta,Caliente,,,,,,,,,,,,,,,,,,,
48314,Puerta del Sol Residencial,Fraccionamiento,Puerto Vallarta,Jalisco,Puerto Vallarta,Caliente,,,,,,,,,,,,,,,,,,,
48314,Aramara,Fraccionamiento,Puerto Vallarta,Jalisco,Puerto Vallarta,Caliente,,,,,,,,,,,,,,,,,,,
48314,El Palmar de Aramara,Fraccionamiento,Puerto Vallarta,Jalisco,Puerto Vallarta,Caliente,,,,,,,,,,,,,,,,,,,
48314,Vallarta 750,Fraccionamiento,Puerto Vallarta,Jalisco,Puerto Vallarta,Caliente,,,,,,,,,,,,,,,,,,,
48314,La Marina,Condominio,Puerto Vallarta,Jalisco,Puerto Vallarta,Caliente,,,,,,,,,,,,,,,,,,,
48314,La Joya,Fraccionamiento,Puerto Vallarta,Jalisco,Puerto Vallarta,Caliente,,,,,,,,,,,,,,,,,,,
48314,Montesori,Fraccionamiento,Puerto Vallarta,Jalisco,Puerto Vallarta,Caliente,,,,,,,,,,,,,,,,,,,
48314,Tabachines,Fraccionamiento,Puerto Vallarta,Jalisco,Puerto Vallarta,Caliente,,,,,,,,,,,,,,,,,,,
48315,Agua Zarca,Colonia,Puerto Vallarta,Jalisco,Puerto Vallarta,Tibio,,,,,,,,,,,,,,,,,,,
48315,Arboledas,Fraccionamiento,Puerto Vallarta,Jalisco,Puerto Vallarta,Caliente,,,,,,,,,,,,,,,,,,,
48315,Vallarta 500,Colonia,Puerto Vallarta,Jalisco,Puerto Vallarta,Tibio,,,,,,,,,,,,,,,,,,,
48315,Villas Del Puerto,Fraccionamiento,Puerto Vallarta,Jalisco,Puerto Vallarta,Caliente,,,,,,,,,,,,,,,,,,,
48315,Los Portales,Colonia,Puerto Vallarta,Jalisco,Puerto Vallarta,Tibio,,,,,,,,,,,,,,,,,,,
48315,Jardines Del Puerto,Colonia,Puerto Vallarta,Jalisco,Puerto Vallarta,Tibio,,,,,,,,,,,,,,,,,,,
48315,Albatros,Colonia,Puerto Vallarta,Jalisco,Puerto Vallarta,Tibio,,,,,,,,,,,,,,,,,,,
48315,Las Moras,Fraccionamiento,Puerto Vallarta,Jalisco,Puerto Vallarta,Caliente,,,,,,,,,,,,,,,,,,,
48315,Villas Sol,Fraccionamiento,Puerto Vallarta,Jalisco,Puerto Vallarta,Caliente,,,,,,,,,,,,,,,,,,,
48315,Villas del Mar,Fraccionamiento,Puerto Vallarta,Jalisco,Puerto Vallarta,Caliente,,,,,,,,,,,,,,,,,,,
48317,Guadalupe Victoria,Colonia,Puerto Vallarta,Jalisco,Puerto Vallarta,Tibio,,,,,,,,,,,,,,,,,,,
48317,Parques las Palmas,Fraccionamiento,Puerto Vallarta,Jalisco,Puerto Vallarta,Caliente,,,,,,,,,,,,,,,,,,,
48317,Aeropuerto,Colonia,Puerto Vallarta,Jalisco,Puerto Vallarta,Tibio,,,,,,,,,,,,,,,,,,,
48317,Rincón del Puerto,Fraccionamiento,Puerto Vallarta,Jalisco,Puerto Vallarta,Caliente,,,,,,,,,,,,,,,,,,,
48318,INFONAVIT CTM,Unidad habitacional,Puerto Vallarta,Jalisco,Puerto Vallarta,Tibio,,,,,,,,,,,,,,,,,,,
48318,Vida Vallarta,Fraccionamiento,Puerto Vallarta,Jalisco,Puerto Vallarta,Caliente,,,,,,,,,,,,,,,,,,,
48318,Haciendas Del Pitilla,Colonia,Puerto Vallarta,Jalisco,Puerto Vallarta,Tibio,,,,,,,,,,,,,,,,,,,
48320,La Vena,Colonia,Puerto Vallarta,Jalisco,Puerto Vallarta,Tibio,,,,,,,,,,,,,,,,,,,
48320,Mariano Otero,Colonia,Puerto Vallarta,Jalisco,Puerto Vallarta,Tibio,,,,,,,,,,,,,,,,,,,
48320,Valentín Gómez Farias,Colonia,Puerto Vallarta,Jalisco,Puerto Vallarta,Tibio,,,,,,,,,,,,,,,,,,,
48325,Primavera,Colonia,Puerto Vallarta,Jalisco,Puerto Vallarta,Tibio,,,,,,,,,,,,,,,,,,,
48325,Primero de Mayo,Colonia,Puerto Vallarta,Jalisco,Puerto Vallarta,Tibio,,,,,,,,,,,,,,,,,,,
48325,Santa Maria,Barrio,Puerto Vallarta,Jalisco,Puerto Vallarta,Tibio,,,,,,,,,,,,,,,,,,,
48325,Delfines,Fraccionamiento,Puerto Vallarta,Jalisco,Puerto Vallarta,Caliente,,,,,,,,,,,,,,,,,,,
48325,Ignacio L Vallarta,Colonia,Puerto Vallarta,Jalisco,Puerto Vallarta,Tibio,,,,,,,,,,,,,,,,,,,
48325,Niños Héroes,Colonia,Puerto Vallarta,Jalisco,Puerto Vallarta,Tibio,,,,,,,,,,,,,,,,,,,
48327,Cristóbal Colon,Colonia,Puerto Vallarta,Jalisco,Puerto Vallarta,Tibio,,,,,,,,,,,,,,,,,,,
48327,Independencia,Colonia,Puerto Vallarta,Jalisco,Puerto Vallarta,Tibio,,,,,,,,,,,,,,,,,,,
48327,Playa Grande (San Pedro),Colonia,Puerto Vallarta,Jalisco,Puerto Vallarta,Tibio,,,,,,,,,,,,,,,,,,,
48328,Fovissste 96,Unidad habitacional,Puerto Vallarta,Jalisco,Puerto Vallarta,Tibio,,,,,,,,,,,,,,,,,,,
48328,Gaviotas,Colonia,Puerto Vallarta,Jalisco,Puerto Vallarta,Tibio,,,,,,,,,,,,,,,,,,,
48328,Las Aralias,Fraccionamiento,Puerto Vallarta,Jalisco,Puerto Vallarta,Caliente,,,,,,,,,,,,,,,,,,,
48328,Los Sauces,Fraccionamiento,Puerto Vallarta,Jalisco,Puerto Vallarta,Caliente,,,,,,,,,,,,,,,,,,,
48328,Jardines de Vallarta,Fraccionamiento,Puerto Vallarta,Jalisco,Puerto Vallarta,Caliente,,,,,,,,,,,,,,,,,,,
48330,Lázaro Cárdenas,Colonia,Puerto Vallarta,Jalisco,Puerto Vallarta,Tibio,,,,,,,,,,,,,,,,,,,
48330,Olímpica,Colonia,Puerto Vallarta,Jalisco,Puerto Vallarta,Tibio,,,,,,,,,,,,,,,,,,,
48333,Las Glorias,Colonia,Puerto Vallarta,Jalisco,Puerto Vallarta,Tibio,,,,,,,,,,,,,,,,,,,
48333,Los Tules,Colonia,Puerto Vallarta,Jalisco,Puerto Vallarta,Tibio,,,,,,,,,,,,,,,,,,,
48333,Zona Hotelera Norte,Colonia,Puerto Vallarta,Jalisco,Puerto Vallarta,Caliente,,,,,,,,,,,,,,,,,,,
48333,Zona Hotelera Sur,Colonia,Puerto Vallarta,Jalisco,Puerto Vallarta,Caliente,,,,,,,,,,,,,,,,,,,
48333,Terminal Marítima,Colonia,Puerto Vallarta,Jalisco,Puerto Vallarta,Tibio,,,,,,,,,,,,,,,,,,,
48334,Marina Sol,Colonia,Puerto Vallarta,Jalisco,Puerto Vallarta,Caliente,,,,,,,,,,,,,,,,,,,
48334,Puerto Iguanas,Colonia,Puerto Vallarta,Jalisco,Puerto Vallarta,Tibio,,,,,,,,,,,,,,,,,,,
48335,Villa las Flores,Colonia,Puerto Vallarta,Jalisco,Puerto Vallarta,Tibio,,,,,,,,,,,,,,,,,,,
48335,Marina Vallarta,Colonia,Puerto Vallarta,Jalisco,Puerto Vallarta,Caliente,,,,,,,,,,,,,,,,,,,
48335,Bocanegra,Fraccionamiento,Puerto Vallarta,Jalisco,Puerto Vallarta,Caliente,,,,,,,,,,,,,,,,,,,
48338,Villas Primavera,Unidad habitacional,Puerto Vallarta,Jalisco,Puerto Vallarta,Caliente,,,,,,,,,,,,,,,,,,,
48338,Educación,Colonia,Puerto Vallarta,Jalisco,Puerto Vallarta,Tibio,,,,,,,,,,,,,,,,,,,
48338,La Aurora,Colonia,Puerto Vallarta,Jalisco,Puerto Vallarta,Tibio,,,,,,,,,,,,,,,,,,,
48338,El Carmen,Fraccionamiento,Puerto Vallarta,Jalisco,Puerto Vallarta,Caliente,,,,,,,,,,,,,,,,,,,
48339,Puerto Vallarta (Lic. Gustavo Díaz Ordaz),Aeropuerto,Puerto Vallarta,Jalisco,Puerto Vallarta,Tibio,,,,,,,,,,,,,,,,,,,
48340,Agua Azul,Colonia,Puerto Vallarta,Jalisco,Puerto Vallarta,Tibio,,,,,,,,,,,,,,,,,,,
48340,Bugambilias,Colonia,Puerto Vallarta,Jalisco,Puerto Vallarta,Tibio,,,,,,,,,,,,,,,,,,,
48340,Herradura,Colonia,Puerto Vallarta,Jalisco,Puerto Vallarta,Tibio,,,,,,,,,,,,,,,,,,,
48340,Lopez Mateos,Colonia,Puerto Vallarta,Jalisco,Puerto Vallarta,Tibio,,,,,,,,,,,,,,,,,,,
48343,Campestre las Palmas,Colonia,Puerto Vallarta,Jalisco,Puerto Vallarta,Caliente,,,,,,,,,,,,,,,,,,,
48343,La Pedrera,Colonia,Puerto Vallarta,Jalisco,Puerto Vallarta,Tibio,,,,,,,,,,,,,,,,,,,
48343,Ramblases,Colonia,Puerto Vallarta,Jalisco,Puerto Vallarta,Tibio,,,,,,,,,,,,,,,,,,,
48343,Lomas Del Pedregal,Colonia,Puerto Vallarta,Jalisco,Puerto Vallarta,Tibio,,,,,,,,,,,,,,,,,,,
48344,Jardines,Colonia,Puerto Vallarta,Jalisco,Puerto Vallarta,Tibio,,,,,,,,,,,,,,,,,,,
48344,La Moderna,Colonia,Puerto Vallarta,Jalisco,Puerto Vallarta,Tibio,,,,,,,,,,,,,,,,,,,
48344,Ojo de Agua,Colonia,Puerto Vallarta,Jalisco,Puerto Vallarta,Tibio,,,,,,,,,,,,,,,,,,,
48344,Presidentes Municipales,Colonia,Puerto Vallarta,Jalisco,Puerto Vallarta,Tibio,,,,,,,,,,,,,,,,,,,
48344,Santa Maria,Colonia,Puerto Vallarta,Jalisco,Puerto Vallarta,Tibio,,,,,,,,,,,,,,,,,,,
48344,Del Mar,Colonia,Puerto Vallarta,Jalisco,Puerto Vallarta,Tibio,,,,,,,,,,,,,,,,,,,
48344,Linda Vista Océano,Colonia,Puerto Vallarta,Jalisco,Puerto Vallarta,Tibio,,,,,,,,,,,,,,,,,,,
48350,5 de Diciembre,Colonia,Puerto Vallarta,Jalisco,Puerto Vallarta,Tibio,,,,,,,,,,,,,,,,,,,
48353,Gastronómicos,Unidad habitacional,Puerto Vallarta,Jalisco,Puerto Vallarta,Tibio,,,,,,,,,,,,,,,,,,,
48360,El Caloso,Colonia,Puerto Vallarta,Jalisco,Puerto Vallarta,Tibio,,,,,,,,,,,,,,,,,,,
48360,Las Canoas,Colonia,Puerto Vallarta,Jalisco,Puerto Vallarta,Tibio,,,,,,,,,,,,,,,,,,,
48360,Las Peñas,Colonia,Puerto Vallarta,Jalisco,Puerto Vallarta,Tibio,,,,,,,,,,,,,,,,,,,
48370,Buenos Aires,Colonia,Puerto Vallarta,Jalisco,Puerto Vallarta,Tibio,,,,,,,,,,,,,,,,,,,
48373,Paso Ancho,Colonia,Puerto Vallarta,Jalisco,Puerto Vallarta,Tibio,,,,,,,,,,,,,,,,,,,
48373,Paso Del Molino,Colonia,Puerto Vallarta,Jalisco,Puerto Vallarta,Tibio,,,,,,,,,,,,,,,,,,,
48380,Altavista,Colonia,Puerto Vallarta,Jalisco,Puerto Vallarta,Tibio,,,,,,,,,,,,,,,,,,,
48380,Emiliano Zapata,Colonia,Puerto Vallarta,Jalisco,Puerto Vallarta,Tibio,,,,,,,,,,,,,,,,,,,
48389,Benito Juárez,Colonia,Puerto Vallarta,Jalisco,Puerto Vallarta,Tibio,,,,,,,,,,,,,,,,,,,
48389,El Remance,Colonia,Puerto Vallarta,Jalisco,Puerto Vallarta,Tibio,,,,,,,,,,,,,,,,,,,
48399,Amapas,Colonia,Puerto Vallarta,Jalisco,Puerto Vallarta,Tibio,,,,,,,,,,,,,,,,,,,
48399,Conchas Chinas,Colonia,Puerto Vallarta,Jalisco,Puerto Vallarta,Caliente,,,,,,,,,,,,,,,,,,,
48399,El Nogalito,Colonia,Puerto Vallarta,Jalisco,Puerto Vallarta,Tibio,,,,,,,,,,,,,,,,,,,
48400,Llano de los Laureles,Colonia,Cabo Corrientes,Jalisco,,Frio,,,,,,,,,,,,,,,,,,,
48400,El Tuito,Pueblo,Cabo Corrientes,Jalisco,,Tibio,,,,,,,,,,,,,,,,,,,
48400,La Hermita,Colonia,Cabo Corrientes,Jalisco,,Frio,,,,,,,,,,,,,,,,,,,
48410,La Sauceda,Ranchería,Cabo Corrientes,Jalisco,,Frio,,,,,,,,,,,,,,,,,,,
48413,Zicatán,Ranchería,Cabo Corrientes,Jalisco,,Frio,,,,,,,,,,,,,,,,,,,
48414,Los Corrales,Ranchería,Cabo Corrientes,Jalisco,,Frio,,,,,,,,,,,,,,,,,,,
48415,Chimo,Ranchería,Cabo Corrientes,Jalisco,,Frio,,,,,,,,,,,,,,,,,,,
48416,Llano Grande de Ipala,Ranchería,Cabo Corrientes,Jalisco,,Frio,,,,,,,,,,,,,,,,,,,
48417,Naranjitos (Arroyo Seco),Pueblo,Cabo Corrientes,Jalisco,,Frio,,,,,,,,,,,,,,,,,,,
48417,Maito,Pueblo,Cabo Corrientes,Jalisco,,Frio,,,,,,,,,,,,,,,,,,,
48417,Tehuamixtle (Tehualmixtle),Ranchería,Cabo Corrientes,Jalisco,,Frio,,,,,,,,,,,,,,,,,,,
48417,Aquiles Serdán,Ranchería,Cabo Corrientes,Jalisco,,Frio,,,,,,,,,,,,,,,,,,,
48419,Ipala,Ranchería,Cabo Corrientes,Jalisco,,Frio,,,,,,,,,,,,,,,,,,,
48419,Peregrina de Gómez (La Boquita),Ranchería,Cabo Corrientes,Jalisco,,Frio,,,,,,,,,,,,,,,,,,,
48419,Villa del Mar,Ranchería,Cabo Corrientes,Jalisco,,Frio,,,,,,,,,,,,,,,,,,,
48420,El Refugio Suchitlán (La Congregación),Pueblo,Cabo Corrientes,Jalisco,,Frio,,,,,,,,,,,,,,,,,,,
48422,Yelapa,Ranchería,Cabo Corrientes,Jalisco,,Tibio,,,,,,,,,,,,,,,,,,,
48423,Ixtlahuahuey,Ranchería,Cabo Corrientes,Jalisco,,Frio,,,,,,,,,,,,,,,,,,,
48424,Quimixto,Ranchería,Cabo Corrientes,Jalisco,,Tibio,,,,,,,,,,,,,,,,,,,
48425,Las Juntas y los Veranos,Pueblo,Cabo Corrientes,Jalisco,,Tibio,,,,,,,,,,,,,,,,,,,
48426,Pedro Moreno,Ranchería,Cabo Corrientes,Jalisco,,Frio,,,,,,,,,,,,,,,,,,,
48426,El Columpio,Ranchería,Cabo Corrientes,Jalisco,,Frio,,,,,,,,,,,,,,,,,,,
48426,La Ciénega,Ranchería,Cabo Corrientes,Jalisco,,Frio,,,,,,,,,,,,,,,,,,,
48427,Chacala,Pueblo,Cabo Corrientes,Jalisco,,Frio,,,,,,,,,,,,,,,,,,,
48428,Las Guásimas,Ranchería,Cabo Corrientes,Jalisco,,Frio,,,,,,,,,,,,,,,,,,,
48430,Paulo,Ranchería,Cabo Corrientes,Jalisco,,Frio,,,,,,,,,,,,,,,,,,,
48432,Potrerillos del Tuito,Ranchería,Cabo Corrientes,Jalisco,,Frio,,,,,,,,,,,,,,,,,,,
48432,Los Plátanos,Rancho,Cabo Corrientes,Jalisco,,Frio,,,,,,,,,,,,,,,,,,,
48433,Bioto,Ranchería,Cabo Corrientes,Jalisco,,Frio,,,,,,,,,,,,,,,,,,,
48445,Provincia (Los Húmedos),Ranchería,Cabo Corrientes,Jalisco,,Frio,,,,,,,,,,,,,,,,,,,
48447,El Rincón de los Olotes (El Rincón),Rancho,Cabo Corrientes,Jalisco,,Frio,,,,,,,,,,,,,,,,,,,
48447,Las Juntas del Tuito (Puente la Puchiteca),Ranchería,Cabo Corrientes,Jalisco,,Frio,,,,,,,,,,,,,,,,,,,
48448,Santa Cruz del Tuito,Ranchería,Cabo Corrientes,Jalisco,,Frio,,,,,,,,,,,,,,,,,,,
48450,Indígena,Colonia,Tomatlán,Jalisco,,Frio,,,,,,,,,,,,,,,,,,,
48450,Azteca,Colonia,Tomatlán,Jalisco,,Frio,,,,,,,,,,,,,,,,,,,
48450,Las Primaveras,Colonia,Tomatlán,Jalisco,,Frio,,,,,,,,,,,,,,,,,,,
48450,Gargantillo (La Hacienda),Hacienda,Tomatlán,Jalisco,,Frio,,,,,,,,,,,,,,,,,,,
48450,Nuevo Santiago,Hacienda,Tomatlán,Jalisco,,Frio,,,,,,,,,,,,,,,,,,,
48450,Centro Tomatlán,Colonia,Tomatlán,Jalisco,,Tibio,,,,,,,,,,,,,,,,,,,
48450,Presa Cajón de Peña (La Presa),Ranchería,Tomatlán,Jalisco,,Frio,,,,,,,,,,,,,,,,,,,
48451,Las Partidas,Ranchería,Tomatlán,Jalisco,,Frio,,,,,,,,,,,,,,,,,,,
48453,El Corrido,Ranchería,Tomatlán,Jalisco,,Frio,,,,,,,,,,,,,,,,,,,
48453,La Piedra Pintada,Ranchería,Tomatlán,Jalisco,,Frio,,,,,,,,,,,,,,,,,,,
48455,La Gloria,Ejido,Tomatlán,Jalisco,,Frio,,,,,,,,,,,,,,,,,,,
48456,Nahuapa,Ranchería,Tomatlán,Jalisco,,Frio,,,,,,,,,,,,,,,,,,,
48456,José María Pino Suárez (Nuevo Nahuapa),Pueblo,Tomatlán,Jalisco,,Frio,,,,,,,,,,,,,,,,,,,
48456,El Naranjo,Ranchería,Tomatlán,Jalisco,,Frio,,,,,,,,,,,,,,,,,,,
48457,Las Lomas (Las Lomas de Malobaco),Rancho,Tomatlán,Jalisco,,Frio,,,,,,,,,,,,,,,,,,,
48457,Teocinte (Teocintle),Ranchería,Tomatlán,Jalisco,,Frio,,,,,,,,,,,,,,,,,,,
48458,El Tigre,Ranchería,Tomatlán,Jalisco,,Frio,,,,,,,,,,,,,,,,,,,
48460,La Cruz de Loreto,Ranchería,Tomatlán,Jalisco,,Frio,,,,,,,,,,,,,,,,,,,
48461,Piloto (Corralito de Piloto),Ranchería,Tomatlán,Jalisco,,Frio,,,,,,,,,,,,,,,,,,,
48462,El Realito,Ranchería,Tomatlán,Jalisco,,Frio,,,,,,,,,,,,,,,,,,,
48464,Pochotitán,Ranchería,Tomatlán,Jalisco,,Frio,,,,,,,,,,,,,,,,,,,
48464,El Mapache,Ranchería,Tomatlán,Jalisco,,Frio,,,,,,,,,,,,,,,,,,,
48464,Crucero del Aval,Paraje,Tomatlán,Jalisco,,Frio,,,,,,,,,,,,,,,,,,,
48465,El Tule,Ejido,Tomatlán,Jalisco,,Frio,,,,,,,,,,,,,,,,,,,
48466,Tequesquite,Ranchería,Tomatlán,Jalisco,,Frio,,,,,,,,,,,,,,,,,,,
48470,San Rafael de los Moreno,Ranchería,Tomatlán,Jalisco,,Frio,,,,,,,,,,,,,,,,,,,
48473,Cimarronas,Ranchería,Tomatlán,Jalisco,,Frio,,,,,,,,,,,,,,,,,,,
48473,El Ocotillo,Rancho,Tomatlán,Jalisco,,Frio,,,,,,,,,,,,,,,,,,,
48475,Llano Grande,Congregación,Tomatlán,Jalisco,,Frio,,,,,,,,,,,,,,,,,,,
48475,Santa Gertrudis,Ranchería,Tomatlán,Jalisco,,Frio,,,,,,,,,,,,,,,,,,,
48479,Cabrel,Ranchería,Tomatlán,Jalisco,,Frio,,,,,,,,,,,,,,,,,,,
48480,Campo Acosta,Ranchería,Tomatlán,Jalisco,,Frio,,,,,,,,,,,,,,,,,,,
48481,La Cumbre,Ranchería,Tomatlán,Jalisco,,Frio,,,,,,,,,,,,,,,,,,,
48481,Valle de Majahuas (El Poblado),Ranchería,Tomatlán,Jalisco,,Frio,,,,,,,,,,,,,,,,,,,
48481,La Pintada,Ranchería,Tomatlán,Jalisco,,Frio,,,,,,,,,,,,,,,,,,,
48485,Emiliano Zapata Yautepec (Agua Zarca),Ranchería,Tomatlán,Jalisco,,Frio,,,,,,,,,,,,,,,,,,,
48485,Lázaro Cárdenas (La Nancy),Ranchería,Tomatlán,Jalisco,,Frio,,,,,,,,,,,,,,,,,,,
48486,El Aserradero,Ranchería,Tomatlán,Jalisco,,Frio,,,,,,,,,,,,,,,,,,,
48490,Higuera Blanca,Pueblo,Tomatlán,Jalisco,,Frio,,,,,,,,,,,,,,,,,,,
48491,Palmillas,Ranchería,Tomatlán,Jalisco,,Frio,,,,,,,,,,,,,,,,,,,
48495,José María Morelos,Ranchería,Tomatlán,Jalisco,,Frio,,,,,,,,,,,,,,,,,,,
48496,Puentecillas,Ranchería,Tomatlán,Jalisco,,Frio,,,,,,,,,,,,,,,,,,,
48499,El Limón,Ranchería,Tomatlán,Jalisco,,Frio,,,,,,,,,,,,,,,,,,,
48499,Llano del Toro,Ranchería,Tomatlán,Jalisco,,Frio,,,,,,,,,,,,,,,,,,,
48500,La Ascensión,Colonia,Cocula,Jalisco,Cocula,Tibio,,,,,,,,,,,,,,,,,,,
48500,Santiago,Colonia,Cocula,Jalisco,Cocula,Tibio,,,,,,,,,,,,,,,,,,,
48500,Villas de la Ascensión,Fraccionamiento,Cocula,Jalisco,Cocula,Caliente,,,,,,,,,,,,,,,,,,,
48500,San Juan,Barrio,Cocula,Jalisco,Cocula,Tibio,,,,,,,,,,,,,,,,,,,
48500,De la Cruz,Barrio,Cocula,Jalisco,Cocula,Tibio,,,,,,,,,,,,,,,,,,,
48500,Hacienda La Cruz,Fraccionamiento,Cocula,Jalisco,Cocula,Caliente,,,,,,,,,,,,,,,,,,,
48500,Cocula Centro,Colonia,Cocula,Jalisco,Cocula,Tibio,,,,,,,,,,,,,,,,,,,
48500,San Pedro,Barrio,Cocula,Jalisco,Cocula,Tibio,,,,,,,,,,,,,,,,,,,
48502,La Rinconada,Colonia,Cocula,Jalisco,Cocula,Tibio,,,,,,,,,,,,,,,,,,,
48503,Lomas de Cocula,Colonia,Cocula,Jalisco,Cocula,Tibio,,,,,,,,,,,,,,,,,,,
48503,Villa de Casares,Colonia,Cocula,Jalisco,Cocula,Tibio,,,,,,,,,,,,,,,,,,,
48504,La Guitarrilla,Colonia,Cocula,Jalisco,Cocula,Tibio,,,,,,,,,,,,,,,,,,,
48504,Lázaro Cárdenas,Colonia,Cocula,Jalisco,Cocula,Tibio,,,,,,,,,,,,,,,,,,,
48506,Santa Teresa,Ejido,Cocula,Jalisco,,Frio,,,,,,,,,,,,,,,,,,,
48507,El Chivatillo (San Isidro),Ranchería,Cocula,Jalisco,,Frio,,,,,,,,,,,,,,,,,,,
48508,El Saucillo,Ranchería,Cocula,Jalisco,,Frio,,,,,,,,,,,,,,,,,,,
48509,Camajapa,Congregación,Cocula,Jalisco,,Frio,,,,,,,,,,,,,,,,,,,
48509,Santa Rosa,Ranchería,Cocula,Jalisco,,Frio,,,,,,,,,,,,,,,,,,,
48510,Agua Caliente,Ejido,Cocula,Jalisco,,Frio,,,,,,,,,,,,,,,,,,,
48510,Camichines,Ejido,Cocula,Jalisco,,Frio,,,,,,,,,,,,,,,,,,,
48512,San Pablo,Ejido,Cocula,Jalisco,,Frio,,,,,,,,,,,,,,,,,,,
48520,La Estanzuela,Ejido,Cocula,Jalisco,,Frio,,,,,,,,,,,,,,,,,,,
48520,La Sauceda,Ejido,Cocula,Jalisco,,Frio,,,,,,,,,,,,,,,,,,,
48520,San Nicolás,Ejido,Cocula,Jalisco,,Frio,,,,,,,,,,,,,,,,,,,
48525,Tateposco (San José Tateposco),Ejido,Cocula,Jalisco,,Frio,,,,,,,,,,,,,,,,,,,
48526,La Puerta del Borrego,Ejido,Cocula,Jalisco,,Frio,,,,,,,,,,,,,,,,,,,
48530,La Cofradia de la Luz,Ejido,Cocula,Jalisco,,Frio,,,,,,,,,,,,,,,,,,,
48532,Santa Maria,Ejido,Cocula,Jalisco,,Frio,,,,,,,,,,,,,,,,,,,
48540,Las Calaveras (Ejido Tenextitlán),Colonia,Tecolotlán,Jalisco,,Frio,,,,,,,,,,,,,,,,,,,
48540,Tecolotlán,Pueblo,Tecolotlán,Jalisco,,Tibio,,,,,,,,,,,,,,,,,,,
48542,Cofradía de Duendes,Ranchería,Tecolotlán,Jalisco,,Frio,,,,,,,,,,,,,,,,,,,
48546,Quila,Pueblo,Tecolotlán,Jalisco,,Frio,,,,,,,,,,,,,,,,,,,
48550,Palo Alto,Congregación,Tecolotlán,Jalisco,,Frio,,,,,,,,,,,,,,,,,,,
48553,El Rodeo Viejo (El Copal Colorado),Pueblo,Tecolotlán,Jalisco,,Frio,,,,,,,,,,,,,,,,,,,
48554,Ojo de Agua,Hacienda,Tecolotlán,Jalisco,,Frio,,,,,,,,,,,,,,,,,,,
48555,Villegas,Ranchería,Tecolotlán,Jalisco,,Frio,,,,,,,,,,,,,,,,,,,
48556,Los Ailes,Ranchería,Tecolotlán,Jalisco,,Frio,,,,,,,,,,,,,,,,,,,
48558,Ambrosio,Ranchería,Tecolotlán,Jalisco,,Frio,,,,,,,,,,,,,,,,,,,
48559,Quililla,Ranchería,Tecolotlán,Jalisco,,Frio,,,,,,,,,,,,,,,,,,,
48560,Ayotitlán,Congregación,Tecolotlán,Jalisco,,Frio,,,,,,,,,,,,,,,,,,,
48563,Caleras Cruz de Mayo (Calfinas),Ranchería,Tecolotlán,Jalisco,,Frio,,,,,,,,,,,,,,,,,,,
48563,Tamazulita,Congregación,Tecolotlán,Jalisco,,Frio,,,,,,,,,,,,,,,,,,,
48564,San Rafael,Ranchería,Tecolotlán,Jalisco,,Frio,,,,,,,,,,,,,,,,,,,
48568,San Jose,Ranchería,Tecolotlán,Jalisco,,Frio,,,,,,,,,,,,,,,,,,,
48569,San Buenaventura,Congregación,Tecolotlán,Jalisco,,Frio,,,,,,,,,,,,,,,,,,,
48570,El Ranchito,Colonia,Tenamaxtlán,Jalisco,,Frio,,,,,,,,,,,,,,,,,,,
48570,La Ladera,Colonia,Tenamaxtlán,Jalisco,,Frio,,,,,,,,,,,,,,,,,,,
48570,Tenamaxtlan,Pueblo,Tenamaxtlán,Jalisco,,Tibio,,,,,,,,,,,,,,,,,,,
48575,La Florida,Ranchería,Tenamaxtlán,Jalisco,,Frio,,,,,,,,,,,,,,,,,,,
48577,Juanacatlan,Ejido,Tenamaxtlán,Jalisco,,Frio,,,,,,,,,,,,,,,,,,,
48580,Miraplanes,Ejido,Tenamaxtlán,Jalisco,,Frio,,,,,,,,,,,,,,,,,,,
48585,Los Encinos,Ejido,Tenamaxtlán,Jalisco,,Frio,,,,,,,,,,,,,,,,,,,
48590,Palo Blanco,Ejido,Tenamaxtlán,Jalisco,,Frio,,,,,,,,,,,,,,,,,,,
48592,El Salatillo,Colonia,Tenamaxtlán,Jalisco,,Frio,,,,,,,,,,,,,,,,,,,
48592,Colotitlán,Ejido,Tenamaxtlán,Jalisco,,Frio,,,,,,,,,,,,,,,,,,,
48595,San Ignacio,Ejido,Tenamaxtlán,Jalisco,,Frio,,,,,,,,,,,,,,,,,,,
48600,Juchitlán,Pueblo,Juchitlán,Jalisco,,Tibio,,,,,,,,,,,,,,,,,,,
48600,Los Corrales (Villa de Guadalupe),Colonia,Juchitlán,Jalisco,,Frio,,,,,,,,,,,,,,,,,,,
48605,Cofradía de Abajo,Ranchería,Juchitlán,Jalisco,,Frio,,,,,,,,,,,,,,,,,,,
48610,Santa Maria,Pueblo,Juchitlán,Jalisco,,Frio,,,,,,,,,,,,,,,,,,,
48614,Los Ojos de Agua,Ranchería,Juchitlán,Jalisco,,Frio,,,,,,,,,,,,,,,,,,,
48615,Camichines,Ranchería,Juchitlán,Jalisco,,Frio,,,,,,,,,,,,,,,,,,,
48620,La Tinaja,Ranchería,Juchitlán,Jalisco,,Frio,,,,,,,,,,,,,,,,,,,
48625,Las Juntas,Ranchería,Juchitlán,Jalisco,,Frio,,,,,,,,,,,,,,,,,,,
48628,Rancho Viejo,Ranchería,Juchitlán,Jalisco,,Frio,,,,,,,,,,,,,,,,,,,
48630,Los Guajes,Ejido,Juchitlán,Jalisco,,Frio,,,,,,,,,,,,,,,,,,,
48634,Agua Escondida,Ranchería,Juchitlán,Jalisco,,Frio,,,,,,,,,,,,,,,,,,,
48635,El Aguacate de Arriba,Pueblo,Juchitlán,Jalisco,,Frio,,,,,,,,,,,,,,,,,,,
48640,Chiquilistlan,Pueblo,Chiquilistlán,Jalisco,,Tibio,,,,,,,,,,,,,,,,,,,
48644,Cítala,Rancho,Chiquilistlán,Jalisco,,Frio,,,,,,,,,,,,,,,,,,,
48650,Jalpa,Pueblo,Chiquilistlán,Jalisco,,Tibio,,,,,,,,,,,,,,,,,,,
48654,La Cofradia de Jalpa,Ranchería,Chiquilistlán,Jalisco,,Frio,,,,,,,,,,,,,,,,,,,
48655,Comala y Agua Puerca,Ranchería,Chiquilistlán,Jalisco,,Frio,,,,,,,,,,,,,,,,,,,
48670,La Labor,Ranchería,Ejutla,Jalisco,,Frio,,,,,,,,,,,,,,,,,,,
48679,San Lorenzo,Ranchería,Ejutla,Jalisco,,Frio,,,,,,,,,,,,,,,,,,,
48680,La Cruz,Colonia,Ejutla,Jalisco,,Frio,,,,,,,,,,,,,,,,,,,
48680,Ejutla,Pueblo,Ejutla,Jalisco,,Tibio,,,,,,,,,,,,,,,,,,,
48685,Amacuautitlanejo,Ranchería,Ejutla,Jalisco,,Frio,,,,,,,,,,,,,,,,,,,
48686,El Estanco,Ranchería,Ejutla,Jalisco,,Frio,,,,,,,,,,,,,,,,,,,
48687,Mesa de San Nicolás,Ranchería,Ejutla,Jalisco,,Frio,,,,,,,,,,,,,,,,,,,
48687,Los Naranjos de Abajo,Colonia,Ejutla,Jalisco,,Frio,,,,,,,,,,,,,,,,,,,
48687,Cuyotomate,Colonia,Ejutla,Jalisco,,Frio,,,,,,,,,,,,,,,,,,,
48700,El Limón,Pueblo,El Limón,Jalisco,,Tibio,,,,,,,,,,,,,,,,,,,
48708,El Palmar de San Antonio,Congregación,El Limón,Jalisco,,Frio,,,,,,,,,,,,,,,,,,,
48710,San Roque,Ranchería,El Limón,Jalisco,,Frio,,,,,,,,,,,,,,,,,,,
48715,San Miguel Hidalgo,Congregación,El Limón,Jalisco,,Frio,,,,,,,,,,,,,,,,,,,
48720,La Ciénega,Congregación,El Limón,Jalisco,,Frio,,,,,,,,,,,,,,,,,,,
48725,San Juan de Amula,Pueblo,El Limón,Jalisco,,Tibio,,,,,,,,,,,,,,,,,,,
48730,San Buenaventura,Congregación,El Limón,Jalisco,,Frio,,,,,,,,,,,,,,,,,,,
48739,El Rodeo,Ranchería,El Limón,Jalisco,,Frio,,,,,,,,,,,,,,,,,,,
48740,San Pedro,Colonia,El Grullo,Jalisco,El Grullo,Tibio,,,,,,,,,,,,,,,,,,,
48740,El Grullo Centro,Colonia,El Grullo,Jalisco,El Grullo,Tibio,,,,,,,,,,,,,,,,,,,
48742,Senderos del Manantial,Fraccionamiento,El Grullo,Jalisco,El Grullo,Caliente,,,,,,,,,,,,,,,,,,,
48742,El Pedregal,Fraccionamiento,El Grullo,Jalisco,El Grullo,Caliente,,,,,,,,,,,,,,,,,,,
48742,Charco de los Adobes,Colonia,El Grullo,Jalisco,El Grullo,Tibio,,,,,,,,,,,,,,,,,,,
48742,El Cerrito,Colonia,El Grullo,Jalisco,El Grullo,Tibio,,,,,,,,,,,,,,,,,,,
48742,Pocito Santo,Colonia,El Grullo,Jalisco,El Grullo,Tibio,,,,,,,,,,,,,,,,,,,
48742,Mirador del Rosal,Colonia,El Grullo,Jalisco,El Grullo,Caliente,,,,,,,,,,,,,,,,,,,
48743,Jardines de Manantlán,Colonia,El Grullo,Jalisco,El Grullo,Caliente,,,,,,,,,,,,,,,,,,,
48743,Oriente 2da. Sección,Colonia,El Grullo,Jalisco,El Grullo,Tibio,,,,,,,,,,,,,,,,,,,
48743,Oriente 1ra. Sección,Colonia,El Grullo,Jalisco,El Grullo,Tibio,,,,,,,,,,,,,,,,,,,
48743,Del Sur,Colonia,El Grullo,Jalisco,El Grullo,Tibio,,,,,,,,,,,,,,,,,,,
48743,La Quinta,Colonia,El Grullo,Jalisco,El Grullo,Tibio,,,,,,,,,,,,,,,,,,,
48743,Las Flores,Colonia,El Grullo,Jalisco,El Grullo,Tibio,,,,,,,,,,,,,,,,,,,
48743,Teposilama,Colonia,El Grullo,Jalisco,El Grullo,Tibio,,,,,,,,,,,,,,,,,,,
48744,La Noria,Fraccionamiento,El Grullo,Jalisco,El Grullo,Caliente,,,,,,,,,,,,,,,,,,,
48744,Palma Sola,Colonia,El Grullo,Jalisco,El Grullo,Tibio,,,,,,,,,,,,,,,,,,,
48744,Juan Canal,Fraccionamiento,El Grullo,Jalisco,El Grullo,Caliente,,,,,,,,,,,,,,,,,,,
48744,Lomas del Valle,Fraccionamiento,El Grullo,Jalisco,El Grullo,Caliente,,,,,,,,,,,,,,,,,,,
48744,Colomitos,Fraccionamiento,El Grullo,Jalisco,El Grullo,Caliente,,,,,,,,,,,,,,,,,,,
48744,Juaquiniquil,Fraccionamiento,El Grullo,Jalisco,El Grullo,Caliente,,,,,,,,,,,,,,,,,,,
48744,Residencial,Fraccionamiento,El Grullo,Jalisco,El Grullo,Caliente,,,,,,,,,,,,,,,,,,,
48744,Ixtlán,Colonia,El Grullo,Jalisco,El Grullo,Tibio,,,,,,,,,,,,,,,,,,,
48744,Colomos,Fraccionamiento,El Grullo,Jalisco,El Grullo,Caliente,,,,,,,,,,,,,,,,,,,
48744,Laureles,Fraccionamiento,El Grullo,Jalisco,El Grullo,Caliente,,,,,,,,,,,,,,,,,,,
48744,El Álamo,Fraccionamiento,El Grullo,Jalisco,El Grullo,Caliente,,,,,,,,,,,,,,,,,,,
48744,Del Álamo,Colonia,El Grullo,Jalisco,El Grullo,Tibio,,,,,,,,,,,,,,,,,,,
48744,7 de Abril,Colonia,El Grullo,Jalisco,El Grullo,Tibio,,,,,,,,,,,,,,,,,,,
48744,Patria,Colonia,El Grullo,Jalisco,El Grullo,Tibio,,,,,,,,,,,,,,,,,,,
48744,10 de Mayo,Colonia,El Grullo,Jalisco,El Grullo,Tibio,,,,,,,,,,,,,,,,,,,
48744,Santa Cecilia,Colonia,El Grullo,Jalisco,El Grullo,Tibio,,,,,,,,,,,,,,,,,,,
48744,San Pedro,Colonia,El Grullo,Jalisco,El Grullo,Tibio,,,,,,,,,,,,,,,,,,,
48745,El Cacalote,Ranchería,El Grullo,Jalisco,,Frio,,,,,,,,,,,,,,,,,,,
48745,Ayuquila,Colonia,El Grullo,Jalisco,,Frio,,,,,,,,,,,,,,,,,,,
48745,La Laja,Colonia,El Grullo,Jalisco,,Frio,,,,,,,,,,,,,,,,,,,
48747,La Puerta del Barro,Ranchería,El Grullo,Jalisco,,Frio,,,,,,,,,,,,,,,,,,,
48748,Las Pilas,Colonia,El Grullo,Jalisco,,Frio,,,,,,,,,,,,,,,,,,,
48750,Palo Blanco,Colonia,El Grullo,Jalisco,,Frio,,,,,,,,,,,,,,,,,,,
48753,El Aguacate,Colonia,El Grullo,Jalisco,,Frio,,,,,,,,,,,,,,,,,,,
48760,Guadalupana,Colonia,Tonaya,Jalisco,,Frio,,,,,,,,,,,,,,,,,,,
48760,La Aviación,Colonia,Tonaya,Jalisco,,Frio,,,,,,,,,,,,,,,,,,,
48760,La Cofradía,Colonia,Tonaya,Jalisco,,Frio,,,,,,,,,,,,,,,,,,,
48760,San Luis Tenango,Ranchería,Tonaya,Jalisco,,Frio,,,,,,,,,,,,,,,,,,,
48760,Tonaya,Pueblo,Tonaya,Jalisco,,Tibio,,,,,,,,,,,,,,,,,,,
48763,Las Liebres,Ranchería,Tonaya,Jalisco,,Frio,,,,,,,,,,,,,,,,,,,
48763,Los Gonzalez,Congregación,Tonaya,Jalisco,,Frio,,,,,,,,,,,,,,,,,,,
48764,Amacuautitlán,Ranchería,Tonaya,Jalisco,,Frio,,,,,,,,,,,,,,,,,,,
48765,Coatlancillo,Congregación,Tonaya,Jalisco,,Frio,,,,,,,,,,,,,,,,,,,
48766,Las Higueras,Ranchería,Tonaya,Jalisco,,Frio,,,,,,,,,,,,,,,,,,,
48766,El Paso de San Francisco,Ranchería,Tonaya,Jalisco,,Frio,,,,,,,,,,,,,,,,,,,
48767,El Cerrito,Congregación,Tonaya,Jalisco,,Frio,,,,,,,,,,,,,,,,,,,
48768,San Rafael,Ranchería,Tonaya,Jalisco,,Frio,,,,,,,,,,,,,,,,,,,
48768,Los Asmoles,Ranchería,Tonaya,Jalisco,,Frio,,,,,,,,,,,,,,,,,,,
48769,Atarjeas de Covarrubias (San Isidro),Ranchería,Tonaya,Jalisco,,Frio,,,,,,,,,,,,,,,,,,,
48770,Tuxcacuesco,Pueblo,Tuxcacuesco,Jalisco,,Tibio,,,,,,,,,,,,,,,,,,,
48775,Chachahuatlan,Colonia,Tuxcacuesco,Jalisco,,Frio,,,,,,,,,,,,,,,,,,,
48777,El Camichín,Ranchería,Tuxcacuesco,Jalisco,,Frio,,,,,,,,,,,,,,,,,,,
48778,La Cañita,Ranchería,Tuxcacuesco,Jalisco,,Frio,,,,,,,,,,,,,,,,,,,
48778,Zenzontla,Ranchería,Tuxcacuesco,Jalisco,,Frio,,,,,,,,,,,,,,,,,,,
48780,Los González,Colonia,Tuxcacuesco,Jalisco,,Frio,,,,,,,,,,,,,,,,,,,
48785,El Platanar,Ranchería,Tuxcacuesco,Jalisco,,Frio,,,,,,,,,,,,,,,,,,,
48786,San Miguel,Ranchería,Tuxcacuesco,Jalisco,,Frio,,,,,,,,,,,,,,,,,,,
48788,Apulco,Colonia,Tuxcacuesco,Jalisco,,Frio,,,,,,,,,,,,,,,,,,,
48790,El Temascal,Ranchería,Tuxcacuesco,Jalisco,,Frio,,,,,,,,,,,,,,,,,,,
48793,El Carrizal,Ranchería,Tuxcacuesco,Jalisco,,Frio,,,,,,,,,,,,,,,,,,,
48795,Palmar de los Camberos,Ranchería,Tuxcacuesco,Jalisco,,Frio,,,,,,,,,,,,,,,,,,,
48800,Villa Purificación,Pueblo,Villa Purificación,Jalisco,Villa Purificación,Tibio,,,,,,,,,,,,,,,,,,,
48800,2 de Febrero,Colonia,Villa Purificación,Jalisco,Villa Purificación,Tibio,,,,,,,,,,,,,,,,,,,
48800,La Quinta,Colonia,Villa Purificación,Jalisco,Villa Purificación,Tibio,,,,,,,,,,,,,,,,,,,
48802,Benito Juárez,Colonia,Villa Purificación,Jalisco,Villa Purificación,Tibio,,,,,,,,,,,,,,,,,,,
48802,Ejido Purificación,Colonia,Villa Purificación,Jalisco,Villa Purificación,Frio,,,,,,,,,,,,,,,,,,,
48802,Excuchimilco,Colonia,Villa Purificación,Jalisco,Villa Purificación,Frio,,,,,,,,,,,,,,,,,,,
48802,Provincia,Fraccionamiento,Villa Purificación,Jalisco,Villa Purificación,Caliente,,,,,,,,,,,,,,,,,,,
48802,Jardines San Roque,Colonia,Villa Purificación,Jalisco,Villa Purificación,Tibio,,,,,,,,,,,,,,,,,,,
48802,Juan Fernández de Hijar,Colonia,Villa Purificación,Jalisco,Villa Purificación,Tibio,,,,,,,,,,,,,,,,,,,
48802,La Morena,Colonia,Villa Purificación,Jalisco,Villa Purificación,Tibio,,,,,,,,,,,,,,,,,,,
48802,Reforma,Colonia,Villa Purificación,Jalisco,Villa Purificación,Tibio,,,,,,,,,,,,,,,,,,,
48803,Rancho Dos Hermanos,Ranchería,Villa Purificación,Jalisco,,Frio,,,,,,,,,,,,,,,,,,,
48804,El Mangal,Rancho,Villa Purificación,Jalisco,,Frio,,,,,,,,,,,,,,,,,,,
48804,Arroyo Zarco,Ranchería,Villa Purificación,Jalisco,,Frio,,,,,,,,,,,,,,,,,,,
48804,El Conejito,Ranchería,Villa Purificación,Jalisco,,Frio,,,,,,,,,,,,,,,,,,,
48805,Estancia de Amborín,Ranchería,Villa Purificación,Jalisco,,Frio,,,,,,,,,,,,,,,,,,,
48806,El Pantano (San Francisco los Guajolotes),Ranchería,Villa Purificación,Jalisco,,Frio,,,,,,,,,,,,,,,,,,,
48806,Las Vallas,Ranchería,Villa Purificación,Jalisco,,Frio,,,,,,,,,,,,,,,,,,,
48815,Los Achotes,Ranchería,Villa Purificación,Jalisco,,Frio,,,,,,,,,,,,,,,,,,,
48815,San Miguel,Pueblo,Villa Purificación,Jalisco,,Frio,,,,,,,,,,,,,,,,,,,
48815,Villa Vieja (Ex-Hacienda Villa Vieja),Ranchería,Villa Purificación,Jalisco,,Frio,,,,,,,,,,,,,,,,,,,
48815,Paso Real,Ranchería,Villa Purificación,Jalisco,,Frio,,,,,,,,,,,,,,,,,,,
48815,Rancho Nuevo,Ranchería,Villa Purificación,Jalisco,,Frio,,,,,,,,,,,,,,,,,,,
48816,Espinos de Judío,Ranchería,Villa Purificación,Jalisco,,Frio,,,,,,,,,,,,,,,,,,,
48816,Casas Altas,Ranchería,Villa Purificación,Jalisco,,Frio,,,,,,,,,,,,,,,,,,,
48816,El Jengibre,Ranchería,Villa Purificación,Jalisco,,Frio,,,,,,,,,,,,,,,,,,,
48820,Tepeguaje,Ranchería,Villa Purificación,Jalisco,,Frio,,,,,,,,,,,,,,,,,,,
48820,Telpitita,Ranchería,Villa Purificación,Jalisco,,Frio,,,,,,,,,,,,,,,,,,,
48820,El Chino,Ranchería,Villa Purificación,Jalisco,,Frio,,,,,,,,,,,,,,,,,,,
48820,Las Guásimas,Ranchería,Villa Purificación,Jalisco,,Frio,,,,,,,,,,,,,,,,,,,
48820,Los Cimientos,Ranchería,Villa Purificación,Jalisco,,Frio,,,,,,,,,,,,,,,,,,,
48820,Paso del Tene,Ranchería,Villa Purificación,Jalisco,,Frio,,,,,,,,,,,,,,,,,,,
48820,Tene,Ranchería,Villa Purificación,Jalisco,,Frio,,,,,,,,,,,,,,,,,,,
48823,El Divisadero,Ranchería,Villa Purificación,Jalisco,,Frio,,,,,,,,,,,,,,,,,,,
48823,Paso Hondo,Ranchería,Villa Purificación,Jalisco,,Frio,,,,,,,,,,,,,,,,,,,
48824,Llano del Oro,Ranchería,Villa Purificación,Jalisco,,Frio,,,,,,,,,,,,,,,,,,,
48824,Lagunillas,Ranchería,Villa Purificación,Jalisco,,Frio,,,,,,,,,,,,,,,,,,,
48825,Jirosto,Pueblo,Villa Purificación,Jalisco,,Frio,,,,,,,,,,,,,,,,,,,
48825,La Eca,Pueblo,Villa Purificación,Jalisco,,Frio,,,,,,,,,,,,,,,,,,,
48825,La Subida Blanca,Ranchería,Villa Purificación,Jalisco,,Frio,,,,,,,,,,,,,,,,,,,
48825,Los Pozos,Ranchería,Villa Purificación,Jalisco,,Frio,,,,,,,,,,,,,,,,,,,
48826,Espinos de Carreón,Ranchería,Villa Purificación,Jalisco,,Frio,,,,,,,,,,,,,,,,,,,
48826,El Camalote,Ranchería,Villa Purificación,Jalisco,,Frio,,,,,,,,,,,,,,,,,,,
48826,El Manguito,Ranchería,Villa Purificación,Jalisco,,Frio,,,,,,,,,,,,,,,,,,,
48827,Mezcales,Ranchería,Villa Purificación,Jalisco,,Frio,,,,,,,,,,,,,,,,,,,
48827,Carreón,Ranchería,Villa Purificación,Jalisco,,Frio,,,,,,,,,,,,,,,,,,,
48827,El Herradero,Ranchería,Villa Purificación,Jalisco,,Frio,,,,,,,,,,,,,,,,,,,
48830,Pabelo,Ranchería,Villa Purificación,Jalisco,,Frio,,,,,,,,,,,,,,,,,,,
48830,Plaza de Gallos,Ranchería,Villa Purificación,Jalisco,,Frio,,,,,,,,,,,,,,,,,,,
48833,La Atalaya,Pueblo,Villa Purificación,Jalisco,,Frio,,,,,,,,,,,,,,,,,,,
48833,La Nancita,Ranchería,Villa Purificación,Jalisco,,Frio,,,,,,,,,,,,,,,,,,,
48835,El Alcíhuatl,Ranchería,Villa Purificación,Jalisco,,Frio,,,,,,,,,,,,,,,,,,,
48835,La Huerta del Carrizo,Ranchería,Villa Purificación,Jalisco,,Frio,,,,,,,,,,,,,,,,,,,
48836,El Carrizal,Ranchería,Villa Purificación,Jalisco,,Frio,,,,,,,,,,,,,,,,,,,
48836,El Limoncito,Ranchería,Villa Purificación,Jalisco,,Frio,,,,,,,,,,,,,,,,,,,
48836,El Plan de los Plátanos,Ranchería,Villa Purificación,Jalisco,,Frio,,,,,,,,,,,,,,,,,,,
48837,El Caracol,Ranchería,Villa Purificación,Jalisco,,Frio,,,,,,,,,,,,,,,,,,,
48837,El Criadero,Ranchería,Villa Purificación,Jalisco,,Frio,,,,,,,,,,,,,,,,,,,
48837,El Manguito,Ranchería,Villa Purificación,Jalisco,,Frio,,,,,,,,,,,,,,,,,,,
48837,El Platanar,Ranchería,Villa Purificación,Jalisco,,Frio,,,,,,,,,,,,,,,,,,,
48837,El Platanillo,Ranchería,Villa Purificación,Jalisco,,Frio,,,,,,,,,,,,,,,,,,,
48837,Los Aguacates,Ranchería,Villa Purificación,Jalisco,,Frio,,,,,,,,,,,,,,,,,,,
48837,Rancho Lejos,Ranchería,Villa Purificación,Jalisco,,Frio,,,,,,,,,,,,,,,,,,,
48840,Juan Diego,Ranchería,Villa Purificación,Jalisco,,Frio,,,,,,,,,,,,,,,,,,,
48840,Las Guasimitas,Ranchería,Villa Purificación,Jalisco,,Frio,,,,,,,,,,,,,,,,,,,
48840,Los Ciruelos,Ranchería,Villa Purificación,Jalisco,,Frio,,,,,,,,,,,,,,,,,,,
48840,Los Lindos,Ranchería,Villa Purificación,Jalisco,,Frio,,,,,,,,,,,,,,,,,,,
48840,Los Llanitos,Ranchería,Villa Purificación,Jalisco,,Frio,,,,,,,,,,,,,,,,,,,
48840,Paso del Guamúchil,Ranchería,Villa Purificación,Jalisco,,Frio,,,,,,,,,,,,,,,,,,,
48843,El Piñal,Ranchería,Villa Purificación,Jalisco,,Frio,,,,,,,,,,,,,,,,,,,
48843,La Anona,Ranchería,Villa Purificación,Jalisco,,Frio,,,,,,,,,,,,,,,,,,,
48843,Los Ocotitos,Ranchería,Villa Purificación,Jalisco,,Frio,,,,,,,,,,,,,,,,,,,
48844,Agua Fría,Ranchería,Villa Purificación,Jalisco,,Frio,,,,,,,,,,,,,,,,,,,
48844,El Gondo,Ranchería,Villa Purificación,Jalisco,,Frio,,,,,,,,,,,,,,,,,,,
48844,Tezacuale (Carrizalillo),Ranchería,Villa Purificación,Jalisco,,Frio,,,,,,,,,,,,,,,,,,,
48845,Zapotán,Ranchería,Villa Purificación,Jalisco,,Frio,,,,,,,,,,,,,,,,,,,
48845,Huista,Ranchería,Villa Purificación,Jalisco,,Frio,,,,,,,,,,,,,,,,,,,
48845,Jocotlán,Ranchería,Villa Purificación,Jalisco,,Frio,,,,,,,,,,,,,,,,,,,
48845,Llano del Higo,Ranchería,Villa Purificación,Jalisco,,Frio,,,,,,,,,,,,,,,,,,,
48845,La Cañada,Ranchería,Villa Purificación,Jalisco,,Frio,,,,,,,,,,,,,,,,,,,
48845,La Cofradía,Ranchería,Villa Purificación,Jalisco,,Frio,,,,,,,,,,,,,,,,,,,
48845,Rancho Nuevo (Los Tecomates),Ranchería,Villa Purificación,Jalisco,,Frio,,,,,,,,,,,,,,,,,,,
48847,Chantecuán,Ranchería,Villa Purificación,Jalisco,,Frio,,,,,,,,,,,,,,,,,,,
48847,El Carrizal,Ranchería,Villa Purificación,Jalisco,,Frio,,,,,,,,,,,,,,,,,,,
48847,Las Nancitas,Ranchería,Villa Purificación,Jalisco,,Frio,,,,,,,,,,,,,,,,,,,
48850,El Refugio,Colonia,La Huerta,Jalisco,,Frio,,,,,,,,,,,,,,,,,,,
48850,Cardenista,Colonia,La Huerta,Jalisco,,Frio,,,,,,,,,,,,,,,,,,,
48850,La Huerta,Pueblo,La Huerta,Jalisco,,Tibio,,,,,,,,,,,,,,,,,,,
48850,El Maguey,Colonia,La Huerta,Jalisco,,Frio,,,,,,,,,,,,,,,,,,,
48850,Plan de Ayala,Colonia,La Huerta,Jalisco,,Frio,,,,,,,,,,,,,,,,,,,
48860,Cofradía,Ranchería,La Huerta,Jalisco,,Frio,,,,,,,,,,,,,,,,,,,
48860,El Higueral,Ranchería,La Huerta,Jalisco,,Frio,,,,,,,,,,,,,,,,,,,
48862,Las Pilas,Colonia,La Huerta,Jalisco,,Frio,,,,,,,,,,,,,,,,,,,
48862,Mazatán,Colonia,La Huerta,Jalisco,,Frio,,,,,,,,,,,,,,,,,,,
48865,Nacastillo,Ranchería,La Huerta,Jalisco,,Frio,,,,,,,,,,,,,,,,,,,
48867,Platanitos (La Limonosa),Rancho,La Huerta,Jalisco,,Frio,,,,,,,,,,,,,,,,,,,
48868,El Playón,Rancho,La Huerta,Jalisco,,Frio,,,,,,,,,,,,,,,,,,,
48869,Pérula,Pueblo,La Huerta,Jalisco,,Tibio,,,,,,,,,,,,,,,,,,,
48869,Juan Gil Preciado,Ranchería,La Huerta,Jalisco,,Frio,,,,,,,,,,,,,,,,,,,
48869,Chamela,Ranchería,La Huerta,Jalisco,,Tibio,,,,,,,,,,,,,,,,,,,
48869,La Fortuna,Ejido,La Huerta,Jalisco,,Frio,,,,,,,,,,,,,,,,,,,
48869,San Mateo,Ranchería,La Huerta,Jalisco,,Frio,,,,,,,,,,,,,,,,,,,
48870,La Conchita,Colonia,La Huerta,Jalisco,,Frio,,,,,,,,,,,,,,,,,,,
48870,La Concepción,Pueblo,La Huerta,Jalisco,,Tibio,,,,,,,,,,,,,,,,,,,
48872,Cuatro Vientos,Colonia,La Huerta,Jalisco,,Frio,,,,,,,,,,,,,,,,,,,
48872,Plazola,Pueblo,La Huerta,Jalisco,,Frio,,,,,,,,,,,,,,,,,,,
48872,El Totole,Pueblo,La Huerta,Jalisco,,Frio,,,,,,,,,,,,,,,,,,,
48878,Francisco Villa,Pueblo,La Huerta,Jalisco,,Frio,,,,,,,,,,,,,,,,,,,
48880,El Rincón,Ejido,La Huerta,Jalisco,,Frio,,,,,,,,,,,,,,,,,,,
48889,Tecuastitan,Ranchería,La Huerta,Jalisco,,Frio,,,,,,,,,,,,,,,,,,,
48890,Agua Caliente Nueva,Pueblo,La Huerta,Jalisco,,Frio,,,,,,,,,,,,,,,,,,,
48890,Apazulco (Miguel Hidalgo Viejo),Pueblo,La Huerta,Jalisco,,Frio,,,,,,,,,,,,,,,,,,,
48890,Nuevo Miguel Hidalgo,Pueblo,La Huerta,Jalisco,,Frio,,,,,,,,,,,,,,,,,,,
48892,Emiliano Zapata,Ejido,La Huerta,Jalisco,,Frio,,,,,,,,,,,,,,,,,,,
48892,Cuitzmala,Rancho,La Huerta,Jalisco,,Frio,,,,,,,,,,,,,,,,,,,
48892,Careyes,Pueblo,La Huerta,Jalisco,,Tibio,,,,,,,,,,,,,,,,,,,
48893,Agua Caliente Vieja de Apazulco,Colonia,La Huerta,Jalisco,,Frio,,,,,,,,,,,,,,,,,,,
48893,El Rebalsito de Apazulco,Pueblo,La Huerta,Jalisco,,Frio,,,,,,,,,,,,,,,,,,,
48896,Arroyo Seco,Pueblo,La Huerta,Jalisco,,Frio,,,,,,,,,,,,,,,,,,,
48898,La Manzanilla,Colonia,La Huerta,Jalisco,,Tibio,,,,,,,,,,,,,,,,,,,
48900,Autlán de Navarro Centro,Colonia,Autlán de Navarro,Jalisco,Autlán de Navarro,Tibio,,,,,,,,,,,,,,,,,,,
48900,Guadalupe,Colonia,Autlán de Navarro,Jalisco,Autlán de Navarro,Tibio,,,,,,,,,,,,,,,,,,,
48902,Lomas de Autlán,Fraccionamiento,Autlán de Navarro,Jalisco,Autlán de Navarro,Caliente,,,,,,,,,,,,,,,,,,,
48902,Villas de San Francisco,Fraccionamiento,Autlán de Navarro,Jalisco,Autlán de Navarro,Caliente,,,,,,,,,,,,,,,,,,,
48902,Rincón Residencial,Condominio,Autlán de Navarro,Jalisco,Autlán de Navarro,Caliente,,,,,,,,,,,,,,,,,,,
48902,Hacienda Real,Fraccionamiento,Autlán de Navarro,Jalisco,Autlán de Navarro,Caliente,,,,,,,,,,,,,,,,,,,
48902,Hacienda de Oriente,Fraccionamiento,Autlán de Navarro,Jalisco,Autlán de Navarro,Caliente,,,,,,,,,,,,,,,,,,,
48902,Hacienda Manantlan,Fraccionamiento,Autlán de Navarro,Jalisco,Autlán de Navarro,Caliente,,,,,,,,,,,,,,,,,,,
48902,Jardín Residencial Autlán,Fraccionamiento,Autlán de Navarro,Jalisco,Autlán de Navarro,Caliente,,,,,,,,,,,,,,,,,,,
48902,Paseos Universidad,Fraccionamiento,Autlán de Navarro,Jalisco,Autlán de Navarro,Caliente,,,,,,,,,,,,,,,,,,,
48902,La Calma,Colonia,Autlán de Navarro,Jalisco,Autlán de Navarro,Tibio,,,,,,,,,,,,,,,,,,,
48902,Jardines Universidad,Fraccionamiento,Autlán de Navarro,Jalisco,Autlán de Navarro,Caliente,,,,,,,,,,,,,,,,,,,
48902,Villas Taurinas,Fraccionamiento,Autlán de Navarro,Jalisco,Autlán de Navarro,Caliente,,,,,,,,,,,,,,,,,,,
48902,Privada Bachilleres,Fraccionamiento,Autlán de Navarro,Jalisco,Autlán de Navarro,Caliente,,,,,,,,,,,,,,,,,,,
48902,Carnaval,Fraccionamiento,Autlán de Navarro,Jalisco,Autlán de Navarro,Caliente,,,,,,,,,,,,,,,,,,,
48902,Residencial Providencia,Fraccionamiento,Autlán de Navarro,Jalisco,Autlán de Navarro,Caliente,,,,,,,,,,,,,,,,,,,
48902,Azucarera,Colonia,Autlán de Navarro,Jalisco,Autlán de Navarro,Tibio,,,,,,,,,,,,,,,,,,,
48902,Rodríguez Alcaine,Colonia,Autlán de Navarro,Jalisco,Autlán de Navarro,Tibio,,,,,,,,,,,,,,,,,,,
48902,La Noria INFONAVIT,Colonia,Autlán de Navarro,Jalisco,Autlán de Navarro,Tibio,,,,,,,,,,,,,,,,,,,
48902,Rinconada el Cangrejo,Colonia,Autlán de Navarro,Jalisco,Autlán de Navarro,Tibio,,,,,,,,,,,,,,,,,,,
48902,Puerta de la Costa,Colonia,Autlán de Navarro,Jalisco,Autlán de Navarro,Tibio,,,,,,,,,,,,,,,,,,,
48902,Jardines del Sol,Colonia,Autlán de Navarro,Jalisco,Autlán de Navarro,Tibio,,,,,,,,,,,,,,,,,,,
48902,Magisterial,Fraccionamiento,Autlán de Navarro,Jalisco,Autlán de Navarro,Caliente,,,,,,,,,,,,,,,,,,,
48902,Jardines Autlán,Colonia,Autlán de Navarro,Jalisco,Autlán de Navarro,Tibio,,,,,,,,,,,,,,,,,,,
48902,Colonos Alameda,Colonia,Autlán de Navarro,Jalisco,Autlán de Navarro,Tibio,,,,,,,,,,,,,,,,,,,
48902,Las Américas,Colonia,Autlán de Navarro,Jalisco,Autlán de Navarro,Tibio,,,,,,,,,,,,,,,,,,,
48902,Paulino Navarro,Colonia,Autlán de Navarro,Jalisco,Autlán de Navarro,Tibio,,,,,,,,,,,,,,,,,,,
48902,La Herradura,Colonia,Autlán de Navarro,Jalisco,Autlán de Navarro,Tibio,,,,,,,,,,,,,,,,,,,
48902,Las Parotitas,Colonia,Autlán de Navarro,Jalisco,Autlán de Navarro,Tibio,,,,,,,,,,,,,,,,,,,
48902,Bugambilias,Colonia,Autlán de Navarro,Jalisco,Autlán de Navarro,Tibio,,,,,,,,,,,,,,,,,,,
48903,Cerro Colorado,Colonia,Autlán de Navarro,Jalisco,Autlán de Navarro,Tibio,,,,,,,,,,,,,,,,,,,
48903,Suave Patria,Fraccionamiento,Autlán de Navarro,Jalisco,Autlán de Navarro,Caliente,,,,,,,,,,,,,,,,,,,
48903,Valle del Vergel,Fraccionamiento,Autlán de Navarro,Jalisco,Autlán de Navarro,Caliente,,,,,,,,,,,,,,,,,,,
48903,Las Orquideas,Fraccionamiento,Autlán de Navarro,Jalisco,Autlán de Navarro,Caliente,,,,,,,,,,,,,,,,,,,
48903,Presidencial,Fraccionamiento,Autlán de Navarro,Jalisco,Autlán de Navarro,Caliente,,,,,,,,,,,,,,,,,,,
48903,Valle de los Leones,Fraccionamiento,Autlán de Navarro,Jalisco,Autlán de Navarro,Caliente,,,,,,,,,,,,,,,,,,,
48903,Loma Dorada,Fraccionamiento,Autlán de Navarro,Jalisco,Autlán de Navarro,Caliente,,,,,,,,,,,,,,,,,,,
48903,Loma Bonita,Fraccionamiento,Autlán de Navarro,Jalisco,Autlán de Navarro,Caliente,,,,,,,,,,,,,,,,,,,
48903,Ojuelos las Villas,Colonia,Autlán de Navarro,Jalisco,Autlán de Navarro,Tibio,,,,,,,,,,,,,,,,,,,
48903,Adolfo López Mateos,Colonia,Autlán de Navarro,Jalisco,Autlán de Navarro,Tibio,,,,,,,,,,,,,,,,,,,
48903,Puesta del Sol,Fraccionamiento,Autlán de Navarro,Jalisco,Autlán de Navarro,Caliente,,,,,,,,,,,,,,,,,,,
48903,Las Flores,Colonia,Autlán de Navarro,Jalisco,Autlán de Navarro,Tibio,,,,,,,,,,,,,,,,,,,
48903,Villa de San Javier,Fraccionamiento,Autlán de Navarro,Jalisco,Autlán de Navarro,Caliente,,,,,,,,,,,,,,,,,,,
48903,Coajinque,Colonia,Autlán de Navarro,Jalisco,Autlán de Navarro,Tibio,,,,,,,,,,,,,,,,,,,
48903,Echeverría,Colonia,Autlán de Navarro,Jalisco,Autlán de Navarro,Tibio,,,,,,,,,,,,,,,,,,,
48903,Camichines,Colonia,Autlán de Navarro,Jalisco,Autlán de Navarro,Tibio,,,,,,,,,,,,,,,,,,,
48903,Ejidal,Colonia,Autlán de Navarro,Jalisco,Autlán de Navarro,Tibio,,,,,,,,,,,,,,,,,,,
48903,Valle la Grana,Colonia,Autlán de Navarro,Jalisco,Autlán de Navarro,Tibio,,,,,,,,,,,,,,,,,,,
48903,Colinas del Sur,Colonia,Autlán de Navarro,Jalisco,Autlán de Navarro,Tibio,,,,,,,,,,,,,,,,,,,
48903,Los Naranjos,Fraccionamiento,Autlán de Navarro,Jalisco,Autlán de Navarro,Caliente,,,,,,,,,,,,,,,,,,,
48903,Loma del Aire,Colonia,Autlán de Navarro,Jalisco,Autlán de Navarro,Tibio,,,,,,,,,,,,,,,,,,,
48903,El Paraíso,Fraccionamiento,Autlán de Navarro,Jalisco,Autlán de Navarro,Caliente,,,,,,,,,,,,,,,,,,,
48904,Villas de Capaya,Fraccionamiento,Autlán de Navarro,Jalisco,Autlán de Navarro,Caliente,,,,,,,,,,,,,,,,,,,
48904,Lomas de San José,Fraccionamiento,Autlán de Navarro,Jalisco,Autlán de Navarro,Caliente,,,,,,,,,,,,,,,,,,,
48904,Santa Rita,Fraccionamiento,Autlán de Navarro,Jalisco,Autlán de Navarro,Caliente,,,,,,,,,,,,,,,,,,,
48904,Valle Real,Fraccionamiento,Autlán de Navarro,Jalisco,Autlán de Navarro,Caliente,,,,,,,,,,,,,,,,,,,
48904,Privada Valle de las Azucenas,Fraccionamiento,Autlán de Navarro,Jalisco,Autlán de Navarro,Caliente,,,,,,,,,,,,,,,,,,,
48904,Residencial El Cajete,Fraccionamiento,Autlán de Navarro,Jalisco,Autlán de Navarro,Caliente,,,,,,,,,,,,,,,,,,,
48904,San José,Fraccionamiento,Autlán de Navarro,Jalisco,Autlán de Navarro,Caliente,,,,,,,,,,,,,,,,,,,
48904,Lomas del Pedregal,Fraccionamiento,Autlán de Navarro,Jalisco,Autlán de Navarro,Caliente,,,,,,,,,,,,,,,,,,,
48904,Acueducto Capaya,Fraccionamiento,Autlán de Navarro,Jalisco,Autlán de Navarro,Caliente,,,,,,,,,,,,,,,,,,,
48904,Castellón,Fraccionamiento,Autlán de Navarro,Jalisco,Autlán de Navarro,Caliente,,,,,,,,,,,,,,,,,,,
48904,La Rosa,Fraccionamiento,Autlán de Navarro,Jalisco,Autlán de Navarro,Caliente,,,,,,,,,,,,,,,,,,,
48904,Cardenista,Fraccionamiento,Autlán de Navarro,Jalisco,Autlán de Navarro,Caliente,,,,,,,,,,,,,,,,,,,
48904,El Tecolote,Barrio,Autlán de Navarro,Jalisco,Autlán de Navarro,Tibio,,,,,,,,,,,,,,,,,,,
48904,Villas de Autlán,Colonia,Autlán de Navarro,Jalisco,Autlán de Navarro,Caliente,,,,,,,,,,,,,,,,,,,
48904,Francisco Silva Romero,Fraccionamiento,Autlán de Navarro,Jalisco,Autlán de Navarro,Caliente,,,,,,,,,,,,,,,,,,,
48904,Huizilacate,Fraccionamiento,Autlán de Navarro,Jalisco,Autlán de Navarro,Caliente,,,,,,,,,,,,,,,,,,,
48904,Pintores,Fraccionamiento,Autlán de Navarro,Jalisco,Autlán de Navarro,Caliente,,,,,,,,,,,,,,,,,,,
48904,Los Arquitos,Barrio,Autlán de Navarro,Jalisco,Autlán de Navarro,Tibio,,,,,,,,,,,,,,,,,,,
48904,Los Arquitos,Fraccionamiento,Autlán de Navarro,Jalisco,Autlán de Navarro,Caliente,,,,,,,,,,,,,,,,,,,
48904,La Paloma,Colonia,Autlán de Navarro,Jalisco,Autlán de Navarro,Tibio,,,,,,,,,,,,,,,,,,,
48904,La Garita,Fraccionamiento,Autlán de Navarro,Jalisco,Autlán de Navarro,Caliente,,,,,,,,,,,,,,,,,,,
48904,La Quebradilla,Barrio,Autlán de Navarro,Jalisco,Autlán de Navarro,Tibio,,,,,,,,,,,,,,,,,,,
48904,El Cerrito,Barrio,Autlán de Navarro,Jalisco,Autlán de Navarro,Tibio,,,,,,,,,,,,,,,,,,,
48904,Bancaria,Colonia,Autlán de Navarro,Jalisco,Autlán de Navarro,Tibio,,,,,,,,,,,,,,,,,,,
48904,5 de Mayo,Colonia,Autlán de Navarro,Jalisco,Autlán de Navarro,Tibio,,,,,,,,,,,,,,,,,,,
48904,Las Lanzas,Colonia,Autlán de Navarro,Jalisco,Autlán de Navarro,Tibio,,,,,,,,,,,,,,,,,,,
48904,Arboledas,Fraccionamiento,Autlán de Navarro,Jalisco,Autlán de Navarro,Caliente,,,,,,,,,,,,,,,,,,,
48904,La Grana,Colonia,Autlán de Navarro,Jalisco,Autlán de Navarro,Tibio,,,,,,,,,,,,,,,,,,,
48904,Jaime Llamas,Fraccionamiento,Autlán de Navarro,Jalisco,Autlán de Navarro,Caliente,,,,,,,,,,,,,,,,,,,
48904,Primavera,Fraccionamiento,Autlán de Navarro,Jalisco,Autlán de Navarro,Caliente,,,,,,,,,,,,,,,,,,,
48904,Brisas del Oeste,Colonia,Autlán de Navarro,Jalisco,Autlán de Navarro,Tibio,,,,,,,,,,,,,,,,,,,
48904,IPROVIPE las Ceibas,Colonia,Autlán de Navarro,Jalisco,Autlán de Navarro,Tibio,,,,,,,,,,,,,,,,,,,
48904,Obrera,Colonia,Autlán de Navarro,Jalisco,Autlán de Navarro,Tibio,,,,,,,,,,,,,,,,,,,
48904,Las Montañas,Colonia,Autlán de Navarro,Jalisco,Autlán de Navarro,Tibio,,,,,,,,,,,,,,,,,,,
48905,Chiquihuitlán,Colonia,Autlán de Navarro,Jalisco,,Frio,,,,,,,,,,,,,,,,,,,
48906,Ayutita,Colonia,Autlán de Navarro,Jalisco,,Frio,,,,,,,,,,,,,,,,,,,
48907,Mezquitán (San Francisco de Abajo),Pueblo,Autlán de Navarro,Jalisco,,Frio,,,,,,,,,,,,,,,,,,,
48907,San Francisco de Arriba,Ranchería,Autlán de Navarro,Jalisco,,Frio,,,,,,,,,,,,,,,,,,,
48908,El Jalocote,Ranchería,Autlán de Navarro,Jalisco,,Frio,,,,,,,,,,,,,,,,,,,
48909,Agua Hedionda,Ranchería,Autlán de Navarro,Jalisco,,Frio,,,,,,,,,,,,,,,,,,,
48910,Bellavista (El Castillo),Ranchería,Autlán de Navarro,Jalisco,,Frio,,,,,,,,,,,,,,,,,,,
48910,El Rodeo,Ranchería,Autlán de Navarro,Jalisco,,Frio,,,,,,,,,,,,,,,,,,,
48910,Lagunillas,Colonia,Autlán de Navarro,Jalisco,,Frio,,,,,,,,,,,,,,,,,,,
48914,Chacaltepec,Ranchería,Autlán de Navarro,Jalisco,,Frio,,,,,,,,,,,,,,,,,,,
48914,El Corcovado,Colonia,Autlán de Navarro,Jalisco,,Frio,,,,,,,,,,,,,,,,,,,
48915,El Chacalito,Ranchería,Autlán de Navarro,Jalisco,,Frio,,,,,,,,,,,,,,,,,,,
48915,La Noria,Colonia,Autlán de Navarro,Jalisco,,Frio,,,,,,,,,,,,,,,,,,,
48916,La Aldaba,Colonia,Autlán de Navarro,Jalisco,,Frio,,,,,,,,,,,,,,,,,,,
48916,Las Paredes,Colonia,Autlán de Navarro,Jalisco,,Frio,,,,,,,,,,,,,,,,,,,
48917,El Mentidero,Colonia,Autlán de Navarro,Jalisco,,Frio,,,,,,,,,,,,,,,,,,,
48918,El Chante,Pueblo,Autlán de Navarro,Jalisco,,Frio,,,,,,,,,,,,,,,,,,,
48918,La Sidrita,Ranchería,Autlán de Navarro,Jalisco,,Frio,,,,,,,,,,,,,,,,,,,
48919,Rincón de Luisa,Colonia,Autlán de Navarro,Jalisco,,Frio,,,,,,,,,,,,,,,,,,,
48920,Ahuacapan,Colonia,Autlán de Navarro,Jalisco,,Frio,,,,,,,,,,,,,,,,,,,
48922,Tecomatlan,Colonia,Autlán de Navarro,Jalisco,,Frio,,,,,,,,,,,,,,,,,,,
48923,Yerbabuena,Ranchería,Autlán de Navarro,Jalisco,,Frio,,,,,,,,,,,,,,,,,,,
48926,Tecopatlan,Ranchería,Autlán de Navarro,Jalisco,,Frio,,,,,,,,,,,,,,,,,,,
48930,Casimiro Castillo Centro,Colonia,Casimiro Castillo,Jalisco,La Resolana,Tibio,,,,,,,,,,,,,,,,,,,
48930,José María Preciado,Colonia,Casimiro Castillo,Jalisco,La Resolana,Tibio,,,,,,,,,,,,,,,,,,,
48930,Las Salias (El Barrito),Colonia,Casimiro Castillo,Jalisco,,Frio,,,,,,,,,,,,,,,,,,,
48930,Tacubaya,Colonia,Casimiro Castillo,Jalisco,,Frio,,,,,,,,,,,,,,,,,,,
48938,Jardín de San Esteban,Colonia,Casimiro Castillo,Jalisco,La Resolana,Tibio,,,,,,,,,,,,,,,,,,,
48938,Camino Real,Colonia,Casimiro Castillo,Jalisco,La Resolana,Tibio,,,,,,,,,,,,,,,,,,,
48939,José Ma. Martínez,Colonia,Casimiro Castillo,Jalisco,La Resolana,Tibio,,,,,,,,,,,,,,,,,,,
48939,Juan Gil Preciado,Colonia,Casimiro Castillo,Jalisco,La Resolana,Tibio,,,,,,,,,,,,,,,,,,,
48940,Lo Arado,Pueblo,Casimiro Castillo,Jalisco,,Frio,,,,,,,,,,,,,,,,,,,
48940,El Establo,Ranchería,Casimiro Castillo,Jalisco,,Frio,,,,,,,,,,,,,,,,,,,
48942,El Mirador,Ranchería,Casimiro Castillo,Jalisco,,Frio,,,,,,,,,,,,,,,,,,,
48942,Nuevo Centro de Población Benito Juárez,Ranchería,Casimiro Castillo,Jalisco,,Frio,,,,,,,,,,,,,,,,,,,
48942,Nuevo Centro de Población las Ramas,Colonia,Casimiro Castillo,Jalisco,,Tibio,,,,,,,,,,,,,,,,,,,
48942,Nuevo Ejido Corral de Piedra,Colonia,Casimiro Castillo,Jalisco,,Frio,,,,,,,,,,,,,,,,,,,
48943,El Zapotillo,Ejido,Casimiro Castillo,Jalisco,,Frio,,,,,,,,,,,,,,,,,,,
48943,Colonia Lindavista,Ranchería,Casimiro Castillo,Jalisco,,Frio,,,,,,,,,,,,,,,,,,,
48943,Lares Verduzco (Marmolares),Ranchería,Casimiro Castillo,Jalisco,,Frio,,,,,,,,,,,,,,,,,,,
48944,La Clavellina,Ranchería,Casimiro Castillo,Jalisco,,Frio,,,,,,,,,,,,,,,,,,,
48944,Las Nueces,Ranchería,Casimiro Castillo,Jalisco,,Frio,,,,,,,,,,,,,,,,,,,
48944,Puerto los Mazos,Ranchería,Casimiro Castillo,Jalisco,,Frio,,,,,,,,,,,,,,,,,,,
48945,La Huertita,Ranchería,Casimiro Castillo,Jalisco,,Frio,,,,,,,,,,,,,,,,,,,
48946,Los Tecomates,Ranchería,Casimiro Castillo,Jalisco,,Frio,,,,,,,,,,,,,,,,,,,
48946,Piedra Pesada,Ranchería,Casimiro Castillo,Jalisco,,Frio,,,,,,,,,,,,,,,,,,,
48946,Ejido Modelo,Ranchería,Casimiro Castillo,Jalisco,,Frio,,,,,,,,,,,,,,,,,,,
48946,El Bayuelo (Los Contreras),Ranchería,Casimiro Castillo,Jalisco,,Frio,,,,,,,,,,,,,,,,,,,
48946,Majoma,Ranchería,Casimiro Castillo,Jalisco,,Frio,,,,,,,,,,,,,,,,,,,
48947,Coyamel (El Coyame),Ranchería,Casimiro Castillo,Jalisco,,Frio,,,,,,,,,,,,,,,,,,,
48947,Las Abejas,Ranchería,Casimiro Castillo,Jalisco,,Frio,,,,,,,,,,,,,,,,,,,
48948,El Chico,Ranchería,Casimiro Castillo,Jalisco,,Frio,,,,,,,,,,,,,,,,,,,
48948,Francisco I. Madero (El Naranjal),Ranchería,Casimiro Castillo,Jalisco,,Frio,,,,,,,,,,,,,,,,,,,
48950,Cuautitlán de García Barragán,Pueblo,Cuautitlán de García Barragán,Jalisco,,Tibio,,,,,,,,,,,,,,,,,,,
48953,Casa Blanca (Revolución Mexicana),Ranchería,Cuautitlán de García Barragán,Jalisco,,Frio,,,,,,,,,,,,,,,,,,,
48954,Cuzalapa,Colonia,Cuautitlán de García Barragán,Jalisco,,Tibio,,,,,,,,,,,,,,,,,,,
48955,El Durazno,Ranchería,Cuautitlán de García Barragán,Jalisco,,Frio,,,,,,,,,,,,,,,,,,,
48955,La Pareja,Colonia,Cuautitlán de García Barragán,Jalisco,,Tibio,,,,,,,,,,,,,,,,,,,
48959,Charco Azul,Ranchería,Cuautitlán de García Barragán,Jalisco,,Frio,,,,,,,,,,,,,,,,,,,
48959,La Nance,Ranchería,Cuautitlán de García Barragán,Jalisco,,Frio,,,,,,,,,,,,,,,,,,,
48960,Manantlan,Ranchería,Cuautitlán de García Barragán,Jalisco,,Frio,,,,,,,,,,,,,,,,,,,
48962,Ocote Arco (Rincón de Ayotitlán),Ranchería,Cuautitlán de García Barragán,Jalisco,,Frio,,,,,,,,,,,,,,,,,,,
48962,El Reparo,Ranchería,Cuautitlán de García Barragán,Jalisco,,Frio,,,,,,,,,,,,,,,,,,,
48962,Ayotitlán,Pueblo,Cuautitlán de García Barragán,Jalisco,,Tibio,,,,,,,,,,,,,,,,,,,
48962,La Guaca,Ranchería,Cuautitlán de García Barragán,Jalisco,,Frio,,,,,,,,,,,,,,,,,,,
48963,La Zorra,Rancho,Cuautitlán de García Barragán,Jalisco,,Frio,,,,,,,,,,,,,,,,,,,
48963,Pedregal,Ranchería,Cuautitlán de García Barragán,Jalisco,,Frio,,,,,,,,,,,,,,,,,,,
48963,Telcruz,Colonia,Cuautitlán de García Barragán,Jalisco,,Tibio,,,,,,,,,,,,,,,,,,,
48964,Lagunillas de Macoaca,Pueblo,Cuautitlán de García Barragán,Jalisco,,Tibio,,,,,,,,,,,,,,,,,,,
48965,El Refugio (El Tepehuaje),Colonia,Cuautitlán de García Barragán,Jalisco,,Tibio,,,,,,,,,,,,,,,,,,,
48965,Los Espinos,Colonia,Cuautitlán de García Barragán,Jalisco,,Tibio,,,,,,,,,,,,,,,,,,,
48965,Tequesquitlán,Pueblo,Cuautitlán de García Barragán,Jalisco,,Tibio,,,,,,,,,,,,,,,,,,,
48966,Santa Rosa,Ranchería,Cuautitlán de García Barragán,Jalisco,,Frio,,,,,,,,,,,,,,,,,,,
48967,Chacala,Colonia,Cuautitlán de García Barragán,Jalisco,,Tibio,,,,,,,,,,,,,,,,,,,
48967,El Chico,Colonia,Cuautitlán de García Barragán,Jalisco,,Tibio,,,,,,,,,,,,,,,,,,,
48967,Sehuaya,Ranchería,Cuautitlán de García Barragán,Jalisco,,Frio,,,,,,,,,,,,,,,,,,,
48970,Cihuatlán Centro,Colonia,Cihuatlán,Jalisco,Cihuatlán,Caliente,,,,,,,,,,,,,,,,,,,
48970,El Brasil,Colonia,Cihuatlán,Jalisco,Cihuatlán,Caliente,,,,,,,,,,,,,,,,,,,
48972,El Barrito,Colonia,Cihuatlán,Jalisco,Cihuatlán,Caliente,,,,,,,,,,,,,,,,,,,
48972,Lomas del Paraíso,Colonia,Cihuatlán,Jalisco,Cihuatlán,Caliente,,,,,,,,,,,,,,,,,,,
48972,Miguel Hidalgo,Colonia,Cihuatlán,Jalisco,Cihuatlán,Caliente,,,,,,,,,,,,,,,,,,,
48972,Educadores de México,Colonia,Cihuatlán,Jalisco,Cihuatlán,Caliente,,,,,,,,,,,,,,,,,,,
48972,Costalegre,Colonia,Cihuatlán,Jalisco,Cihuatlán,Caliente,,,,,,,,,,,,,,,,,,,
48973,Peñitas y Truchas,Colonia,Cihuatlán,Jalisco,Cihuatlán,Caliente,,,,,,,,,,,,,,,,,,,
48973,El Bonete,Rancho,Cihuatlán,Jalisco,Cihuatlán,Tibio,,,,,,,,,,,,,,,,,,,
48974,Santa Cecilia,Colonia,Cihuatlán,Jalisco,Cihuatlán,Caliente,,,,,,,,,,,,,,,,,,,
48974,Miravalle,Colonia,Cihuatlán,Jalisco,Cihuatlán,Caliente,,,,,,,,,,,,,,,,,,,
48974,Brisas de Cihuatlán,Colonia,Cihuatlán,Jalisco,Cihuatlán,Caliente,,,,,,,,,,,,,,,,,,,
48974,Loma Bonita,Colonia,Cihuatlán,Jalisco,Cihuatlán,Caliente,,,,,,,,,,,,,,,,,,,
48974,Casimiro Castillo,Colonia,Cihuatlán,Jalisco,Cihuatlán,Caliente,,,,,,,,,,,,,,,,,,,
48974,Nuevo,Barrio,Cihuatlán,Jalisco,Cihuatlán,Caliente,,,,,,,,,,,,,,,,,,,
48974,Miraflores,Colonia,Cihuatlán,Jalisco,Cihuatlán,Caliente,,,,,,,,,,,,,,,,,,,
48980,Villa Obregón,Colonia,Cihuatlán,Jalisco,,Tibio,,,,,,,,,,,,,,,,,,,
48980,San Agustín,Colonia,Cihuatlán,Jalisco,,Tibio,,,,,,,,,,,,,,,,,,,
48980,Melaque,Colonia,Cihuatlán,Jalisco,,Caliente,,,,,,,,,,,,,,,,,,,
48980,Cuastecomate,Colonia,Cihuatlán,Jalisco,,Caliente,,,,,,,,,,,,,,,,,,,
48980,San Patricio,Colonia,Cihuatlán,Jalisco,,Caliente,,,,,,,,,,,,,,,,,,,
48980,Santa Cecilia,Colonia,Cihuatlán,Jalisco,,Caliente,,,,,,,,,,,,,,,,,,,
48983,La Paz,Ranchería,Cihuatlán,Jalisco,,Frio,,,,,,,,,,,,,,,,,,,
48983,Emiliano Zapata (El Ranchito),Colonia,Cihuatlán,Jalisco,,Tibio,,,,,,,,,,,,,,,,,,,
48985,Piñal Villa,Colonia,Cihuatlán,Jalisco,,Tibio,,,,,,,,,,,,,,,,,,,
48985,San Ignacio de Loyola,Colonia,Cihuatlán,Jalisco,,Tibio,,,,,,,,,,,,,,,,,,,
48985,Jaluco,Pueblo,Cihuatlán,Jalisco,,Tibio,,,,,,,,,,,,,,,,,,,
48986,El Barrito,Colonia,Cihuatlán,Jalisco,,Tibio,,,,,,,,,,,,,,,,,,,
48987,Santa Fe,Colonia,Cihuatlán,Jalisco,,Tibio,,,,,,,,,,,,,,,,,,,
48987,Barra de Navidad,Pueblo,Cihuatlán,Jalisco,,Caliente,,,,,,,,,,,,,,,,,,,
48988,Los Ingenios,Colonia,Cihuatlán,Jalisco,,Tibio,,,,,,,,,,,,,,,,,,,
48989,Lázaro Cárdenas,Colonia,Cihuatlán,Jalisco,,Tibio,,,,,,,,,,,,,,,,,,,
48990,El Aguacate,Colonia,Cihuatlán,Jalisco,,Tibio,,,,,,,,,,,,,,,,,,,
48990,Brisas de la Navidad (El Gallo Colorado),Colonia,Cihuatlán,Jalisco,,Tibio,,,,,,,,,,,,,,,,,,,
48995,El Rebalse,Ranchería,Cihuatlán,Jalisco,,Frio,,,,,,,,,,,,,,,,,,,
49000,Valle Residencial,Fraccionamiento,Zapotlán el Grande,Jalisco,Ciudad Guzmán,Caliente,,,,,,,,,,,,,,,,,,,
49000,Ciudad Guzmán Centro,Colonia,Zapotlán el Grande,Jalisco,Ciudad Guzmán,Caliente,,,,,,,,,,,,,,,,,,,
49000,Rinconada Hidalgo,Colonia,Zapotlán el Grande,Jalisco,Ciudad Guzmán,Caliente,,,,,,,,,,,,,,,,,,,
49000,Conjunto Guadalupe,Colonia,Zapotlán el Grande,Jalisco,Ciudad Guzmán,Caliente,,,,,,,,,,,,,,,,,,,
49010,Mansiones Del Real,Colonia,Zapotlán el Grande,Jalisco,Ciudad Guzmán,Caliente,,,,,,,,,,,,,,,,,,,
49011,Esquipulas,Colonia,Zapotlán el Grande,Jalisco,Ciudad Guzmán,Caliente,,,,,,,,,,,,,,,,,,,
49011,Compositores,Fraccionamiento,Zapotlán el Grande,Jalisco,Ciudad Guzmán,Caliente,,,,,,,,,,,,,,,,,,,
49011,Conjunto Calderón,Colonia,Zapotlán el Grande,Jalisco,Ciudad Guzmán,Caliente,,,,,,,,,,,,,,,,,,,
49011,Conjunto Hidalgo,Colonia,Zapotlán el Grande,Jalisco,Ciudad Guzmán,Caliente,,,,,,,,,,,,,,,,,,,
49012,San Antonio,Unidad habitacional,Zapotlán el Grande,Jalisco,Ciudad Guzmán,Tibio,,,,,,,,,,,,,,,,,,,
49013,Los Doctores,Colonia,Zapotlán el Grande,Jalisco,Ciudad Guzmán,Tibio,,,,,,,,,,,,,,,,,,,
49013,Pintores,Colonia,Zapotlán el Grande,Jalisco,Ciudad Guzmán,Tibio,,,,,,,,,,,,,,,,,,,
49013,Santa Cecilia,Fraccionamiento,Zapotlán el Grande,Jalisco,Ciudad Guzmán,Caliente,,,,,,,,,,,,,,,,,,,
49013,Azaleas,Colonia,Zapotlán el Grande,Jalisco,Ciudad Guzmán,Caliente,,,,,,,,,,,,,,,,,,,
49013,Paseos del Real,Fraccionamiento,Zapotlán el Grande,Jalisco,Ciudad Guzmán,Caliente,,,,,,,,,,,,,,,,,,,
49014,Lázaro Cárdenas,Colonia,Zapotlán el Grande,Jalisco,Ciudad Guzmán,Tibio,,,,,,,,,,,,,,,,,,,
49015,Universitaria,Colonia,Zapotlán el Grande,Jalisco,Ciudad Guzmán,Tibio,,,,,,,,,,,,,,,,,,,
49016,Villa Norte,Fraccionamiento,Zapotlán el Grande,Jalisco,Ciudad Guzmán,Caliente,,,,,,,,,,,,,,,,,,,
49016,Centro Universitario del Sur,Equipamiento,Zapotlán el Grande,Jalisco,Ciudad Guzmán,Tibio,,,,,,,,,,,,,,,,,,,
49016,Rancho Quemado,Colonia,Zapotlán el Grande,Jalisco,Ciudad Guzmán,Tibio,,,,,,,,,,,,,,,,,,,
49019,Escritores,Colonia,Zapotlán el Grande,Jalisco,Ciudad Guzmán,Tibio,,,,,,,,,,,,,,,,,,,
49020,Jardines de Zapotlan,Colonia,Zapotlán el Grande,Jalisco,Ciudad Guzmán,Caliente,,,,,,,,,,,,,,,,,,,
49020,Loma Bonita,Colonia,Zapotlán el Grande,Jalisco,Ciudad Guzmán,Caliente,,,,,,,,,,,,,,,,,,,
49020,Los Bomberos,Colonia,Zapotlán el Grande,Jalisco,Ciudad Guzmán,Tibio,,,,,,,,,,,,,,,,,,,
49020,Los Olivos,Colonia,Zapotlán el Grande,Jalisco,Ciudad Guzmán,Caliente,,,,,,,,,,,,,,,,,,,
49020,El Portón Azul,Fraccionamiento,Zapotlán el Grande,Jalisco,Ciudad Guzmán,Caliente,,,,,,,,,,,,,,,,,,,
49023,La Paz,Colonia,Zapotlán el Grande,Jalisco,Ciudad Guzmán,Tibio,,,,,,,,,,,,,,,,,,,
49024,Empleados Municipales,Colonia,Zapotlán el Grande,Jalisco,Ciudad Guzmán,Tibio,,,,,,,,,,,,,,,,,,,
49024,Pablo Luis Juan,Colonia,Zapotlán el Grande,Jalisco,Ciudad Guzmán,Tibio,,,,,,,,,,,,,,,,,,,
49026,Las Lomas,Fraccionamiento,Zapotlán el Grande,Jalisco,Ciudad Guzmán,Caliente,,,,,,,,,,,,,,,,,,,
49026,La Cantera San José,Fraccionamiento,Zapotlán el Grande,Jalisco,Ciudad Guzmán,Caliente,,,,,,,,,,,,,,,,,,,
49026,Mariano Otero,Fraccionamiento,Zapotlán el Grande,Jalisco,Ciudad Guzmán,Caliente,,,,,,,,,,,,,,,,,,,
49026,Santa Fe,Fraccionamiento,Zapotlán el Grande,Jalisco,Ciudad Guzmán,Caliente,,,,,,,,,,,,,,,,,,,
49026,Morelos,Fraccionamiento,Zapotlán el Grande,Jalisco,Ciudad Guzmán,Caliente,,,,,,,,,,,,,,,,,,,
49026,Las Américas,Fraccionamiento,Zapotlán el Grande,Jalisco,Ciudad Guzmán,Caliente,,,,,,,,,,,,,,,,,,,
49027,Emiliano Zapata,Colonia,Zapotlán el Grande,Jalisco,Ciudad Guzmán,Tibio,,,,,,,,,,,,,,,,,,,
49028,Chuluapan,Colonia,Zapotlán el Grande,Jalisco,Ciudad Guzmán,Tibio,,,,,,,,,,,,,,,,,,,
49031,Insurgentes,Colonia,Zapotlán el Grande,Jalisco,Ciudad Guzmán,Tibio,,,,,,,,,,,,,,,,,,,
49032,Los Camichines,Fraccionamiento,Zapotlán el Grande,Jalisco,Ciudad Guzmán,Caliente,,,,,,,,,,,,,,,,,,,
49032,San Jose,Colonia,Zapotlán el Grande,Jalisco,Ciudad Guzmán,Tibio,,,,,,,,,,,,,,,,,,,
49032,Teocali,Colonia,Zapotlán el Grande,Jalisco,Ciudad Guzmán,Tibio,,,,,,,,,,,,,,,,,,,
49032,Benefactores,Fraccionamiento,Zapotlán el Grande,Jalisco,Ciudad Guzmán,Caliente,,,,,,,,,,,,,,,,,,,
49032,Villas de Calderón,Fraccionamiento,Zapotlán el Grande,Jalisco,Ciudad Guzmán,Caliente,,,,,,,,,,,,,,,,,,,
49032,Senderos San Miguel,Colonia,Zapotlán el Grande,Jalisco,Ciudad Guzmán,Tibio,,,,,,,,,,,,,,,,,,,
49032,La Nueva Luz,Colonia,Zapotlán el Grande,Jalisco,Ciudad Guzmán,Tibio,,,,,,,,,,,,,,,,,,,
49032,Gante,Fraccionamiento,Zapotlán el Grande,Jalisco,Ciudad Guzmán,Caliente,,,,,,,,,,,,,,,,,,,
49033,Álamo,Colonia,Zapotlán el Grande,Jalisco,Ciudad Guzmán,Tibio,,,,,,,,,,,,,,,,,,,
49033,La Cebada,Colonia,Zapotlán el Grande,Jalisco,Ciudad Guzmán,Tibio,,,,,,,,,,,,,,,,,,,
49035,Valle de Zapotlan,Colonia,Zapotlán el Grande,Jalisco,Ciudad Guzmán,Caliente,,,,,,,,,,,,,,,,,,,
49040,Cumbres Residencial,Fraccionamiento,Zapotlán el Grande,Jalisco,Ciudad Guzmán,Caliente,,,,,,,,,,,,,,,,,,,
49040,Lomas de San Cayetano,Colonia,Zapotlán el Grande,Jalisco,Ciudad Guzmán,Caliente,,,,,,,,,,,,,,,,,,,
49040,San Cayetano,Colonia,Zapotlán el Grande,Jalisco,Ciudad Guzmán,Caliente,,,,,,,,,,,,,,,,,,,
49040,Conjunto Modernidad,Fraccionamiento,Zapotlán el Grande,Jalisco,Ciudad Guzmán,Caliente,,,,,,,,,,,,,,,,,,,
49050,16 de Septiembre,Colonia,Zapotlán el Grande,Jalisco,Ciudad Guzmán,Tibio,,,,,,,,,,,,,,,,,,,
49051,Valle Del Sol,Colonia,Zapotlán el Grande,Jalisco,Ciudad Guzmán,Caliente,,,,,,,,,,,,,,,,,,,
49052,C.N.O.P.,Colonia,Zapotlán el Grande,Jalisco,Ciudad Guzmán,Tibio,,,,,,,,,,,,,,,,,,,
49052,CTM,Colonia,Zapotlán el Grande,Jalisco,Ciudad Guzmán,Tibio,,,,,,,,,,,,,,,,,,,
49052,Revolución,Colonia,Zapotlán el Grande,Jalisco,Ciudad Guzmán,Tibio,,,,,,,,,,,,,,,,,,,
49052,5 de Febrero,Colonia,Zapotlán el Grande,Jalisco,Ciudad Guzmán,Tibio,,,,,,,,,,,,,,,,,,,
49052,Lic A Gandara Estrada,Fraccionamiento,Zapotlán el Grande,Jalisco,Ciudad Guzmán,Caliente,,,,,,,,,,,,,,,,,,,
49052,Villas de San Isidro,Colonia,Zapotlán el Grande,Jalisco,Ciudad Guzmán,Caliente,,,,,,,,,,,,,,,,,,,
49052,Hijos Ilustres,Colonia,Zapotlán el Grande,Jalisco,Ciudad Guzmán,Tibio,,,,,,,,,,,,,,,,,,,
49052,Residencial Zapotlán,Colonia,Zapotlán el Grande,Jalisco,Ciudad Guzmán,Caliente,,,,,,,,,,,,,,,,,,,
49053,Villas Del Nevado,Colonia,Zapotlán el Grande,Jalisco,Ciudad Guzmán,Caliente,,,,,,,,,,,,,,,,,,,
49053,Los Encinos,Colonia,Zapotlán el Grande,Jalisco,Ciudad Guzmán,Caliente,,,,,,,,,,,,,,,,,,,
49053,El Retiro,Colonia,Zapotlán el Grande,Jalisco,Ciudad Guzmán,Caliente,,,,,,,,,,,,,,,,,,,
49055,El Triangulo,Unidad habitacional,Zapotlán el Grande,Jalisco,Ciudad Guzmán,Tibio,,,,,,,,,,,,,,,,,,,
49055,La Morita,Colonia,Zapotlán el Grande,Jalisco,Ciudad Guzmán,Tibio,,,,,,,,,,,,,,,,,,,
49055,Jalisco,Colonia,Zapotlán el Grande,Jalisco,Ciudad Guzmán,Tibio,,,,,,,,,,,,,,,,,,,
49055,Los Pinos,Fraccionamiento,Zapotlán el Grande,Jalisco,Ciudad Guzmán,Caliente,,,,,,,,,,,,,,,,,,,
49055,Las Haciendas,Fraccionamiento,Zapotlán el Grande,Jalisco,Ciudad Guzmán,Caliente,,,,,,,,,,,,,,,,,,,
49056,Jardines del Sol,Fraccionamiento,Zapotlán el Grande,Jalisco,Ciudad Guzmán,Caliente,,,,,,,,,,,,,,,,,,,
49057,La Palma,Colonia,Zapotlán el Grande,Jalisco,Ciudad Guzmán,Tibio,,,,,,,,,,,,,,,,,,,
49059,Business Park,Zona comercial,Zapotlán el Grande,Jalisco,Ciudad Guzmán,Caliente,,,,,,,,,,,,,,,,,,,
49059,Central de Abastos,Zona comercial,Zapotlán el Grande,Jalisco,Ciudad Guzmán,Tibio,,,,,,,,,,,,,,,,,,,
49060,La Giralda,Colonia,Zapotlán el Grande,Jalisco,Ciudad Guzmán,Tibio,,,,,,,,,,,,,,,,,,,
49063,A.C.F.E.,Colonia,Zapotlán el Grande,Jalisco,Ciudad Guzmán,Tibio,,,,,,,,,,,,,,,,,,,
49063,Las Peñas,Fraccionamiento,Zapotlán el Grande,Jalisco,Ciudad Guzmán,Caliente,,,,,,,,,,,,,,,,,,,
49064,Lomas Altas,Colonia,Zapotlán el Grande,Jalisco,Ciudad Guzmán,Caliente,,,,,,,,,,,,,,,,,,,
49064,La Joya,Colonia,Zapotlán el Grande,Jalisco,Ciudad Guzmán,Tibio,,,,,,,,,,,,,,,,,,,
49064,El Nogal,Fraccionamiento,Zapotlán el Grande,Jalisco,Ciudad Guzmán,Caliente,,,,,,,,,,,,,,,,,,,
49064,Camichines,Colonia,Zapotlán el Grande,Jalisco,Ciudad Guzmán,Tibio,,,,,,,,,,,,,,,,,,,
49064,Rinconada de Los Pinos,Colonia,Zapotlán el Grande,Jalisco,Ciudad Guzmán,Caliente,,,,,,,,,,,,,,,,,,,
49064,Paseo de Las Fuentes,Colonia,Zapotlán el Grande,Jalisco,Ciudad Guzmán,Caliente,,,,,,,,,,,,,,,,,,,
49065,Loma de Barro,Colonia,Zapotlán el Grande,Jalisco,Ciudad Guzmán,Tibio,,,,,,,,,,,,,,,,,,,
49065,Lomas Del Valle,Colonia,Zapotlán el Grande,Jalisco,Ciudad Guzmán,Caliente,,,,,,,,,,,,,,,,,,,
49065,Cristo Rey,Colonia,Zapotlán el Grande,Jalisco,Ciudad Guzmán,Tibio,,,,,,,,,,,,,,,,,,,
49066,Los Guayabos,Colonia,Zapotlán el Grande,Jalisco,Ciudad Guzmán,Tibio,,,,,,,,,,,,,,,,,,,
49066,La Reja,Colonia,Zapotlán el Grande,Jalisco,Ciudad Guzmán,Tibio,,,,,,,,,,,,,,,,,,,
49070,Ejidal,Colonia,Zapotlán el Grande,Jalisco,Ciudad Guzmán,Tibio,,,,,,,,,,,,,,,,,,,
49070,Magisterial,Colonia,Zapotlán el Grande,Jalisco,Ciudad Guzmán,Tibio,,,,,,,,,,,,,,,,,,,
49070,El Tinaco,Colonia,Zapotlán el Grande,Jalisco,Ciudad Guzmán,Tibio,,,,,,,,,,,,,,,,,,,
49070,Residencial los Viveros,Fraccionamiento,Zapotlán el Grande,Jalisco,Ciudad Guzmán,Caliente,,,,,,,,,,,,,,,,,,,
49070,Campamento Ferrocarrilero,Colonia,Zapotlán el Grande,Jalisco,Ciudad Guzmán,Tibio,,,,,,,,,,,,,,,,,,,
49075,Central Camionera,Equipamiento,Zapotlán el Grande,Jalisco,Ciudad Guzmán,Tibio,,,,,,,,,,,,,,,,,,,
49076,Villa Olímpica,Colonia,Zapotlán el Grande,Jalisco,Ciudad Guzmán,Caliente,,,,,,,,,,,,,,,,,,,
49076,Conjunto FIFA,Colonia,Zapotlán el Grande,Jalisco,Ciudad Guzmán,Tibio,,,,,,,,,,,,,,,,,,,
49077,J. José Zaragoza,Colonia,Zapotlán el Grande,Jalisco,Ciudad Guzmán,Tibio,,,,,,,,,,,,,,,,,,,
49078,Molino Viejo,Fraccionamiento,Zapotlán el Grande,Jalisco,Ciudad Guzmán,Caliente,,,,,,,,,,,,,,,,,,,
49078,Villas de Zapotlan,Colonia,Zapotlán el Grande,Jalisco,Ciudad Guzmán,Caliente,,,,,,,,,,,,,,,,,,,
49078,Villas Del Palmar,Colonia,Zapotlán el Grande,Jalisco,Ciudad Guzmán,Caliente,,,,,,,,,,,,,,,,,,,
49078,El Bajío,Colonia,Zapotlán el Grande,Jalisco,Ciudad Guzmán,Tibio,,,,,,,,,,,,,,,,,,,
49078,Coto Portugal,Colonia,Zapotlán el Grande,Jalisco,Ciudad Guzmán,Caliente,,,,,,,,,,,,,,,,,,,
49078,Santo Domingo,Colonia,Zapotlán el Grande,Jalisco,Ciudad Guzmán,Tibio,,,,,,,,,,,,,,,,,,,
49079,Santa Rosa,Colonia,Zapotlán el Grande,Jalisco,Ciudad Guzmán,Tibio,,,,,,,,,,,,,,,,,,,
49080,San Pedro,Colonia,Zapotlán el Grande,Jalisco,Ciudad Guzmán,Tibio,,,,,,,,,,,,,,,,,,,
49086,La Primavera II,Fraccionamiento,Zapotlán el Grande,Jalisco,Ciudad Guzmán,Caliente,,,,,,,,,,,,,,,,,,,
49086,Santa María,Fraccionamiento,Zapotlán el Grande,Jalisco,Ciudad Guzmán,Caliente,,,,,,,,,,,,,,,,,,,
49086,Miguel Hidalgo,Colonia,Zapotlán el Grande,Jalisco,Ciudad Guzmán,Tibio,,,,,,,,,,,,,,,,,,,
49086,Fresno,Fraccionamiento,Zapotlán el Grande,Jalisco,Ciudad Guzmán,Caliente,,,,,,,,,,,,,,,,,,,
49086,La Providencia,Fraccionamiento,Zapotlán el Grande,Jalisco,Ciudad Guzmán,Caliente,,,,,,,,,,,,,,,,,,,
49086,Reforma,Fraccionamiento,Zapotlán el Grande,Jalisco,Ciudad Guzmán,Caliente,,,,,,,,,,,,,,,,,,,
49086,Volcanes,Fraccionamiento,Zapotlán el Grande,Jalisco,Ciudad Guzmán,Caliente,,,,,,,,,,,,,,,,,,,
49086,Miguel Hidalgo II,Colonia,Zapotlán el Grande,Jalisco,Ciudad Guzmán,Tibio,,,,,,,,,,,,,,,,,,,
49086,Valle de La Providencia,Colonia,Zapotlán el Grande,Jalisco,Ciudad Guzmán,Caliente,,,,,,,,,,,,,,,,,,,
49086,La Primavera,Colonia,Zapotlán el Grande,Jalisco,Ciudad Guzmán,Caliente,,,,,,,,,,,,,,,,,,,
49087,Paseos del Sol,Fraccionamiento,Zapotlán el Grande,Jalisco,Ciudad Guzmán,Caliente,,,,,,,,,,,,,,,,,,,
49087,20 de Noviembre,Colonia,Zapotlán el Grande,Jalisco,Ciudad Guzmán,Tibio,,,,,,,,,,,,,,,,,,,
49088,Constituyentes,Colonia,Zapotlán el Grande,Jalisco,Ciudad Guzmán,Tibio,,,,,,,,,,,,,,,,,,,
49088,El Jazmín,Colonia,Zapotlán el Grande,Jalisco,Ciudad Guzmán,Tibio,,,,,,,,,,,,,,,,,,,
49089,Central,Colonia,Zapotlán el Grande,Jalisco,Ciudad Guzmán,Tibio,,,,,,,,,,,,,,,,,,,
49089,Cordero,Colonia,Zapotlán el Grande,Jalisco,Ciudad Guzmán,Tibio,,,,,,,,,,,,,,,,,,,
49089,La Hacienda,Colonia,Zapotlán el Grande,Jalisco,Ciudad Guzmán,Tibio,,,,,,,,,,,,,,,,,,,
49090,El Campanario,Colonia,Zapotlán el Grande,Jalisco,Ciudad Guzmán,Tibio,,,,,,,,,,,,,,,,,,,
49090,FOVISSSTE (José Clemente Orozco),Unidad habitacional,Zapotlán el Grande,Jalisco,Ciudad Guzmán,Tibio,,,,,,,,,,,,,,,,,,,
49090,Lomas de Zapotlan,Colonia,Zapotlán el Grande,Jalisco,Ciudad Guzmán,Caliente,,,,,,,,,,,,,,,,,,,
49090,Los Ocotillos,Fraccionamiento,Zapotlán el Grande,Jalisco,Ciudad Guzmán,Caliente,,,,,,,,,,,,,,,,,,,
49090,San Bartolo,Colonia,Zapotlán el Grande,Jalisco,Ciudad Guzmán,Tibio,,,,,,,,,,,,,,,,,,,
49090,Pinar de los Escritores,Fraccionamiento,Zapotlán el Grande,Jalisco,Ciudad Guzmán,Caliente,,,,,,,,,,,,,,,,,,,
49090,Acueducto San José,Fraccionamiento,Zapotlán el Grande,Jalisco,Ciudad Guzmán,Caliente,,,,,,,,,,,,,,,,,,,
49090,Jardines de Oriente,Colonia,Zapotlán el Grande,Jalisco,Ciudad Guzmán,Caliente,,,,,,,,,,,,,,,,,,,
49090,Cañadas,Colonia,Zapotlán el Grande,Jalisco,Ciudad Guzmán,Tibio,,,,,,,,,,,,,,,,,,,
49093,La Cantera,Colonia,Zapotlán el Grande,Jalisco,Ciudad Guzmán,Tibio,,,,,,,,,,,,,,,,,,,
49093,Pueblo de Jalisco,Colonia,Zapotlán el Grande,Jalisco,Ciudad Guzmán,Tibio,,,,,,,,,,,,,,,,,,,
49093,Bugambilias,Colonia,Zapotlán el Grande,Jalisco,Ciudad Guzmán,Caliente,,,,,,,,,,,,,,,,,,,
49093,Unión de Colonos Independencia,Colonia,Zapotlán el Grande,Jalisco,Ciudad Guzmán,Tibio,,,,,,,,,,,,,,,,,,,
49093,Unión de Colonos Org. de Ciudad Guzmán,Colonia,Zapotlán el Grande,Jalisco,Ciudad Guzmán,Tibio,,,,,,,,,,,,,,,,,,,
49093,1ro de Agosto,Fraccionamiento,Zapotlán el Grande,Jalisco,Ciudad Guzmán,Tibio,,,,,,,,,,,,,,,,,,,
49094,Nuevo Desarrollo,Colonia,Zapotlán el Grande,Jalisco,Ciudad Guzmán,Tibio,,,,,,,,,,,,,,,,,,,
49094,Otilio Montaño,Colonia,Zapotlán el Grande,Jalisco,Ciudad Guzmán,Tibio,,,,,,,,,,,,,,,,,,,
49094,Tlayolan,Colonia,Zapotlán el Grande,Jalisco,Ciudad Guzmán,Tibio,,,,,,,,,,,,,,,,,,,
49094,Lomas Del Sur,Fraccionamiento,Zapotlán el Grande,Jalisco,Ciudad Guzmán,Caliente,,,,,,,,,,,,,,,,,,,
49095,El Pastor (Colinas del Sur),Colonia,Zapotlán el Grande,Jalisco,Ciudad Guzmán,Tibio,,,,,,,,,,,,,,,,,,,
49095,Francisco I. Madero,Fraccionamiento,Zapotlán el Grande,Jalisco,Ciudad Guzmán,Tibio,,,,,,,,,,,,,,,,,,,
49095,Inquilinos Guzmanenses,Colonia,Zapotlán el Grande,Jalisco,Ciudad Guzmán,Tibio,,,,,,,,,,,,,,,,,,,
49095,Valle Dorado,Fraccionamiento,Zapotlán el Grande,Jalisco,Ciudad Guzmán,Caliente,,,,,,,,,,,,,,,,,,,
49096,Benito Juárez,Colonia,Zapotlán el Grande,Jalisco,Ciudad Guzmán,Tibio,,,,,,,,,,,,,,,,,,,
49096,1 de Mayo,Colonia,Zapotlán el Grande,Jalisco,Ciudad Guzmán,Tibio,,,,,,,,,,,,,,,,,,,
49097,Lomas de Solidaridad,Colonia,Zapotlán el Grande,Jalisco,Ciudad Guzmán,Tibio,,,,,,,,,,,,,,,,,,,
49097,Solidaridad,Colonia,Zapotlán el Grande,Jalisco,Ciudad Guzmán,Tibio,,,,,,,,,,,,,,,,,,,
49097,Solidaridad La Paz,Colonia,Zapotlán el Grande,Jalisco,Ciudad Guzmán,Tibio,,,,,,,,,,,,,,,,,,,
49097,Adolfo López Mateos,Colonia,Zapotlán el Grande,Jalisco,Ciudad Guzmán,Tibio,,,,,,,,,,,,,,,,,,,
49097,Pastor de Arriba,Colonia,Zapotlán el Grande,Jalisco,Ciudad Guzmán,Tibio,,,,,,,,,,,,,,,,,,,
49097,San Felipe,Fraccionamiento,Zapotlán el Grande,Jalisco,Ciudad Guzmán,Caliente,,,,,,,,,,,,,,,,,,,
49097,San Felipe II,Fraccionamiento,Zapotlán el Grande,Jalisco,Ciudad Guzmán,Caliente,,,,,,,,,,,,,,,,,,,
49098,Cruz Roja,Colonia,Zapotlán el Grande,Jalisco,Ciudad Guzmán,Tibio,,,,,,,,,,,,,,,,,,,
49099,Arboledas,Fraccionamiento,Zapotlán el Grande,Jalisco,Ciudad Guzmán,Caliente,,,,,,,,,,,,,,,,,,,
49100,La Mesa (El Fresnito),Ranchería,Zapotlán el Grande,Jalisco,,Frio,,,,,,,,,,,,,,,,,,,
49106,CERESO Ciudad Guzmán,Equipamiento,Zapotlán el Grande,Jalisco,,Frio,,,,,,,,,,,,,,,,,,,
49106,Parque Industrial Zapotlán 200,Zona industrial,Zapotlán el Grande,Jalisco,,Tibio,,,,,,,,,,,,,,,,,,,
49109,Atequizayán,Ranchería,Zapotlán el Grande,Jalisco,,Frio,,,,,,,,,,,,,,,,,,,
49110,Antorcha Campesina,Colonia,Zapotlán el Grande,Jalisco,,Tibio,,,,,,,,,,,,,,,,,,,
49112,Las Garzas,Fraccionamiento,Zapotlán el Grande,Jalisco,,Tibio,,,,,,,,,,,,,,,,,,,
49113,Residencial la Nogalera,Fraccionamiento,Zapotlán el Grande,Jalisco,,Tibio,,,,,,,,,,,,,,,,,,,
49120,Residencial El Paraje,Fraccionamiento,Gómez Farías,Jalisco,,Tibio,,,,,,,,,,,,,,,,,,,
49120,Gómez Farias,Pueblo,Gómez Farías,Jalisco,,Tibio,,,,,,,,,,,,,,,,,,,
49120,Las Cruces,Colonia,Gómez Farías,Jalisco,,Tibio,,,,,,,,,,,,,,,,,,,
49120,San Sebastián del Sur,Pueblo,Gómez Farías,Jalisco,,Tibio,,,,,,,,,,,,,,,,,,,
49120,Santa Cecilia,Colonia,Gómez Farías,Jalisco,,Tibio,,,,,,,,,,,,,,,,,,,
49120,IPROVIPE,Fraccionamiento,Gómez Farías,Jalisco,,Tibio,,,,,,,,,,,,,,,,,,,
49123,Cofradía del Rosario,Pueblo,Gómez Farías,Jalisco,,Tibio,,,,,,,,,,,,,,,,,,,
49124,El Rodeo,Colonia,Gómez Farías,Jalisco,,Tibio,,,,,,,,,,,,,,,,,,,
49126,El Corralito,Ranchería,Gómez Farías,Jalisco,,Frio,,,,,,,,,,,,,,,,,,,
49130,Uno de Febrero (San Nicolás),Ejido,Gómez Farías,Jalisco,,Frio,,,,,,,,,,,,,,,,,,,
49130,San Andres Ixtlan,Pueblo,Gómez Farías,Jalisco,,Tibio,,,,,,,,,,,,,,,,,,,
49170,Concepción de Buenos Aires,Pueblo,Concepción de Buenos Aires,Jalisco,,Tibio,,,,,,,,,,,,,,,,,,,
49175,Lázaro Cárdenas del Río,Colonia,Concepción de Buenos Aires,Jalisco,,Tibio,,,,,,,,,,,,,,,,,,,
49175,Santa Gertrudis,Colonia,Concepción de Buenos Aires,Jalisco,,Tibio,,,,,,,,,,,,,,,,,,,
49176,Toluquilla,Colonia,Concepción de Buenos Aires,Jalisco,,Tibio,,,,,,,,,,,,,,,,,,,
49176,Los Sauces,Ranchería,Concepción de Buenos Aires,Jalisco,,Frio,,,,,,,,,,,,,,,,,,,
49177,Rancho Viejo,Ejido,Concepción de Buenos Aires,Jalisco,,Frio,,,,,,,,,,,,,,,,,,,
49178,Paso de La Yerbabuena,Ejido,Concepción de Buenos Aires,Jalisco,,Frio,,,,,,,,,,,,,,,,,,,
49200,Atoyac,Pueblo,Atoyac,Jalisco,,Tibio,,,,,,,,,,,,,,,,,,,
49200,Poncitlán,Ranchería,Atoyac,Jalisco,,Frio,,,,,,,,,,,,,,,,,,,
49220,Unión de Guadalupe,Pueblo,Atoyac,Jalisco,,Tibio,,,,,,,,,,,,,,,,,,,
49223,El Destacamento,Ranchería,Atoyac,Jalisco,,Frio,,,,,,,,,,,,,,,,,,,
49224,Techague,Ranchería,Atoyac,Jalisco,,Frio,,,,,,,,,,,,,,,,,,,
49225,Cuyacapan,Pueblo,Atoyac,Jalisco,,Tibio,,,,,,,,,,,,,,,,,,,
49228,Los Laureles,Ranchería,Atoyac,Jalisco,,Frio,,,,,,,,,,,,,,,,,,,
49229,San Juan,Ranchería,Atoyac,Jalisco,,Frio,,,,,,,,,,,,,,,,,,,
49230,Techaluta de Montenegro,Pueblo,Techaluta de Montenegro,Jalisco,,Tibio,,,,,,,,,,,,,,,,,,,
49236,El Agua del Sauco,Ranchería,Techaluta de Montenegro,Jalisco,,Frio,,,,,,,,,,,,,,,,,,,
49239,Anoca,Ranchería,Techaluta de Montenegro,Jalisco,,Frio,,,,,,,,,,,,,,,,,,,
49240,El Zapote (San Miguel del Zapote),Pueblo,Techaluta de Montenegro,Jalisco,,Tibio,,,,,,,,,,,,,,,,,,,
49250,Colonias del Gavilán (Félix Ramos),Colonia,Teocuitatlán de Corona,Jalisco,,Tibio,,,,,,,,,,,,,,,,,,,
49250,Teocuitatlan de Corona,Pueblo,Teocuitatlán de Corona,Jalisco,,Tibio,,,,,,,,,,,,,,,,,,,
49253,La Milpilla,Ranchería,Teocuitatlán de Corona,Jalisco,,Frio,,,,,,,,,,,,,,,,,,,
49260,Cuatezquite,Ranchería,Teocuitatlán de Corona,Jalisco,,Frio,,,,,,,,,,,,,,,,,,,
49260,San Jose de Gracia,Ejido,Teocuitatlán de Corona,Jalisco,,Frio,,,,,,,,,,,,,,,,,,,
49265,Tehuantepec,Ranchería,Teocuitatlán de Corona,Jalisco,,Frio,,,,,,,,,,,,,,,,,,,
49270,Atotonilco,Ranchería,Teocuitatlán de Corona,Jalisco,,Frio,,,,,,,,,,,,,,,,,,,
49270,San Juan Citala,Ejido,Teocuitatlán de Corona,Jalisco,,Frio,,,,,,,,,,,,,,,,,,,
49274,Lázaro Cárdenas,Ranchería,Teocuitatlán de Corona,Jalisco,,Frio,,,,,,,,,,,,,,,,,,,
49275,Tierra Blanca,Ranchería,Teocuitatlán de Corona,Jalisco,,Frio,,,,,,,,,,,,,,,,,,,
49276,Puerta de Citala,Ranchería,Teocuitatlán de Corona,Jalisco,,Frio,,,,,,,,,,,,,,,,,,,
49277,Rancho Nuevo,Ranchería,Teocuitatlán de Corona,Jalisco,,Frio,,,,,,,,,,,,,,,,,,,
49280,Citala,Ejido,Teocuitatlán de Corona,Jalisco,,Frio,,,,,,,,,,,,,,,,,,,
49285,La Rueda,Ranchería,Teocuitatlán de Corona,Jalisco,,Frio,,,,,,,,,,,,,,,,,,,
49286,Chamacuero,Ranchería,Teocuitatlán de Corona,Jalisco,,Frio,,,,,,,,,,,,,,,,,,,
49290,Santa Rosa,Ranchería,Teocuitatlán de Corona,Jalisco,,Frio,,,,,,,,,,,,,,,,,,,
49295,La Lobera,Ranchería,Teocuitatlán de Corona,Jalisco,,Frio,,,,,,,,,,,,,,,,,,,
49296,Huejotitlán (La Peña),Ranchería,Teocuitatlán de Corona,Jalisco,,Frio,,,,,,,,,,,,,,,,,,,
49300,Sayula Centro,Colonia,Sayula,Jalisco,Sayula,Caliente,,,,,,,,,,,,,,,,,,,
49302,Palmitas,Colonia,Sayula,Jalisco,Sayula,Tibio,,,,,,,,,,,,,,,,,,,
49303,Polanco,Colonia,Sayula,Jalisco,Sayula,Tibio,,,,,,,,,,,,,,,,,,,
49303,Pueblito Aparte,Colonia,Sayula,Jalisco,Sayula,Tibio,,,,,,,,,,,,,,,,,,,
49303,27 de Septiembre,Colonia,Sayula,Jalisco,Sayula,Tibio,,,,,,,,,,,,,,,,,,,
49303,Santa María,Colonia,Sayula,Jalisco,Sayula,Tibio,,,,,,,,,,,,,,,,,,,
49304,Ferrocarril,Colonia,Sayula,Jalisco,Sayula,Tibio,,,,,,,,,,,,,,,,,,,
49304,Ejidal,Colonia,Sayula,Jalisco,Sayula,Tibio,,,,,,,,,,,,,,,,,,,
49305,Camino Real,Fraccionamiento,Sayula,Jalisco,Sayula,Caliente,,,,,,,,,,,,,,,,,,,
49305,San Francisco,Colonia,Sayula,Jalisco,Sayula,Tibio,,,,,,,,,,,,,,,,,,,
49306,Parques Aldama,Fraccionamiento,Sayula,Jalisco,Sayula,Caliente,,,,,,,,,,,,,,,,,,,
49306,Heliodoro Hernández Loza,Colonia,Sayula,Jalisco,Sayula,Tibio,,,,,,,,,,,,,,,,,,,
49310,Rinconada Cruz Blanca,Colonia,Sayula,Jalisco,Sayula,Tibio,,,,,,,,,,,,,,,,,,,
49310,San Sebastián,Colonia,Sayula,Jalisco,Sayula,Tibio,,,,,,,,,,,,,,,,,,,
49312,FONHAPO,Colonia,Sayula,Jalisco,Sayula,Tibio,,,,,,,,,,,,,,,,,,,
49312,El Amaqueño,Colonia,Sayula,Jalisco,Sayula,Tibio,,,,,,,,,,,,,,,,,,,
49312,Dolores Paniagua de García Barragán,Colonia,Sayula,Jalisco,Sayula,Tibio,,,,,,,,,,,,,,,,,,,
49313,El Pino,Fraccionamiento,Sayula,Jalisco,Sayula,Caliente,,,,,,,,,,,,,,,,,,,
49314,La Mezcalera,Colonia,Sayula,Jalisco,Sayula,Tibio,,,,,,,,,,,,,,,,,,,
49314,San Miguel,Colonia,Sayula,Jalisco,Sayula,Tibio,,,,,,,,,,,,,,,,,,,
49314,ISSSTE,Colonia,Sayula,Jalisco,Sayula,Tibio,,,,,,,,,,,,,,,,,,,
49314,Aguacatera,Colonia,Sayula,Jalisco,Sayula,Tibio,,,,,,,,,,,,,,,,,,,
49315,Belisario Domínguez,Colonia,Sayula,Jalisco,Sayula,Tibio,,,,,,,,,,,,,,,,,,,
49315,Santa Inés,Colonia,Sayula,Jalisco,Sayula,Tibio,,,,,,,,,,,,,,,,,,,
49316,La Candelaria,Colonia,Sayula,Jalisco,Sayula,Tibio,,,,,,,,,,,,,,,,,,,
49317,De Guadalupe,Colonia,Sayula,Jalisco,Sayula,Tibio,,,,,,,,,,,,,,,,,,,
49317,Alameda,Colonia,Sayula,Jalisco,Sayula,Tibio,,,,,,,,,,,,,,,,,,,
49317,Lomas del Río,Colonia,Sayula,Jalisco,Sayula,Caliente,,,,,,,,,,,,,,,,,,,
49317,Juan Rulfo,Colonia,Sayula,Jalisco,Sayula,Tibio,,,,,,,,,,,,,,,,,,,
49318,Tepeyac,Colonia,Sayula,Jalisco,Sayula,Tibio,,,,,,,,,,,,,,,,,,,
49330,Usmajac,Pueblo,Sayula,Jalisco,,Tibio,,,,,,,,,,,,,,,,,,,
49333,Prados Del Vergel,Colonia,Sayula,Jalisco,,Tibio,,,,,,,,,,,,,,,,,,,
49334,Guadalupe,Colonia,Sayula,Jalisco,,Tibio,,,,,,,,,,,,,,,,,,,
49336,Amatitlán,Hacienda,Sayula,Jalisco,,Tibio,,,,,,,,,,,,,,,,,,,
49339,Tamaliagua,Ranchería,Sayula,Jalisco,,Frio,,,,,,,,,,,,,,,,,,,
49339,El Reparo,Ranchería,Sayula,Jalisco,,Frio,,,,,,,,,,,,,,,,,,,
49340,Atacco,Pueblo,Tapalpa,Jalisco,,Tibio,,,,,,,,,,,,,,,,,,,
49340,San Antonio,Colonia,Tapalpa,Jalisco,,Tibio,,,,,,,,,,,,,,,,,,,
49340,Tapalpa,Pueblo,Tapalpa,Jalisco,,Tibio,,,,,,,,,,,,,,,,,,,
49340,Loma Alta,Ranchería,Tapalpa,Jalisco,,Frio,,,,,,,,,,,,,,,,,,,
49344,San Martín de las Flores,Ranchería,Tapalpa,Jalisco,,Frio,,,,,,,,,,,,,,,,,,,
49345,Los Colonos,Colonia,Tapalpa,Jalisco,,Tibio,,,,,,,,,,,,,,,,,,,
49346,Los Espinos,Ranchería,Tapalpa,Jalisco,,Frio,,,,,,,,,,,,,,,,,,,
49350,La Lagunilla,Ejido,Tapalpa,Jalisco,,Frio,,,,,,,,,,,,,,,,,,,
49350,Punta de Agua,Ranchería,Tapalpa,Jalisco,,Frio,,,,,,,,,,,,,,,,,,,
49356,La Barranca del Refugio,Ranchería,Tapalpa,Jalisco,,Frio,,,,,,,,,,,,,,,,,,,
49356,El Tecuán,Ranchería,Tapalpa,Jalisco,,Frio,,,,,,,,,,,,,,,,,,,
49356,La Cruz,Ranchería,Tapalpa,Jalisco,,Frio,,,,,,,,,,,,,,,,,,,
49358,Yerbabuena,Ranchería,Tapalpa,Jalisco,,Frio,,,,,,,,,,,,,,,,,,,
49360,Juanacatlan,Pueblo,Tapalpa,Jalisco,,Tibio,,,,,,,,,,,,,,,,,,,
49369,Ferreria de Tula,Ejido,Tapalpa,Jalisco,,Frio,,,,,,,,,,,,,,,,,,,
49370,Amacueca,Pueblo,Amacueca,Jalisco,,Tibio,,,,,,,,,,,,,,,,,,,
49370,Cofradía del Rosario,Ranchería,Amacueca,Jalisco,,Frio,,,,,,,,,,,,,,,,,,,
49375,Los Chavez,Ranchería,Amacueca,Jalisco,,Frio,,,,,,,,,,,,,,,,,,,
49380,Tepec,Pueblo,Amacueca,Jalisco,,Tibio,,,,,,,,,,,,,,,,,,,
49388,San Juanito,Ranchería,Amacueca,Jalisco,,Frio,,,,,,,,,,,,,,,,,,,
49400,Francisco Dávalos Flores,Colonia,Tizapán el Alto,Jalisco,,Tibio,,,,,,,,,,,,,,,,,,,
49400,Tizapan El Alto,Colonia,Tizapán el Alto,Jalisco,,Tibio,,,,,,,,,,,,,,,,,,,
49400,Guízar,Colonia,Tizapán el Alto,Jalisco,,Tibio,,,,,,,,,,,,,,,,,,,
49403,Camino a la Cañada,Colonia,Tizapán el Alto,Jalisco,,Tibio,,,,,,,,,,,,,,,,,,,
49403,La Cañada,Colonia,Tizapán el Alto,Jalisco,,Tibio,,,,,,,,,,,,,,,,,,,
49410,Villa Emiliano Zapata,Ejido,Tizapán el Alto,Jalisco,,Tibio,,,,,,,,,,,,,,,,,,,
49420,El Volantín,Colonia,Tizapán el Alto,Jalisco,,Tibio,,,,,,,,,,,,,,,,,,,
49420,El Zapote,Ranchería,Tizapán el Alto,Jalisco,,Frio,,,,,,,,,,,,,,,,,,,
49420,La Rosa Amarilla,Colonia,Tizapán el Alto,Jalisco,,Tibio,,,,,,,,,,,,,,,,,,,
49420,Madero (La Presa),Colonia,Tizapán el Alto,Jalisco,,Tibio,,,,,,,,,,,,,,,,,,,
49421,Villa del Lago (El Baratillo),Colonia,Tizapán el Alto,Jalisco,,Tibio,,,,,,,,,,,,,,,,,,,
49421,Mismaloya,Pueblo,Tizapán el Alto,Jalisco,,Tibio,,,,,,,,,,,,,,,,,,,
49423,El Refugio,Ranchería,Tizapán el Alto,Jalisco,,Frio,,,,,,,,,,,,,,,,,,,
49430,Tuxcueca,Pueblo,Tuxcueca,Jalisco,,Tibio,,,,,,,,,,,,,,,,,,,
49432,Puruagua de Ramón Corona,Colonia,Tuxcueca,Jalisco,,Tibio,,,,,,,,,,,,,,,,,,,
49432,La Cofradia,Ranchería,Tuxcueca,Jalisco,,Frio,,,,,,,,,,,,,,,,,,,
49439,El Tepeguaje,Ranchería,Tuxcueca,Jalisco,,Frio,,,,,,,,,,,,,,,,,,,
49440,San Luis Soyatlan,Pueblo,Tuxcueca,Jalisco,,Tibio,,,,,,,,,,,,,,,,,,,
49446,San Nicolás de Acuña,Ranchería,Tuxcueca,Jalisco,,Frio,,,,,,,,,,,,,,,,,,,
49450,Las Cebollas,Colonia,Tuxcueca,Jalisco,,Tibio,,,,,,,,,,,,,,,,,,,
49460,La Manzanilla de La Paz,Pueblo,La Manzanilla de la Paz,Jalisco,,Tibio,,,,,,,,,,,,,,,,,,,
49462,Prolongación Lázaro Cárdenas (El Regadillo),Colonia,La Manzanilla de la Paz,Jalisco,,Tibio,,,,,,,,,,,,,,,,,,,
49463,Las Cuevas,Colonia,La Manzanilla de la Paz,Jalisco,,Tibio,,,,,,,,,,,,,,,,,,,
49470,Villa Morelos,Ranchería,La Manzanilla de la Paz,Jalisco,,Frio,,,,,,,,,,,,,,,,,,,
49490,La Tuna,Ranchería,La Manzanilla de la Paz,Jalisco,,Frio,,,,,,,,,,,,,,,,,,,
49500,La Cofradía,Ejido,Mazamitla,Jalisco,,Frio,,,,,,,,,,,,,,,,,,,
49500,Mazamitla,Pueblo,Mazamitla,Jalisco,,Tibio,,,,,,,,,,,,,,,,,,,
49510,Epenche Chico (Penche Chico),Ejido,Mazamitla,Jalisco,,Frio,,,,,,,,,,,,,,,,,,,
49514,Epenche Grande (Penche Grande),Ejido,Mazamitla,Jalisco,,Frio,,,,,,,,,,,,,,,,,,,
49515,Jardín Real de Mazamitla,Fraccionamiento,Mazamitla,Jalisco,,Caliente,,,,,,,,,,,,,,,,,,,
49515,Puerto de las Cuevas,Ejido,Mazamitla,Jalisco,,Frio,,,,,,,,,,,,,,,,,,,
49516,La Bragadita,Colonia,Mazamitla,Jalisco,,Tibio,,,,,,,,,,,,,,,,,,,
49520,El Mezcal,Ranchería,Mazamitla,Jalisco,,Frio,,,,,,,,,,,,,,,,,,,
49530,El Carrizalillo,Colonia,Mazamitla,Jalisco,,Tibio,,,,,,,,,,,,,,,,,,,
49530,Puerta del Zapatero,Pueblo,Mazamitla,Jalisco,,Tibio,,,,,,,,,,,,,,,,,,,
49532,El Terrero,Pueblo,Mazamitla,Jalisco,,Tibio,,,,,,,,,,,,,,,,,,,
49537,El Paiztle,Rancho,Mazamitla,Jalisco,,Frio,,,,,,,,,,,,,,,,,,,
49537,El Humo (El Marillo),Ranchería,Mazamitla,Jalisco,,Frio,,,,,,,,,,,,,,,,,,,
49540,Paso de Piedra,Congregación,Valle de Juárez,Jalisco,,Frio,,,,,,,,,,,,,,,,,,,
49540,Valle de Juárez,Pueblo,Valle de Juárez,Jalisco,,Tibio,,,,,,,,,,,,,,,,,,,
49542,El Moral,Colonia,Valle de Juárez,Jalisco,,Tibio,,,,,,,,,,,,,,,,,,,
49544,El Manzanillo,Ranchería,Valle de Juárez,Jalisco,,Frio,,,,,,,,,,,,,,,,,,,
49547,Buenavista,Ranchería,Valle de Juárez,Jalisco,,Frio,,,,,,,,,,,,,,,,,,,
49548,Ojo de Agua Del Picacho,Ranchería,Valle de Juárez,Jalisco,,Frio,,,,,,,,,,,,,,,,,,,
49550,El Tigre,Colonia,Valle de Juárez,Jalisco,,Tibio,,,,,,,,,,,,,,,,,,,
49550,Ojo de Agua del Mezcal,Ranchería,Valle de Juárez,Jalisco,,Frio,,,,,,,,,,,,,,,,,,,
49570,Lázaro Cárdenas (San Diego),Pueblo,Quitupan,Jalisco,,Tibio,,,,,,,,,,,,,,,,,,,
49570,Quitupan,Pueblo,Quitupan,Jalisco,,Tibio,,,,,,,,,,,,,,,,,,,
49570,San Francisco (Emiliano Zapata),Ejido,Quitupan,Jalisco,,Frio,,,,,,,,,,,,,,,,,,,
49572,Rafael Picazo (Santa Cruz),Pueblo,Quitupan,Jalisco,,Tibio,,,,,,,,,,,,,,,,,,,
49574,La Tinaja,Ranchería,Quitupan,Jalisco,,Frio,,,,,,,,,,,,,,,,,,,
49574,Río de Huertas,Ranchería,Quitupan,Jalisco,,Frio,,,,,,,,,,,,,,,,,,,
49574,El Fresnal (Fresnal Grande),Ranchería,Quitupan,Jalisco,,Frio,,,,,,,,,,,,,,,,,,,
49575,El Montoso,Ranchería,Quitupan,Jalisco,,Frio,,,,,,,,,,,,,,,,,,,
49576,Agua Blanca,Rancho,Quitupan,Jalisco,,Frio,,,,,,,,,,,,,,,,,,,
49576,El Cuervo,Ejido,Quitupan,Jalisco,,Frio,,,,,,,,,,,,,,,,,,,
49576,Guadalupe del Montoso,Pueblo,Quitupan,Jalisco,,Tibio,,,,,,,,,,,,,,,,,,,
49578,Llano Largo,Ejido,Quitupan,Jalisco,,Frio,,,,,,,,,,,,,,,,,,,
49578,El Talayote,Ranchería,Quitupan,Jalisco,,Frio,,,,,,,,,,,,,,,,,,,
49580,Lagunillas,Ejido,Quitupan,Jalisco,,Frio,,,,,,,,,,,,,,,,,,,
49583,San Antonio (Carrillo Puerto),Ejido,Quitupan,Jalisco,,Frio,,,,,,,,,,,,,,,,,,,
49584,Mariano Escobedo (La Guadalupe),Ranchería,Quitupan,Jalisco,,Frio,,,,,,,,,,,,,,,,,,,
49585,El Quiringual,Ejido,Quitupan,Jalisco,,Frio,,,,,,,,,,,,,,,,,,,
49585,Poca Sangre,Ranchería,Quitupan,Jalisco,,Frio,,,,,,,,,,,,,,,,,,,
49586,Ramón Corona (Santa Fe),Ranchería,Quitupan,Jalisco,,Frio,,,,,,,,,,,,,,,,,,,
49590,Plan de Cervantes,Ejido,Quitupan,Jalisco,,Frio,,,,,,,,,,,,,,,,,,,
49595,Las Ánimas,Ranchería,Quitupan,Jalisco,,Frio,,,,,,,,,,,,,,,,,,,
49595,Loma Blanca (Los Capulines),Ranchería,Quitupan,Jalisco,,Frio,,,,,,,,,,,,,,,,,,,
49597,San José de la Majada,Ranchería,Quitupan,Jalisco,,Frio,,,,,,,,,,,,,,,,,,,
49597,El Fiscalejo,Rancho,Quitupan,Jalisco,,Frio,,,,,,,,,,,,,,,,,,,
49598,El Salitrillo,Ranchería,Quitupan,Jalisco,,Frio,,,,,,,,,,,,,,,,,,,
49600,Jardines del Sagrario,Colonia,Zapotiltic,Jalisco,Zapotiltic,Caliente,,,,,,,,,,,,,,,,,,,
49600,Puerta del Sol,Colonia,Zapotiltic,Jalisco,Zapotiltic,Caliente,,,,,,,,,,,,,,,,,,,
49600,Zapotiltic Centro,Colonia,Zapotiltic,Jalisco,Zapotiltic,Caliente,,,,,,,,,,,,,,,,,,,
49602,Vista Hermosa,Fraccionamiento,Zapotiltic,Jalisco,Zapotiltic,Caliente,,,,,,,,,,,,,,,,,,,
49602,Chávez Pulido,Colonia,Zapotiltic,Jalisco,Zapotiltic,Tibio,,,,,,,,,,,,,,,,,,,
49602,La Cruz,Fraccionamiento,Zapotiltic,Jalisco,Zapotiltic,Caliente,,,,,,,,,,,,,,,,,,,
49602,Acueducto,Colonia,Zapotiltic,Jalisco,Zapotiltic,Tibio,,,,,,,,,,,,,,,,,,,
49602,Lázaro Cárdenas,Colonia,Zapotiltic,Jalisco,Zapotiltic,Tibio,,,,,,,,,,,,,,,,,,,
49602,La Presa,Colonia,Zapotiltic,Jalisco,Zapotiltic,Tibio,,,,,,,,,,,,,,,,,,,
49603,Praderas de Moctezuma,Colonia,Zapotiltic,Jalisco,Zapotiltic,Caliente,,,,,,,,,,,,,,,,,,,
49603,Villas de Chapultepec,Fraccionamiento,Zapotiltic,Jalisco,Zapotiltic,Caliente,,,,,,,,,,,,,,,,,,,
49603,Guadalupana,Colonia,Zapotiltic,Jalisco,Zapotiltic,Tibio,,,,,,,,,,,,,,,,,,,
49603,Colinde,Colonia,Zapotiltic,Jalisco,Zapotiltic,Tibio,,,,,,,,,,,,,,,,,,,
49604,Capulines Norte,Colonia,Zapotiltic,Jalisco,Zapotiltic,Tibio,,,,,,,,,,,,,,,,,,,
49604,Tolteca,Colonia,Zapotiltic,Jalisco,Zapotiltic,Tibio,,,,,,,,,,,,,,,,,,,
49604,5 de Noviembre,Colonia,Zapotiltic,Jalisco,Zapotiltic,Tibio,,,,,,,,,,,,,,,,,,,
49605,Jazmín,Colonia,Zapotiltic,Jalisco,Zapotiltic,Tibio,,,,,,,,,,,,,,,,,,,
49605,Valle de los Manzanos,Fraccionamiento,Zapotiltic,Jalisco,Zapotiltic,Caliente,,,,,,,,,,,,,,,,,,,
49605,Primavera,Colonia,Zapotiltic,Jalisco,Zapotiltic,Tibio,,,,,,,,,,,,,,,,,,,
49605,INFONAVIT,Colonia,Zapotiltic,Jalisco,Zapotiltic,Tibio,,,,,,,,,,,,,,,,,,,
49605,Lomas Primavera,Colonia,Zapotiltic,Jalisco,Zapotiltic,Caliente,,,,,,,,,,,,,,,,,,,
49606,Zapotiltic,Colonia,Zapotiltic,Jalisco,,Tibio,,,,,,,,,,,,,,,,,,,
49606,Capulines,Colonia,Zapotiltic,Jalisco,Zapotiltic,Tibio,,,,,,,,,,,,,,,,,,,
49606,Provipoza,Colonia,Zapotiltic,Jalisco,Zapotiltic,Tibio,,,,,,,,,,,,,,,,,,,
49607,Las Pilastras,Colonia,Zapotiltic,Jalisco,Zapotiltic,Tibio,,,,,,,,,,,,,,,,,,,
49607,Juárez,Colonia,Zapotiltic,Jalisco,Zapotiltic,Tibio,,,,,,,,,,,,,,,,,,,
49608,Las Moras del Volcán,Fraccionamiento,Zapotiltic,Jalisco,Zapotiltic,Caliente,,,,,,,,,,,,,,,,,,,
49608,Amezcua,Colonia,Zapotiltic,Jalisco,Zapotiltic,Tibio,,,,,,,,,,,,,,,,,,,
49610,El Lindero,Colonia,Zapotiltic,Jalisco,,Tibio,,,,,,,,,,,,,,,,,,,
49610,El Rincón del Agua,Colonia,Zapotiltic,Jalisco,,Tibio,,,,,,,,,,,,,,,,,,,
49610,Lázaro Cárdenas,Colonia,Zapotiltic,Jalisco,,Tibio,,,,,,,,,,,,,,,,,,,
49610,La Becerrera,Colonia,Zapotiltic,Jalisco,,Tibio,,,,,,,,,,,,,,,,,,,
49610,Huescalapa,Colonia,Zapotiltic,Jalisco,,Tibio,,,,,,,,,,,,,,,,,,,
49610,Morelos,Colonia,Zapotiltic,Jalisco,,Tibio,,,,,,,,,,,,,,,,,,,
49615,El Rincón,Pueblo,Zapotiltic,Jalisco,,Tibio,,,,,,,,,,,,,,,,,,,
49620,El Cortijo,Ranchería,Zapotiltic,Jalisco,,Frio,,,,,,,,,,,,,,,,,,,
49623,Ferrería de Providencia,Ranchería,Zapotiltic,Jalisco,,Frio,,,,,,,,,,,,,,,,,,,
49624,Crucero de Villa,Zona industrial,Zapotiltic,Jalisco,,Tibio,,,,,,,,,,,,,,,,,,,
49635,El Coahuayote (El Arco),Ranchería,Zapotiltic,Jalisco,,Frio,,,,,,,,,,,,,,,,,,,
49638,San José de la Tinaja,Ranchería,Zapotiltic,Jalisco,,Frio,,,,,,,,,,,,,,,,,,,
49639,San Rafael,Ranchería,Zapotiltic,Jalisco,,Frio,,,,,,,,,,,,,,,,,,,
49640,Tasinaxtla (La Cañada),Ranchería,Zapotiltic,Jalisco,,Frio,,,,,,,,,,,,,,,,,,,
49640,Villa Lázaro Cárdenas (El Aserradero),Ranchería,Zapotiltic,Jalisco,,Frio,,,,,,,,,,,,,,,,,,,
49642,El Mastranzo,Rancho,Zapotiltic,Jalisco,,Frio,,,,,,,,,,,,,,,,,,,
49647,Coamecatila,Ranchería,Zapotiltic,Jalisco,,Frio,,,,,,,,,,,,,,,,,,,
49650,Tamazula de Gordiano Centro,Colonia,Tamazula de Gordiano,Jalisco,Tamazula de Gordiano,Caliente,,,,,,,,,,,,,,,,,,,
49652,La Estancia,Colonia,Tamazula de Gordiano,Jalisco,Tamazula de Gordiano,Tibio,,,,,,,,,,,,,,,,,,,
49652,San Antonio,Colonia,Tamazula de Gordiano,Jalisco,Tamazula de Gordiano,Tibio,,,,,,,,,,,,,,,,,,,
49652,Los Cantores,Fraccionamiento,Tamazula de Gordiano,Jalisco,Tamazula de Gordiano,Caliente,,,,,,,,,,,,,,,,,,,
49652,Jardines del Sagrario,Colonia,Tamazula de Gordiano,Jalisco,Tamazula de Gordiano,Caliente,,,,,,,,,,,,,,,,,,,
49652,San Antonio Cantores,Colonia,Tamazula de Gordiano,Jalisco,Tamazula de Gordiano,Tibio,,,,,,,,,,,,,,,,,,,
49653,Agua Caliente,Colonia,Tamazula de Gordiano,Jalisco,Tamazula de Gordiano,Tibio,,,,,,,,,,,,,,,,,,,
49653,Benito Juárez,Colonia,Tamazula de Gordiano,Jalisco,Tamazula de Gordiano,Tibio,,,,,,,,,,,,,,,,,,,
49653,Las Clavelinas,Colonia,Tamazula de Gordiano,Jalisco,Tamazula de Gordiano,Tibio,,,,,,,,,,,,,,,,,,,
49653,Las Margaritas,Colonia,Tamazula de Gordiano,Jalisco,Tamazula de Gordiano,Tibio,,,,,,,,,,,,,,,,,,,
49653,Loma Bonita,Colonia,Tamazula de Gordiano,Jalisco,Tamazula de Gordiano,Tibio,,,,,,,,,,,,,,,,,,,
49653,Magisterial,Colonia,Tamazula de Gordiano,Jalisco,Tamazula de Gordiano,Tibio,,,,,,,,,,,,,,,,,,,
49653,Los Parajes,Colonia,Tamazula de Gordiano,Jalisco,Tamazula de Gordiano,Tibio,,,,,,,,,,,,,,,,,,,
49654,Bugambilias,Colonia,Tamazula de Gordiano,Jalisco,Tamazula de Gordiano,Caliente,,,,,,,,,,,,,,,,,,,
49654,Lomas del Valle,Colonia,Tamazula de Gordiano,Jalisco,Tamazula de Gordiano,Caliente,,,,,,,,,,,,,,,,,,,
49654,Naranjitos,Colonia,Tamazula de Gordiano,Jalisco,Tamazula de Gordiano,Tibio,,,,,,,,,,,,,,,,,,,
49654,Callejones,Colonia,Tamazula de Gordiano,Jalisco,Tamazula de Gordiano,Tibio,,,,,,,,,,,,,,,,,,,
49654,El Crucero,Colonia,Tamazula de Gordiano,Jalisco,Tamazula de Gordiano,Tibio,,,,,,,,,,,,,,,,,,,
49655,San Francisco,Ranchería,Tamazula de Gordiano,Jalisco,,Frio,,,,,,,,,,,,,,,,,,,
49655,San Juan Bosco,Colonia,Tamazula de Gordiano,Jalisco,,Tibio,,,,,,,,,,,,,,,,,,,
49655,Soyatlan de Afuera,Ejido,Tamazula de Gordiano,Jalisco,,Frio,,,,,,,,,,,,,,,,,,,
49655,Agua Salada,Ranchería,Tamazula de Gordiano,Jalisco,,Frio,,,,,,,,,,,,,,,,,,,
49655,Paso de Ganado,Ranchería,Tamazula de Gordiano,Jalisco,,Frio,,,,,,,,,,,,,,,,,,,
49656,Arroyo Hondo,Ranchería,Tamazula de Gordiano,Jalisco,,Frio,,,,,,,,,,,,,,,,,,,
49656,Las Vallas,Ranchería,Tamazula de Gordiano,Jalisco,,Frio,,,,,,,,,,,,,,,,,,,
49657,Vista Hermosa (Santa Cruz del Cortijo),Pueblo,Tamazula de Gordiano,Jalisco,,Tibio,,,,,,,,,,,,,,,,,,,
49658,Soyatlán de Adentro (La Hacienda),Ranchería,Tamazula de Gordiano,Jalisco,,Frio,,,,,,,,,,,,,,,,,,,
49659,La Alberca,Ranchería,Tamazula de Gordiano,Jalisco,,Frio,,,,,,,,,,,,,,,,,,,
49660,Villa de Contla,Pueblo,Tamazula de Gordiano,Jalisco,,Tibio,,,,,,,,,,,,,,,,,,,
49663,El Veladero,Ranchería,Tamazula de Gordiano,Jalisco,,Frio,,,,,,,,,,,,,,,,,,,
49664,La Joya del Salto (Cañada del Salto),Ejido,Tamazula de Gordiano,Jalisco,,Frio,,,,,,,,,,,,,,,,,,,
49665,El Pitahayo,Pueblo,Tamazula de Gordiano,Jalisco,,Tibio,,,,,,,,,,,,,,,,,,,
49667,Cuesta de San Lázaro,Colonia,Tamazula de Gordiano,Jalisco,,Tibio,,,,,,,,,,,,,,,,,,,
49667,La Garita,Ejido,Tamazula de Gordiano,Jalisco,,Frio,,,,,,,,,,,,,,,,,,,
49670,El Tulillo,Ejido,Tamazula de Gordiano,Jalisco,,Frio,,,,,,,,,,,,,,,,,,,
49675,San Vicente,Ranchería,Tamazula de Gordiano,Jalisco,,Frio,,,,,,,,,,,,,,,,,,,
49675,La Yerbabuena,Ranchería,Tamazula de Gordiano,Jalisco,,Frio,,,,,,,,,,,,,,,,,,,
49676,Morelos (Santa Rosa),Ejido,Tamazula de Gordiano,Jalisco,,Tibio,,,,,,,,,,,,,,,,,,,
49677,El Taray,Ejido,Tamazula de Gordiano,Jalisco,,Frio,,,,,,,,,,,,,,,,,,,
49677,Cofradía de Abajo,Ranchería,Tamazula de Gordiano,Jalisco,,Frio,,,,,,,,,,,,,,,,,,,
49678,El Rodeo,Ranchería,Tamazula de Gordiano,Jalisco,,Frio,,,,,,,,,,,,,,,,,,,
49678,Higueras San Miguel,Ranchería,Tamazula de Gordiano,Jalisco,,Frio,,,,,,,,,,,,,,,,,,,
49678,La Rosa,Ejido,Tamazula de Gordiano,Jalisco,,Frio,,,,,,,,,,,,,,,,,,,
49680,Joya de Santa Ana (Santana),Ranchería,Tamazula de Gordiano,Jalisco,,Frio,,,,,,,,,,,,,,,,,,,
49685,Los Rusios (Rusios de Abajo),Ranchería,Tamazula de Gordiano,Jalisco,,Frio,,,,,,,,,,,,,,,,,,,
49687,Los Gatos (Rancho del Padre),Ranchería,Tamazula de Gordiano,Jalisco,,Frio,,,,,,,,,,,,,,,,,,,
49690,Nigromante (San Juan de la Montaña),Pueblo,Tamazula de Gordiano,Jalisco,,Tibio,,,,,,,,,,,,,,,,,,,
49700,San Antonio,Hacienda,San Gabriel,Jalisco,,Tibio,,,,,,,,,,,,,,,,,,,
49700,San Gabriel,Pueblo,San Gabriel,Jalisco,,Tibio,,,,,,,,,,,,,,,,,,,
49700,San Jose Del Rincón,Hacienda,San Gabriel,Jalisco,,Tibio,,,,,,,,,,,,,,,,,,,
49705,Jiquilpan,Pueblo,San Gabriel,Jalisco,,Tibio,,,,,,,,,,,,,,,,,,,
49710,Ojo de Agua de Apango,Colonia,San Gabriel,Jalisco,,Tibio,,,,,,,,,,,,,,,,,,,
49710,Apango,Pueblo,San Gabriel,Jalisco,,Tibio,,,,,,,,,,,,,,,,,,,
49714,La Guadalupe,Hacienda,San Gabriel,Jalisco,,Tibio,,,,,,,,,,,,,,,,,,,
49720,Totolimixpa,Pueblo,San Gabriel,Jalisco,,Tibio,,,,,,,,,,,,,,,,,,,
49728,Las Primaveras,Colonia,San Gabriel,Jalisco,,Tibio,,,,,,,,,,,,,,,,,,,
49728,La Croix,Hacienda,San Gabriel,Jalisco,,Tibio,,,,,,,,,,,,,,,,,,,
49730,Alista,Pueblo,San Gabriel,Jalisco,,Tibio,,,,,,,,,,,,,,,,,,,
49735,San Isidro,Colonia,San Gabriel,Jalisco,,Tibio,,,,,,,,,,,,,,,,,,,
49738,El Tepozal,Ranchería,San Gabriel,Jalisco,,Frio,,,,,,,,,,,,,,,,,,,
49738,Jahuiques,Ranchería,San Gabriel,Jalisco,,Frio,,,,,,,,,,,,,,,,,,,
49740,El Jazmín,Colonia,San Gabriel,Jalisco,,Tibio,,,,,,,,,,,,,,,,,,,
49744,Los Garcia,Congregación,San Gabriel,Jalisco,,Tibio,,,,,,,,,,,,,,,,,,,
49750,Toliman,Pueblo,Tolimán,Jalisco,,Tibio,,,,,,,,,,,,,,,,,,,
49754,Toxín,Ranchería,Tolimán,Jalisco,,Frio,,,,,,,,,,,,,,,,,,,
49755,El Rodeo,Ranchería,Tolimán,Jalisco,,Frio,,,,,,,,,,,,,,,,,,,
49756,Teutlán,Colonia,Tolimán,Jalisco,,Tibio,,,,,,,,,,,,,,,,,,,
49757,Pueblo Viejo,Colonia,Tolimán,Jalisco,,Tibio,,,,,,,,,,,,,,,,,,,
49757,San Pedro Toxin,Ranchería,Tolimán,Jalisco,,Frio,,,,,,,,,,,,,,,,,,,
49758,El Paso Real,Ranchería,Tolimán,Jalisco,,Frio,,,,,,,,,,,,,,,,,,,
49759,Cuauhtémoc,Ranchería,Tolimán,Jalisco,,Frio,,,,,,,,,,,,,,,,,,,
49760,Copala,Pueblo,Tolimán,Jalisco,,Tibio,,,,,,,,,,,,,,,,,,,
49764,La Parota (Loma de San Antonio),Colonia,Tolimán,Jalisco,,Tibio,,,,,,,,,,,,,,,,,,,
49764,Las Canoas,Ranchería,Tolimán,Jalisco,,Frio,,,,,,,,,,,,,,,,,,,
49765,Santa Elena de la Cruz,Colonia,Tolimán,Jalisco,,Tibio,,,,,,,,,,,,,,,,,,,
49767,Huisichi,Ranchería,Tolimán,Jalisco,,Frio,,,,,,,,,,,,,,,,,,,
49769,Puerta Del Petacal,Ranchería,Tolimán,Jalisco,,Frio,,,,,,,,,,,,,,,,,,,
49770,Nuevo Progreso,Colonia,Zapotitlán de Vadillo,Jalisco,,Tibio,,,,,,,,,,,,,,,,,,,
49770,Zapotitlán de Vadillo,Pueblo,Zapotitlán de Vadillo,Jalisco,,Tibio,,,,,,,,,,,,,,,,,,,
49775,Loma de Perempitz,Ranchería,Zapotitlán de Vadillo,Jalisco,,Frio,,,,,,,,,,,,,,,,,,,
49779,Telcruz,Ranchería,Zapotitlán de Vadillo,Jalisco,,Frio,,,,,,,,,,,,,,,,,,,
49780,El Tecuán,Colonia,Zapotitlán de Vadillo,Jalisco,,Tibio,,,,,,,,,,,,,,,,,,,
49780,San Jose del Carmen,Pueblo,Zapotitlán de Vadillo,Jalisco,,Tibio,,,,,,,,,,,,,,,,,,,
49783,La Cruz,Ranchería,Zapotitlán de Vadillo,Jalisco,,Frio,,,,,,,,,,,,,,,,,,,
49784,Mazatán,Pueblo,Zapotitlán de Vadillo,Jalisco,,Tibio,,,,,,,,,,,,,,,,,,,
49786,Tetapán,Pueblo,Zapotitlán de Vadillo,Jalisco,,Tibio,,,,,,,,,,,,,,,,,,,
49789,Huitzometl (La Providencia),Ranchería,Zapotitlán de Vadillo,Jalisco,,Frio,,,,,,,,,,,,,,,,,,,
49800,El Roble,Colonia,Tuxpan,Jalisco,Tuxpan,Tibio,,,,,,,,,,,,,,,,,,,
49800,Tuxpan Centro,Colonia,Tuxpan,Jalisco,Tuxpan,Caliente,,,,,,,,,,,,,,,,,,,
49800,Lomas del Norte,Fraccionamiento,Tuxpan,Jalisco,Tuxpan,Caliente,,,,,,,,,,,,,,,,,,,
49804,Tierras Blancas,Fraccionamiento,Tuxpan,Jalisco,Tuxpan,Caliente,,,,,,,,,,,,,,,,,,,
49804,San Cristobal de la Esperanza,Fraccionamiento,Tuxpan,Jalisco,Tuxpan,Caliente,,,,,,,,,,,,,,,,,,,
49804,Camino Real,Fraccionamiento,Tuxpan,Jalisco,Tuxpan,Caliente,,,,,,,,,,,,,,,,,,,
49804,Señor del Perdón,Fraccionamiento,Tuxpan,Jalisco,Tuxpan,Caliente,,,,,,,,,,,,,,,,,,,
49805,Veintiuno de Marzo,Colonia,Tuxpan,Jalisco,Tuxpan,Tibio,,,,,,,,,,,,,,,,,,,
49805,Palmita,Colonia,Tuxpan,Jalisco,Tuxpan,Tibio,,,,,,,,,,,,,,,,,,,
49805,Magisterial,Colonia,Tuxpan,Jalisco,Tuxpan,Tibio,,,,,,,,,,,,,,,,,,,
49805,Vista Hermosa,Colonia,Tuxpan,Jalisco,Tuxpan,Tibio,,,,,,,,,,,,,,,,,,,
49805,Paso Blanco,Colonia,Tuxpan,Jalisco,Tuxpan,Tibio,,,,,,,,,,,,,,,,,,,
49806,Rosendo G. Castro,Colonia,Tuxpan,Jalisco,Tuxpan,Tibio,,,,,,,,,,,,,,,,,,,
49806,Miguel Hidalgo,Colonia,Tuxpan,Jalisco,Tuxpan,Tibio,,,,,,,,,,,,,,,,,,,
49806,Santiago,Colonia,Tuxpan,Jalisco,Tuxpan,Tibio,,,,,,,,,,,,,,,,,,,
49806,Camichines,Colonia,Tuxpan,Jalisco,Tuxpan,Tibio,,,,,,,,,,,,,,,,,,,
49807,Paseo del Chanchame,Colonia,Tuxpan,Jalisco,Tuxpan,Tibio,,,,,,,,,,,,,,,,,,,
49807,Tierra Blanca,Colonia,Tuxpan,Jalisco,Tuxpan,Tibio,,,,,,,,,,,,,,,,,,,
49808,Benito Juárez,Colonia,Tuxpan,Jalisco,Tuxpan,Tibio,,,,,,,,,,,,,,,,,,,
49808,Tochtli,Colonia,Tuxpan,Jalisco,Tuxpan,Tibio,,,,,,,,,,,,,,,,,,,
49808,Valle Verde,Colonia,Tuxpan,Jalisco,Tuxpan,Caliente,,,,,,,,,,,,,,,,,,,
49808,Tizatirla,Colonia,Tuxpan,Jalisco,Tuxpan,Tibio,,,,,,,,,,,,,,,,,,,
49808,Jalisco,Colonia,Tuxpan,Jalisco,Tuxpan,Tibio,,,,,,,,,,,,,,,,,,,
49808,Arboledas,Fraccionamiento,Tuxpan,Jalisco,Tuxpan,Caliente,,,,,,,,,,,,,,,,,,,
49808,San Isidro,Colonia,Tuxpan,Jalisco,Tuxpan,Tibio,,,,,,,,,,,,,,,,,,,
49808,Talpita,Colonia,Tuxpan,Jalisco,Tuxpan,Tibio,,,,,,,,,,,,,,,,,,,
49810,Floresta,Colonia,Tuxpan,Jalisco,Tuxpan,Tibio,,,,,,,,,,,,,,,,,,,
49815,Lázaro Cárdenas,Colonia,Tuxpan,Jalisco,Tuxpan,Tibio,,,,,,,,,,,,,,,,,,,
49815,La Cajita,Fraccionamiento,Tuxpan,Jalisco,Tuxpan,Caliente,,,,,,,,,,,,,,,,,,,
49816,La Curva,Colonia,Tuxpan,Jalisco,Tuxpan,Tibio,,,,,,,,,,,,,,,,,,,
49816,Ferrocarril,Colonia,Tuxpan,Jalisco,Tuxpan,Tibio,,,,,,,,,,,,,,,,,,,
49817,Rinconada de los Arcos,Fraccionamiento,Tuxpan,Jalisco,Tuxpan,Caliente,,,,,,,,,,,,,,,,,,,
49817,El Triángulo,Colonia,Tuxpan,Jalisco,Tuxpan,Tibio,,,,,,,,,,,,,,,,,,,
49817,Cihuapilli,Colonia,Tuxpan,Jalisco,Tuxpan,Tibio,,,,,,,,,,,,,,,,,,,
49817,Vistas de la Floresta,Fraccionamiento,Tuxpan,Jalisco,Tuxpan,Caliente,,,,,,,,,,,,,,,,,,,
49817,Rinconada Bugambilias,Fraccionamiento,Tuxpan,Jalisco,Tuxpan,Caliente,,,,,,,,,,,,,,,,,,,
49820,Agosto,Colonia,Tuxpan,Jalisco,,Tibio,,,,,,,,,,,,,,,,,,,
49820,Atenquique,Pueblo,Tuxpan,Jalisco,,Tibio,,,,,,,,,,,,,,,,,,,
49825,Las Canoas,Pueblo,Tuxpan,Jalisco,,Tibio,,,,,,,,,,,,,,,,,,,
49825,Los Mazos,Ejido,Tuxpan,Jalisco,,Frio,,,,,,,,,,,,,,,,,,,
49828,San Juan Espanatica,Ranchería,Tuxpan,Jalisco,,Frio,,,,,,,,,,,,,,,,,,,
49829,Los Laureles,Ranchería,Tuxpan,Jalisco,,Frio,,,,,,,,,,,,,,,,,,,
49830,Platanar,Pueblo,Tuxpan,Jalisco,,Tibio,,,,,,,,,,,,,,,,,,,
49834,La Higuera,Hacienda,Tuxpan,Jalisco,,Tibio,,,,,,,,,,,,,,,,,,,
49835,Veintiuno de Noviembre,Ejido,Tuxpan,Jalisco,,Frio,,,,,,,,,,,,,,,,,,,
49836,Buen País,Congregación,Tuxpan,Jalisco,,Tibio,,,,,,,,,,,,,,,,,,,
49837,Padilla,Ejido,Tuxpan,Jalisco,,Frio,,,,,,,,,,,,,,,,,,,
49840,Tonila,Pueblo,Tonila,Jalisco,,Tibio,,,,,,,,,,,,,,,,,,,
49848,La Cofradia,Ranchería,Tonila,Jalisco,,Frio,,,,,,,,,,,,,,,,,,,
49850,San Marcos,Pueblo,Tonila,Jalisco,,Tibio,,,,,,,,,,,,,,,,,,,
49867,La Esperanza,Ranchería,Tonila,Jalisco,,Frio,,,,,,,,,,,,,,,,,,,
49869,Tenexcamilpa,Ranchería,Tonila,Jalisco,,Frio,,,,,,,,,,,,,,,,,,,
49870,Pihuamo,Colonia,Pihuamo,Jalisco,,Tibio,,,,,,,,,,,,,,,,,,,
49870,Las Encinas,Colonia,Pihuamo,Jalisco,,Tibio,,,,,,,,,,,,,,,,,,,
49870,La Lagunilla,Colonia,Pihuamo,Jalisco,,Tibio,,,,,,,,,,,,,,,,,,,
49870,La Pareja,Colonia,Pihuamo,Jalisco,,Tibio,,,,,,,,,,,,,,,,,,,
49870,Olinka,Colonia,Pihuamo,Jalisco,,Tibio,,,,,,,,,,,,,,,,,,,
49870,Los Manguitos,Colonia,Pihuamo,Jalisco,,Tibio,,,,,,,,,,,,,,,,,,,
49870,Colorados,Colonia,Pihuamo,Jalisco,,Tibio,,,,,,,,,,,,,,,,,,,
49870,El Rastro,Colonia,Pihuamo,Jalisco,,Tibio,,,,,,,,,,,,,,,,,,,
49870,La Gallinita,Colonia,Pihuamo,Jalisco,,Tibio,,,,,,,,,,,,,,,,,,,
49870,Loma Bonita,Colonia,Pihuamo,Jalisco,,Tibio,,,,,,,,,,,,,,,,,,,
49870,Magisterial,Colonia,Pihuamo,Jalisco,,Tibio,,,,,,,,,,,,,,,,,,,
49870,Plutarco Elías Calles,Colonia,Pihuamo,Jalisco,,Tibio,,,,,,,,,,,,,,,,,,,
49873,San José del Tule,Pueblo,Pihuamo,Jalisco,,Tibio,,,,,,,,,,,,,,,,,,,
49873,El Añil,Rancho,Pihuamo,Jalisco,,Frio,,,,,,,,,,,,,,,,,,,
49873,El Pozo Santo (Crucero del Tule),Colonia,Pihuamo,Jalisco,,Tibio,,,,,,,,,,,,,,,,,,,
49873,La Estancia,Colonia,Pihuamo,Jalisco,,Tibio,,,,,,,,,,,,,,,,,,,
49873,La Mesa,Rancho,Pihuamo,Jalisco,,Frio,,,,,,,,,,,,,,,,,,,
49873,La Paz,Rancho,Pihuamo,Jalisco,,Frio,,,,,,,,,,,,,,,,,,,
49873,Las Milpas,Rancho,Pihuamo,Jalisco,,Frio,,,,,,,,,,,,,,,,,,,
49873,Santa Rosa de Lima,Ranchería,Pihuamo,Jalisco,,Frio,,,,,,,,,,,,,,,,,,,
49874,El Frijol,Congregación,Pihuamo,Jalisco,,Frio,,,,,,,,,,,,,,,,,,,
49874,El Guayabo,Congregación,Pihuamo,Jalisco,,Frio,,,,,,,,,,,,,,,,,,,
49874,El Librillo,Congregación,Pihuamo,Jalisco,,Frio,,,,,,,,,,,,,,,,,,,
49874,Puerto de Ortiz,Congregación,Pihuamo,Jalisco,,Frio,,,,,,,,,,,,,,,,,,,
49875,Santa Cruz,Ranchería,Pihuamo,Jalisco,,Frio,,,,,,,,,,,,,,,,,,,
49875,El Galán,Ranchería,Pihuamo,Jalisco,,Frio,,,,,,,,,,,,,,,,,,,
49875,El Órgano,Congregación,Pihuamo,Jalisco,,Frio,,,,,,,,,,,,,,,,,,,
49876,La Estrella,Colonia,Pihuamo,Jalisco,,Tibio,,,,,,,,,,,,,,,,,,,
49876,Crucero de Taxinastla,Rancho,Pihuamo,Jalisco,,Frio,,,,,,,,,,,,,,,,,,,
49876,Crucero del Naranjo,Colonia,Pihuamo,Jalisco,,Frio,,,,,,,,,,,,,,,,,,,
49876,Cuastecomates (Jesús Mendoza),Rancho,Pihuamo,Jalisco,,Frio,,,,,,,,,,,,,,,,,,,
49876,El Balastre (Crucero de Balastre),Colonia,Pihuamo,Jalisco,,Frio,,,,,,,,,,,,,,,,,,,
49876,El Chilar,Congregación,Pihuamo,Jalisco,,Frio,,,,,,,,,,,,,,,,,,,
49876,El Espino,Ranchería,Pihuamo,Jalisco,,Frio,,,,,,,,,,,,,,,,,,,
49876,El Espino (Florencio Pérez),Rancho,Pihuamo,Jalisco,,Frio,,,,,,,,,,,,,,,,,,,
49876,El Naranjito,Congregación,Pihuamo,Jalisco,,Frio,,,,,,,,,,,,,,,,,,,
49876,El Picacho,Congregación,Pihuamo,Jalisco,,Frio,,,,,,,,,,,,,,,,,,,
49876,Huizaches,Colonia,Pihuamo,Jalisco,,Tibio,,,,,,,,,,,,,,,,,,,
49876,La Guadalupe [La Herradura],Granja,Pihuamo,Jalisco,,Frio,,,,,,,,,,,,,,,,,,,
49876,La Hacienda Vieja,Colonia,Pihuamo,Jalisco,,Tibio,,,,,,,,,,,,,,,,,,,
49876,La Herradura,Rancho,Pihuamo,Jalisco,,Frio,,,,,,,,,,,,,,,,,,,
49876,Las Bugambilias (La Bugambilia),Rancho,Pihuamo,Jalisco,,Tibio,,,,,,,,,,,,,,,,,,,
49876,Piedra Blanca,Ranchería,Pihuamo,Jalisco,,Frio,,,,,,,,,,,,,,,,,,,
49876,Taxinastla,Rancho,Pihuamo,Jalisco,,Frio,,,,,,,,,,,,,,,,,,,
49883,Agua Fría,Congregación,Pihuamo,Jalisco,,Frio,,,,,,,,,,,,,,,,,,,
49883,El Rasguño,Congregación,Pihuamo,Jalisco,,Frio,,,,,,,,,,,,,,,,,,,
49883,El Tepalcate,Congregación,Pihuamo,Jalisco,,Frio,,,,,,,,,,,,,,,,,,,
49883,La Mina,Congregación,Pihuamo,Jalisco,,Frio,,,,,,,,,,,,,,,,,,,
49883,La Tuxpita,Congregación,Pihuamo,Jalisco,,Frio,,,,,,,,,,,,,,,,,,,
49883,Las Parotas,Congregación,Pihuamo,Jalisco,,Frio,,,,,,,,,,,,,,,,,,,
49885,Las Naranjas,Ranchería,Pihuamo,Jalisco,,Frio,,,,,,,,,,,,,,,,,,,
49885,El Agostadero,Ranchería,Pihuamo,Jalisco,,Frio,,,,,,,,,,,,,,,,,,,
49885,El Ranchito (El Vallecito),Congregación,Pihuamo,Jalisco,,Frio,,,,,,,,,,,,,,,,,,,
49885,El Salto,Congregación,Pihuamo,Jalisco,,Frio,,,,,,,,,,,,,,,,,,,
49885,El Vallecito,Congregación,Pihuamo,Jalisco,,Frio,,,,,,,,,,,,,,,,,,,
49885,Guinarera,Congregación,Pihuamo,Jalisco,,Frio,,,,,,,,,,,,,,,,,,,
49885,La Guadalupe,Congregación,Pihuamo,Jalisco,,Frio,,,,,,,,,,,,,,,,,,,
49885,La Guayabilla,Congregación,Pihuamo,Jalisco,,Frio,,,,,,,,,,,,,,,,,,,
49885,La Magdalena,Congregación,Pihuamo,Jalisco,,Frio,,,,,,,,,,,,,,,,,,,
49885,Puerto de Mendoza,Congregación,Pihuamo,Jalisco,,Frio,,,,,,,,,,,,,,,,,,,
49886,El Fortín,Congregación,Pihuamo,Jalisco,,Frio,,,,,,,,,,,,,,,,,,,
49886,El Fresnito,Congregación,Pihuamo,Jalisco,,Frio,,,,,,,,,,,,,,,,,,,
49886,La Peñita,Congregación,Pihuamo,Jalisco,,Frio,,,,,,,,,,,,,,,,,,,
49886,Palo Blanco (Las Uvas),Congregación,Pihuamo,Jalisco,,Frio,,,,,,,,,,,,,,,,,,,
49886,Puente de Fátima,Congregación,Pihuamo,Jalisco,,Frio,,,,,,,,,,,,,,,,,,,
49887,El Capire,Congregación,Pihuamo,Jalisco,,Frio,,,,,,,,,,,,,,,,,,,
49887,El Corral Falso (El Chilillo),Congregación,Pihuamo,Jalisco,,Frio,,,,,,,,,,,,,,,,,,,
49887,El Ojo de Agua del Colomito,Congregación,Pihuamo,Jalisco,,Frio,,,,,,,,,,,,,,,,,,,
49887,La Cañada,Congregación,Pihuamo,Jalisco,,Frio,,,,,,,,,,,,,,,,,,,
49887,Las Cuevas,Congregación,Pihuamo,Jalisco,,Frio,,,,,,,,,,,,,,,,,,,
49887,Pueblo Viejo,Congregación,Pihuamo,Jalisco,,Frio,,,,,,,,,,,,,,,,,,,
49893,El Quemado,Ranchería,Pihuamo,Jalisco,,Frio,,,,,,,,,,,,,,,,,,,
49893,Chantomas,Congregación,Pihuamo,Jalisco,,Frio,,,,,,,,,,,,,,,,,,,
49893,El Guayabillo,Congregación,Pihuamo,Jalisco,,Frio,,,,,,,,,,,,,,,,,,,
49893,Las Iguanas,Congregación,Pihuamo,Jalisco,,Frio,,,,,,,,,,,,,,,,,,,
49894,El Guayabo,Congregación,Pihuamo,Jalisco,,Frio,,,,,,,,,,,,,,,,,,,
49894,Colomos,Ranchería,Pihuamo,Jalisco,,Frio,,,,,,,,,,,,,,,,,,,
49894,El Aguacate,Congregación,Pihuamo,Jalisco,,Frio,,,,,,,,,,,,,,,,,,,
49894,El Limón,Congregación,Pihuamo,Jalisco,,Frio,,,,,,,,,,,,,,,,,,,
49894,El Salitre,Congregación,Pihuamo,Jalisco,,Frio,,,,,,,,,,,,,,,,,,,
49894,El Zapote,Congregación,Pihuamo,Jalisco,,Frio,,,,,,,,,,,,,,,,,,,
49894,Los Chapiles,Congregación,Pihuamo,Jalisco,,Frio,,,,,,,,,,,,,,,,,,,
49894,Los Mojos de Abajo,Congregación,Pihuamo,Jalisco,,Frio,,,,,,,,,,,,,,,,,,,
49894,Los Mojos de Arriba,Congregación,Pihuamo,Jalisco,,Frio,,,,,,,,,,,,,,,,,,,
49894,Sidra de los Colomos (La Sidra),Ranchería,Pihuamo,Jalisco,,Frio,,,,,,,,,,,,,,,,,,,
49895,Barreras,Congregación,Pihuamo,Jalisco,,Frio,,,,,,,,,,,,,,,,,,,
49896,Lázaro Cárdenas (Agua Escondida),Ranchería,Pihuamo,Jalisco,,Frio,,,,,,,,,,,,,,,,,,,
49896,El Platanar,Congregación,Pihuamo,Jalisco,,Frio,,,,,,,,,,,,,,,,,,,
49897,El Naranjo,Congregación,Pihuamo,Jalisco,,Frio,,,,,,,,,,,,,,,,,,,
49897,El Fresnal,Pueblo,Pihuamo,Jalisco,,Tibio,,,,,,,,,,,,,,,,,,,
49897,La Travesía,Colonia,Pihuamo,Jalisco,,Tibio,,,,,,,,,,,,,,,,,,,
49897,Las Uvas,Congregación,Pihuamo,Jalisco,,Frio,,,,,,,,,,,,,,,,,,,
49900,La Campana,Colonia,Tecalitlán,Jalisco,Tecalitlán,Tibio,,,,,,,,,,,,,,,,,,,
49900,Real de Minas,Fraccionamiento,Tecalitlán,Jalisco,Tecalitlán,Caliente,,,,,,,,,,,,,,,,,,,
49900,Tejería,Colonia,Tecalitlán,Jalisco,Tecalitlán,Tibio,,,,,,,,,,,,,,,,,,,
49900,Tecalitlán Centro,Colonia,Tecalitlán,Jalisco,Tecalitlán,Caliente,,,,,,,,,,,,,,,,,,,
49900,Lázaro Cárdenas,Colonia,Tecalitlán,Jalisco,Tecalitlán,Tibio,,,,,,,,,,,,,,,,,,,
49900,Emiliano Zapata,Colonia,Tecalitlán,Jalisco,Tecalitlán,Tibio,,,,,,,,,,,,,,,,,,,
49900,Ejidal,Colonia,Tecalitlán,Jalisco,Tecalitlán,Tibio,,,,,,,,,,,,,,,,,,,
49900,Revolución Mexicana,Colonia,Tecalitlán,Jalisco,Tecalitlán,Tibio,,,,,,,,,,,,,,,,,,,
49900,Sagrado Corazón,Colonia,Tecalitlán,Jalisco,Tecalitlán,Tibio,,,,,,,,,,,,,,,,,,,
49900,Eduardo Romero,Colonia,Tecalitlán,Jalisco,Tecalitlán,Tibio,,,,,,,,,,,,,,,,,,,
49900,El Porvenir,Colonia,Tecalitlán,Jalisco,Tecalitlán,Tibio,,,,,,,,,,,,,,,,,,,
49910,El Casaco (Platanitos),Rancho,Tecalitlán,Jalisco,,Frio,,,,,,,,,,,,,,,,,,,
49910,Acueducto,Fraccionamiento,Tecalitlán,Jalisco,,Tibio,,,,,,,,,,,,,,,,,,,
49910,La Purísima,Ranchería,Tecalitlán,Jalisco,,Frio,,,,,,,,,,,,,,,,,,,
49910,Miseria y Ánimas,Pueblo,Tecalitlán,Jalisco,,Tibio,,,,,,,,,,,,,,,,,,,
49920,Santiago,Hacienda,Tecalitlán,Jalisco,,Tibio,,,,,,,,,,,,,,,,,,,
49924,La Mesita,Ranchería,Tecalitlán,Jalisco,,Frio,,,,,,,,,,,,,,,,,,,
49925,El Chayote,Ranchería,Tecalitlán,Jalisco,,Frio,,,,,,,,,,,,,,,,,,,
49940,Ahuijullo,Pueblo,Tecalitlán,Jalisco,,Tibio,,,,,,,,,,,,,,,,,,,
49943,Lajita,Ranchería,Tecalitlán,Jalisco,,Frio,,,,,,,,,,,,,,,,,,,
49950,Lomas Altas,Colonia,Jilotlán de los Dolores,Jalisco,,Tibio,,,,,,,,,,,,,,,,,,,
49950,Jilotlan de los Dolores,Pueblo,Jilotlán de los Dolores,Jalisco,,Tibio,,,,,,,,,,,,,,,,,,,
49952,Las Higuerillas,Ranchería,Jilotlán de los Dolores,Jalisco,,Frio,,,,,,,,,,,,,,,,,,,
49953,Soyatal,Ranchería,Jilotlán de los Dolores,Jalisco,,Frio,,,,,,,,,,,,,,,,,,,
49953,El Empedrado,Ranchería,Jilotlán de los Dolores,Jalisco,,Frio,,,,,,,,,,,,,,,,,,,
49953,El Maríz,Rancho,Jilotlán de los Dolores,Jalisco,,Frio,,,,,,,,,,,,,,,,,,,
49953,Salatito Uno (Santa Inés),Ranchería,Jilotlán de los Dolores,Jalisco,,Frio,,,,,,,,,,,,,,,,,,,
49955,Villa Doctor Gómez (Las Lomas),Pueblo,Jilotlán de los Dolores,Jalisco,,Tibio,,,,,,,,,,,,,,,,,,,
49956,Atravesaño y Anexas,Congregación,Jilotlán de los Dolores,Jalisco,,Frio,,,,,,,,,,,,,,,,,,,
49957,Tachinola,Hacienda,Jilotlán de los Dolores,Jalisco,,Tibio,,,,,,,,,,,,,,,,,,,
49959,Tazumbos,Congregación,Jilotlán de los Dolores,Jalisco,,Frio,,,,,,,,,,,,,,,,,,,
49960,Huichitila,Colonia,Jilotlán de los Dolores,Jalisco,,Tibio,,,,,,,,,,,,,,,,,,,
49960,San Francisco,Colonia,Jilotlán de los Dolores,Jalisco,,Tibio,,,,,,,,,,,,,,,,,,,
49960,Canchol,Colonia,Jilotlán de los Dolores,Jalisco,,Tibio,,,,,,,,,,,,,,,,,,,
49960,El Limón (La Limonera),Rancho,Jilotlán de los Dolores,Jalisco,,Frio,,,,,,,,,,,,,,,,,,,
49968,Corongoros,Congregación,Jilotlán de los Dolores,Jalisco,,Frio,,,,,,,,,,,,,,,,,,,
49968,Los Olivos,Ranchería,Jilotlán de los Dolores,Jalisco,,Frio,,,,,,,,,,,,,,,,,,,
49970,Los Arreguines (Tío Arreguín),Colonia,Santa María del Oro,Jalisco,,Tibio,,,,,,,,,,,,,,,,,,,
49970,Santa Maria Del Oro,Pueblo,Santa María del Oro,Jalisco,,Tibio,,,,,,,,,,,,,,,,,,,
49977,La Aurora,Ranchería,Santa María del Oro,Jalisco,,Frio,,,,,,,,,,,,,,,,,,,
49979,El Tepeguaje,Ranchería,Santa María del Oro,Jalisco,,Frio,,,,,,,,,,,,,,,,,,,
49990,Villa Morelos (El Carrizo),Ranchería,Santa María del Oro,Jalisco,,Frio,,,,,,,,,,,,,,,,,,,
49990,Los Plátanos,Colonia,Santa María del Oro,Jalisco,,Tibio,,,,,,,,,,,,,,,,,,,
49994,Zipoco,Ranchería,Santa María del Oro,Jalisco,,Frio,,,,,,,,,,,,,,,,,,,
49994,Las Parotas,Ranchería,Santa María del Oro,Jalisco,,Frio,,,,,,,,,,,,,,,,,,,
49996,Abasolo (La Otra Casa),Ranchería,Santa María del Oro,Jalisco,,Frio,,,,,,,,,,,,,,,,,,,
